solid OpenSCAD_Model
  facet normal 0 0 -1
    outer loop
      vertex -29.621320343559642 -15.621320343559642 0
      vertex -29.755519422436933 -15.478037445300206 0
      vertex -29.478037445300206 -15.755519422436933 0
    endloop
  endfacet
  facet normal 0 0 -1
    outer loop
      vertex -29.166710699058807 -15.994408836907635 0
      vertex -28.826866070657005 -16.190618224598065 0
      vertex -29 -16.098076211353316 0
    endloop
  endfacet
  facet normal 0 0 -1
    outer loop
      vertex -29.166710699058807 -15.994408836907635 0
      vertex -29.326284287026162 -15.880060020873707 0
      vertex -29.478037445300206 -15.755519422436933 0
    endloop
  endfacet
  facet normal 0 0 -1
    outer loop
      vertex -29.166710699058807 -15.994408836907635 0
      vertex -29.478037445300206 -15.755519422436933 0
      vertex -28.826866070657005 -16.190618224598065 0
    endloop
  endfacet
  facet normal 0 0 -1
    outer loop
      vertex -28.826866070657005 -16.190618224598065 0
      vertex -29.478037445300206 -15.755519422436933 0
      vertex -29.994408836907635 -15.166710699058807 0
    endloop
  endfacet
  facet normal -0.7298640726978315 -0.6835923020228756 0
    outer loop
      vertex -29.621320343559642 -15.621320343559642 0
      vertex -29.755519422436933 -15.478037445300206 2.8476728910773366
      vertex -29.755519422436933 -15.478037445300206 0
    endloop
  endfacet
  facet normal -0.47139673682600014 -0.8819212643483537 0
    outer loop
      vertex -29 -16.098076211353316 0
      vertex -28.826866070657005 -16.190618224598065 0
      vertex -29 -16.098076211353316 2.949890381485798
    endloop
  endfacet
  facet normal -0.5280678506503702 -0.8492021815265774 0
    outer loop
      vertex -29.166710699058807 -15.994408836907635 0
      vertex -29 -16.098076211353316 0
      vertex -29.166710699058807 -15.994408836907635 2.9320770686190625
    endloop
  endfacet
  facet normal -0.41270702980438595 -0.9108638249211798 0
    outer loop
      vertex -28.64805029709527 -16.271638597533858 0
      vertex -28.826866070657005 -16.190618224598065 2.9657920076633766
      vertex -28.826866070657005 -16.190618224598065 0
    endloop
  endfacet
  facet normal -0.6343932841636483 -0.7730104533627348 0
    outer loop
      vertex -29.478037445300206 -15.755519422436933 0
      vertex -29.326284287026162 -15.880060020873707 0
      vertex -29.478037445300206 -15.755519422436933 2.892863700714484
    endloop
  endfacet
  facet normal -0.5824776968677962 -0.8128466845916195 0
    outer loop
      vertex -29.166710699058807 -15.994408836907635 0
      vertex -29.326284287026162 -15.880060020873707 2.91314642514267
      vertex -29.326284287026162 -15.880060020873707 0
    endloop
  endfacet
  facet normal -0.6835923020228756 -0.7298640726978316 0
    outer loop
      vertex -29.621320343559642 -15.621320343559642 0
      vertex -29.478037445300206 -15.755519422436933 0
      vertex -29.621320343559642 -15.621320343559642 2.871007992860579
    endloop
  endfacet
  facet normal 0 0 -1
    outer loop
      vertex -30.098076211353316 -15 0
      vertex -30.190618224598065 -14.826866070657005 0
      vertex -29.994408836907635 -15.166710699058807 0
    endloop
  endfacet
  facet normal 0 0 -1
    outer loop
      vertex -29.755519422436933 -15.478037445300206 0
      vertex -29.880060020873707 -15.326284287026162 0
      vertex -29.994408836907635 -15.166710699058807 0
    endloop
  endfacet
  facet normal 0 0 -1
    outer loop
      vertex -29.755519422436933 -15.478037445300206 0
      vertex -29.994408836907635 -15.166710699058807 0
      vertex -29.478037445300206 -15.755519422436933 0
    endloop
  endfacet
  facet normal 0 0 -1
    outer loop
      vertex -28.826866070657005 -16.190618224598065 0
      vertex -29.994408836907635 -15.166710699058807 0
      vertex -30.49357676971581 -13.696209387690429 0
    endloop
  endfacet
  facet normal 0 0 -1
    outer loop
      vertex -29.994408836907635 -15.166710699058807 0
      vertex -30.190618224598065 -14.826866070657005 0
      vertex -30.340790388485317 -14.464318395909485 0
    endloop
  endfacet
  facet normal 0 0 -1
    outer loop
      vertex -30.190618224598065 -14.826866070657005 0
      vertex -30.271638597533858 -14.648050297095269 0
      vertex -30.340790388485317 -14.464318395909485 0
    endloop
  endfacet
  facet normal 0 0 -1
    outer loop
      vertex -29.994408836907635 -15.166710699058807 0
      vertex -30.340790388485317 -14.464318395909485 0
      vertex -30.49357676971581 -13.696209387690429 0
    endloop
  endfacet
  facet normal -0.7730104533627348 -0.6343932841636483 0
    outer loop
      vertex -29.755519422436933 -15.478037445300206 0
      vertex -29.880060020873707 -15.326284287026162 2.822958319853062
      vertex -29.880060020873707 -15.326284287026162 0
    endloop
  endfacet
  facet normal -0.8128466845916195 -0.5824776968677962 0
    outer loop
      vertex -29.880060020873707 -15.326284287026162 0
      vertex -29.994408836907635 -15.166710699058807 2.7969701107759875
      vertex -29.994408836907635 -15.166710699058807 0
    endloop
  endfacet
  facet normal -0.8492021815265776 -0.5280678506503702 0
    outer loop
      vertex -30.098076211353316 -15 0
      vertex -29.994408836907635 -15.166710699058807 0
      vertex -30.098076211353316 -15 2.770957546534208
    endloop
  endfacet
  facet normal -0.8819212643483538 -0.47139673682600014 0
    outer loop
      vertex -30.098076211353316 -15 0
      vertex -30.190618224598065 -14.826866070657005 2.744309686093389
      vertex -30.190618224598065 -14.826866070657005 0
    endloop
  endfacet
  facet normal -0.9108638249211813 -0.41270702980438256 0
    outer loop
      vertex -30.190618224598065 -14.826866070657005 0
      vertex -30.271638597533858 -14.648050297095269 2.7167873061845373
      vertex -30.271638597533858 -14.648050297095269 0
    endloop
  endfacet
  facet normal -0.9359059267573216 -0.352250047921244 0
    outer loop
      vertex -30.340790388485317 -14.464318395909485 0
      vertex -30.271638597533858 -14.648050297095269 0
      vertex -30.340790388485317 -14.464318395909485 2.688508261863736
    endloop
  endfacet
  facet normal 0 0 -1
    outer loop
      vertex -28.64805029709527 -16.271638597533858 0
      vertex -28.826866070657005 -16.190618224598065 0
      vertex -28.276457135307563 -16.397777478867205 0
    endloop
  endfacet
  facet normal 0 0 -1
    outer loop
      vertex -28.64805029709527 -16.271638597533858 0
      vertex -28.276457135307563 -16.397777478867205 0
      vertex -28.464318395909483 -16.340790388485317 0
    endloop
  endfacet
  facet normal 0 0 -1
    outer loop
      vertex -28.826866070657005 -16.190618224598065 0
      vertex -27.5 -16.5 0
      vertex -28.276457135307563 -16.397777478867205 0
    endloop
  endfacet
  facet normal 0 0 -1
    outer loop
      vertex -28.276457135307563 -16.397777478867205 0
      vertex -27.891578576660155 -16.47433458412143 0
      vertex -28.085270966048384 -16.44235584120969 0
    endloop
  endfacet
  facet normal 0 0 -1
    outer loop
      vertex -28.276457135307563 -16.397777478867205 0
      vertex -27.5 -16.5 0
      vertex -27.891578576660155 -16.47433458412143 0
    endloop
  endfacet
  facet normal 0 0 -1
    outer loop
      vertex -27.891578576660155 -16.47433458412143 0
      vertex -27.5 -16.5 0
      vertex -27.69620938769043 -16.49357676971581 0
    endloop
  endfacet
  facet normal -0.3522500479212381 -0.9359059267573241 0
    outer loop
      vertex -28.64805029709527 -16.271638597533858 0
      vertex -28.464318395909483 -16.340790388485317 0
      vertex -28.64805029709527 -16.271638597533858 2.979713853947244
    endloop
  endfacet
  facet normal -0.2270762630343615 -0.9738769792773363 0
    outer loop
      vertex -28.276457135307563 -16.397777478867205 0
      vertex -28.085270966048384 -16.44235584120969 0
      vertex -28.276457135307563 -16.397777478867205 3.0013884779055107
    endloop
  endfacet
  facet normal -0.2902846772544664 -0.9569403357322075 0
    outer loop
      vertex -28.464318395909483 -16.340790388485317 0
      vertex -28.276457135307563 -16.397777478867205 0
      vertex -28.464318395909483 -16.340790388485317 2.991596304854293
    endloop
  endfacet
  facet normal -0.16289547339458907 -0.986643332084879 0
    outer loop
      vertex -28.085270966048384 -16.44235584120969 0
      vertex -27.891578576660155 -16.47433458412143 0
      vertex -28.085270966048384 -16.44235584120969 3.0090484415125704
    endloop
  endfacet
  facet normal -0.7298640726978316 -0.6835923020228756 0
    outer loop
      vertex -29.621320343559642 -15.621320343559642 0
      vertex -29.621320343559642 -15.621320343559642 2.871007992860579
      vertex -29.755519422436933 -15.478037445300206 2.8476728910773366
    endloop
  endfacet
  facet normal -0.5280678506503703 -0.8492021815265776 0
    outer loop
      vertex -29 -16.098076211353316 0
      vertex -29 -16.098076211353316 2.949890381485798
      vertex -29.166710699058807 -15.994408836907635 2.9320770686190625
    endloop
  endfacet
  facet normal -0.41270702980438595 -0.9108638249211798 0
    outer loop
      vertex -28.64805029709527 -16.271638597533858 0
      vertex -28.64805029709527 -16.271638597533858 2.979713853947244
      vertex -28.826866070657005 -16.190618224598065 2.9657920076633766
    endloop
  endfacet
  facet normal -0.47139673682600014 -0.8819212643483537 0
    outer loop
      vertex -28.826866070657005 -16.190618224598065 0
      vertex -28.826866070657005 -16.190618224598065 2.9657920076633766
      vertex -29 -16.098076211353316 2.949890381485798
    endloop
  endfacet
  facet normal -0.6343932841636483 -0.7730104533627347 0
    outer loop
      vertex -29.326284287026162 -15.880060020873707 0
      vertex -29.326284287026162 -15.880060020873707 2.91314642514267
      vertex -29.478037445300206 -15.755519422436933 2.892863700714484
    endloop
  endfacet
  facet normal -0.5824776968678096 -0.8128466845916098 0
    outer loop
      vertex -29.166710699058807 -15.994408836907635 0
      vertex -29.166710699058807 -15.994408836907635 2.9320770686190625
      vertex -29.214583759791605 -15.96010348672753 2.9261823313497075
    endloop
  endfacet
  facet normal -0.5824776968677904 -0.8128466845916236 4.757909256504571e-16
    outer loop
      vertex -29.166710699058807 -15.994408836907635 0
      vertex -29.214583759791605 -15.96010348672753 2.9261823313497075
      vertex -29.326284287026162 -15.880060020873707 2.91314642514267
    endloop
  endfacet
  facet normal -0.6835923020228757 -0.7298640726978316 0
    outer loop
      vertex -29.478037445300206 -15.755519422436933 0
      vertex -29.478037445300206 -15.755519422436933 2.892863700714484
      vertex -29.621320343559642 -15.621320343559642 2.871007992860579
    endloop
  endfacet
  facet normal -0.8128466845916195 -0.5824776968677962 0
    outer loop
      vertex -29.880060020873707 -15.326284287026162 0
      vertex -29.880060020873707 -15.326284287026162 2.822958319853062
      vertex -29.994408836907635 -15.166710699058807 2.7969701107759875
    endloop
  endfacet
  facet normal -0.7730104533627347 -0.6343932841636483 0
    outer loop
      vertex -29.755519422436933 -15.478037445300206 0
      vertex -29.755519422436933 -15.478037445300206 2.8476728910773366
      vertex -29.880060020873707 -15.326284287026162 2.822958319853062
    endloop
  endfacet
  facet normal -0.8492021815265649 -0.5280678506503904 0
    outer loop
      vertex -29.994408836907635 -15.166710699058807 0
      vertex -29.994408836907635 -15.166710699058807 2.7969701107759875
      vertex -30.018970227915464 -15.127212769390326 2.7905374644501677
    endloop
  endfacet
  facet normal -0.8492021815265813 -0.528067850650364 -5.196625461687557e-16
    outer loop
      vertex -29.994408836907635 -15.166710699058807 0
      vertex -30.018970227915464 -15.127212769390326 2.7905374644501677
      vertex -30.098076211353316 -15 2.770957546534208
    endloop
  endfacet
  facet normal -0.9108638249211815 -0.41270702980438256 0
    outer loop
      vertex -30.190618224598065 -14.826866070657005 0
      vertex -30.190618224598065 -14.826866070657005 2.744309686093389
      vertex -30.271638597533858 -14.648050297095269 2.7167873061845373
    endloop
  endfacet
  facet normal -0.8819212643483537 -0.47139673682600003 0
    outer loop
      vertex -30.098076211353316 -15 0
      vertex -30.098076211353316 -15 2.770957546534208
      vertex -30.190618224598065 -14.826866070657005 2.744309686093389
    endloop
  endfacet
  facet normal -0.9359059267573216 -0.352250047921244 0
    outer loop
      vertex -30.271638597533858 -14.648050297095269 0
      vertex -30.271638597533858 -14.648050297095269 2.7167873061845373
      vertex -30.340790388485317 -14.464318395909485 2.688508261863736
    endloop
  endfacet
  facet normal -0.0980171403295605 -0.9951847266721969 0
    outer loop
      vertex -27.891578576660155 -16.47433458412143 0
      vertex -27.69620938769043 -16.49357676971581 0
      vertex -27.69620938769043 -16.49357676971581 3.6
    endloop
  endfacet
  facet normal -0.03271908282178652 -0.9994645874763652 0
    outer loop
      vertex -27.69620938769043 -16.49357676971581 0
      vertex -27.5 -16.5 0
      vertex -27.69620938769043 -16.49357676971581 3.6
    endloop
  endfacet
  facet normal -0.35225004792123804 -0.9359059267573239 0
    outer loop
      vertex -28.464318395909483 -16.340790388485317 0
      vertex -28.464318395909483 -16.340790388485317 2.991596304854293
      vertex -28.64805029709527 -16.271638597533858 2.979713853947244
    endloop
  endfacet
  facet normal -0.29028467725446644 -0.9569403357322076 0
    outer loop
      vertex -28.276457135307563 -16.397777478867205 0
      vertex -28.276457135307563 -16.397777478867205 3.0013884779055107
      vertex -28.464318395909483 -16.340790388485317 2.991596304854293
    endloop
  endfacet
  facet normal -0.22707626303436154 -0.9738769792773364 0
    outer loop
      vertex -28.085270966048384 -16.44235584120969 0
      vertex -28.085270966048384 -16.44235584120969 3.0090484415125704
      vertex -28.276457135307563 -16.397777478867205 3.0013884779055107
    endloop
  endfacet
  facet normal -0.1628954733945922 -0.9866433320848785 -2.0441686465250325e-16
    outer loop
      vertex -27.891578576660155 -16.47433458412143 0
      vertex -28.019999999999996 -16.45313212131783 3.0109001450994732
      vertex -28.085270966048384 -16.44235584120969 3.0090484415125704
    endloop
  endfacet
  facet normal -0.1628954733945875 -0.9866433320848792 0
    outer loop
      vertex -27.891578576660155 -16.47433458412143 0
      vertex -27.891578576660155 -16.47433458412143 3.6
      vertex -28.019999999999996 -16.45313212131783 3.0109001450994732
    endloop
  endfacet
  facet normal 0 0 -1
    outer loop
      vertex -30.340790388485317 -14.464318395909485 0
      vertex -30.397777478867205 -14.276457135307563 0
      vertex -30.44235584120969 -14.085270966048384 0
    endloop
  endfacet
  facet normal 0 0 -1
    outer loop
      vertex -30.340790388485317 -14.464318395909485 0
      vertex -30.44235584120969 -14.085270966048384 0
      vertex -30.49357676971581 -13.696209387690429 0
    endloop
  endfacet
  facet normal 0 0 -1
    outer loop
      vertex -30.44235584120969 -14.085270966048384 0
      vertex -30.47433458412143 -13.891578576660155 0
      vertex -30.49357676971581 -13.696209387690429 0
    endloop
  endfacet
  facet normal -0.9569403357322084 -0.29028467725446394 0
    outer loop
      vertex -30.340790388485317 -14.464318395909485 0
      vertex -30.397777478867205 -14.276457135307563 2.6597427546960426
      vertex -30.397777478867205 -14.276457135307563 0
    endloop
  endfacet
  facet normal -0.9738769792773362 -0.2270762630343615 0
    outer loop
      vertex -30.397777478867205 -14.276457135307563 0
      vertex -30.44235584120969 -14.085270966048384 2.632022079435223
      vertex -30.44235584120969 -14.085270966048384 0
    endloop
  endfacet
  facet normal -0.9866433320848791 -0.1628954733945891 0
    outer loop
      vertex -30.44235584120969 -14.085270966048384 0
      vertex -30.47433458412143 -13.891578576660155 2.603938019549884
      vertex -30.47433458412143 -13.891578576660155 0
    endloop
  endfacet
  facet normal -0.9951847266721969 -0.09801714032955963 0
    outer loop
      vertex -30.47433458412143 -13.891578576660155 0
      vertex -30.49357676971581 -13.696209387690429 2.575610835295997
      vertex -30.49357676971581 -13.696209387690429 0
    endloop
  endfacet
  facet normal -0.9994645874763654 -0.03271908282178681 0
    outer loop
      vertex -30.49357676971581 -13.696209387690429 0
      vertex -30.5 -13.5 2.547161828025407
      vertex -30.5 -13.5 0
    endloop
  endfacet
  facet normal -0.9569403357322058 -0.29028467725447255 0
    outer loop
      vertex -30.340790388485317 -14.464318395909485 0
      vertex -30.340790388485317 -14.464318395909485 2.688508261863736
      vertex -30.392707669730978 -14.293170056233349 2.662166012902631
    endloop
  endfacet
  facet normal -0.9569403357322349 -0.2902846772543765 -6.764710218036999e-15
    outer loop
      vertex -30.340790388485317 -14.464318395909485 0
      vertex -30.392707669730978 -14.293170056233349 2.662166012902631
      vertex -30.397777478867205 -14.276457135307563 2.6597427546960426
    endloop
  endfacet
  facet normal -0.9738769792773364 -0.22707626303436154 0
    outer loop
      vertex -30.397777478867205 -14.276457135307563 0
      vertex -30.397777478867205 -14.276457135307563 2.6597427546960426
      vertex -30.44235584120969 -14.085270966048384 2.632022079435223
    endloop
  endfacet
  facet normal -0.9866433320848789 -0.16289547339458907 0
    outer loop
      vertex -30.44235584120969 -14.085270966048384 0
      vertex -30.44235584120969 -14.085270966048384 2.632022079435223
      vertex -30.47433458412143 -13.891578576660155 2.603938019549884
    endloop
  endfacet
  facet normal -0.9951847266721969 -0.09801714032955963 0
    outer loop
      vertex -30.47433458412143 -13.891578576660155 0
      vertex -30.47433458412143 -13.891578576660155 2.603938019549884
      vertex -30.49357676971581 -13.696209387690429 2.575610835295997
    endloop
  endfacet
  facet normal -0.9994645874763654 -0.032719082821786816 0
    outer loop
      vertex -30.49357676971581 -13.696209387690429 0
      vertex -30.49357676971581 -13.696209387690429 2.575610835295997
      vertex -30.5 -13.5 2.547161828025407
    endloop
  endfacet
  facet normal -1 0 0
    outer loop
      vertex -30.5 -13.5 0
      vertex -30.5 -13.5 2.547161828025407
      vertex -30.5 -13.458038862838329 2.5410777526901427
    endloop
  endfacet
  facet normal -1 0 0
    outer loop
      vertex -30.5 -13.5 0
      vertex -30.5 -13.458038862838329 2.5410777526901427
      vertex -30.5 -12.621882787678988 2.427281905152526
    endloop
  endfacet
  facet normal -1 0 0
    outer loop
      vertex -30.5 -13.5 0
      vertex -30.5 -12.621882787678988 2.427281905152526
      vertex -30.5 -11.784765507277761 2.320787136284153
    endloop
  endfacet
  facet normal -0.0980171403295605 -0.9951847266721969 0
    outer loop
      vertex -27.891578576660155 -16.47433458412143 0
      vertex -27.69620938769043 -16.49357676971581 3.6
      vertex -27.891578576660155 -16.47433458412143 3.6
    endloop
  endfacet
  facet normal -0.03271908282178652 -0.9994645874763652 0
    outer loop
      vertex -27.5 -16.5 0
      vertex -27.5 -16.5 3.6
      vertex -27.69620938769043 -16.49357676971581 3.6
    endloop
  endfacet
  facet normal -0.16289547339458751 -0.9866433320848793 0
    outer loop
      vertex -27.891578576660155 -16.47433458412143 3.6
      vertex -28.019999999999996 -16.45313212131783 3.6
      vertex -28.019999999999996 -16.45313212131783 3.0109001450994732
    endloop
  endfacet
  facet normal 0 0 1
    outer loop
      vertex -28 -16.452768222130228 3.6
      vertex -28.019999999999996 -16.431540701254555 3.6
      vertex -28.019999999999996 -16.45313212131783 3.6
    endloop
  endfacet
  facet normal 0 0 1
    outer loop
      vertex -28 -16.452768222130228 3.6
      vertex -28.019999999999996 -16.45313212131783 3.6
      vertex -27.891578576660155 -16.47433458412143 3.6
    endloop
  endfacet
  facet normal 0 0 1
    outer loop
      vertex -28 -16.452768222130228 3.6
      vertex -27.891578576660155 -16.47433458412143 3.6
      vertex -28 -16.195159881374046 3.6
    endloop
  endfacet
  facet normal 0 0 1
    outer loop
      vertex -28 -16.452768222130228 3.6
      vertex -27.5 -16.5 3.6
      vertex -28.019999999999996 -16.431540701254555 3.6
    endloop
  endfacet
  facet normal 0 0 1
    outer loop
      vertex -28 -16.195159881374046 3.6
      vertex -28.019999999999996 -16.431540701254555 3.6
      vertex -27.5 -16.5 3.6
    endloop
  endfacet
  facet normal 0 0 1
    outer loop
      vertex -27.891578576660155 -16.47433458412143 3.6
      vertex -27.69620938769043 -16.49357676971581 3.6
      vertex -27.5 -16.5 3.6
    endloop
  endfacet
  facet normal 0 0 1
    outer loop
      vertex -27.891578576660155 -16.47433458412143 3.6
      vertex -27.5 -16.5 3.6
      vertex -28 -16.195159881374046 3.6
    endloop
  endfacet
  facet normal 0 0 1
    outer loop
      vertex -28 -16.195159881374046 3.6
      vertex -27.5 -16.5 3.6
      vertex -26 -16.5 3.6
    endloop
  endfacet
  facet normal 0 0 1
    outer loop
      vertex -28 -16.195159881374046 3.6
      vertex -27.5 -16.5 3.6
      vertex -26 -16.20614511087408 3.6
    endloop
  endfacet
  facet normal -1 0 0
    outer loop
      vertex -30.5 -13.5 0
      vertex -30.5 -11.784765507277761 2.320787136284153
      vertex -30.5 -10.94675077135658 2.221601556073992
    endloop
  endfacet
  facet normal -1 0 0
    outer loop
      vertex -30.5 -13.5 0
      vertex -30.5 -10.94675077135658 2.221601556073992
      vertex -30.5 -10.107902397982091 2.1297327178879613
    endloop
  endfacet
  facet normal -1 0 0
    outer loop
      vertex -30.5 -13.5 0
      vertex -30.5 -10.107902397982091 2.1297327178879613
      vertex -30.5 -9.26828426870566 2.045187617893802
    endloop
  endfacet
  facet normal -1 0 0
    outer loop
      vertex -30.5 -13.5 0
      vertex -30.5 -9.26828426870566 2.045187617893802
      vertex -30.5 -8.427960323698544 1.9679726945282
    endloop
  endfacet
  facet normal -1 0 0
    outer loop
      vertex -30.5 -13.5 0
      vertex -30.5 -8.427960323698544 1.9679726945282
      vertex -30.5 -7.5869945568826065 1.8980938280065232
    endloop
  endfacet
  facet normal -1 0 0
    outer loop
      vertex -30.5 -13.5 0
      vertex -30.5 -7.5869945568826065 1.8980938280065232
      vertex -30.5 -6.745451011056917 1.8355563398749979
    endloop
  endfacet
  facet normal -1 0 0
    outer loop
      vertex -30.5 -13.5 0
      vertex -30.5 -6.745451011056917 1.8355563398749979
      vertex -30.5 -5.903393773020659 1.780364992605456
    endloop
  endfacet
  facet normal 0 -1 0
    outer loop
      vertex -27.5 -16.5 0
      vertex -1.6235064793593155 -16.5 3.6
      vertex -27.5 -16.5 3.6
    endloop
  endfacet
  facet normal 0 0 1
    outer loop
      vertex -27.5 -16.5 3.6
      vertex -1.6235064793593155 -16.34003579873925 3.6
      vertex -26 -16.20614511087408 3.6
    endloop
  endfacet
  facet normal -1 0 0
    outer loop
      vertex -30.5 -13.5 0
      vertex -30.5 -4.2179947582279915 1.692036973034348
      vertex -30.5 -3.3747813311318438 1.6589070272534343
    endloop
  endfacet
  facet normal -1 0 0
    outer loop
      vertex -30.5 -13.5 0
      vertex -30.5 -3.3747813311318438 1.6589070272534343
      vertex -30.5 -2.531310901371334 1.6331366748636071
    endloop
  endfacet
  facet normal -1 0 0
    outer loop
      vertex -30.5 -13.5 0
      vertex -30.5 -5.903393773020659 1.780364992605456
      vertex -30.5 -5.060886968692669 1.7325239892327033
    endloop
  endfacet
  facet normal -1 0 0
    outer loop
      vertex -30.5 -13.5 0
      vertex -30.5 -5.060886968692669 1.7325239892327033
      vertex -30.5 -4.2179947582279915 1.692036973034348
    endloop
  endfacet
  facet normal 0 0 -1
    outer loop
      vertex -28.826866070657005 -16.190618224598065 0
      vertex -30.49357676971581 -13.696209387690429 0
      vertex -30.49357676971581 13.696209387690429 0
    endloop
  endfacet
  facet normal -1 0 0
    outer loop
      vertex -30.5 -13.5 0
      vertex -30.5 -2.531310901371334 1.6331366748636071
      vertex -30.5 -1.6876477024853156 1.6147278783769536
    endloop
  endfacet
  facet normal -1 0 0
    outer loop
      vertex -30.5 -13.5 0
      vertex -30.5 -1.6876477024853156 1.6147278783769536
      vertex -30.5 -0.8438559826927595 1.6036820396946325
    endloop
  endfacet
  facet normal 0 0 -1
    outer loop
      vertex -30.49357676971581 -13.696209387690429 0
      vertex -30.5 -13.5 0
      vertex -30.49357676971581 13.696209387690429 0
    endloop
  endfacet
  facet normal -1 0 0
    outer loop
      vertex -30.5 -13.5 0
      vertex -30.5 -0.8438559826927595 1.6036820396946325
      vertex -30.5 0 1.5999999999999943
    endloop
  endfacet
  facet normal -1 0 0
    outer loop
      vertex -30.5 -13.5 0
      vertex -30.5 0 1.5999999999999943
      vertex -30.5 0.8438559826927595 1.6036820396946325
    endloop
  endfacet
  facet normal 0 0 1
    outer loop
      vertex -28 -16.195159881374046 3.6
      vertex -28 16.452768222130228 3.6
      vertex -28.019999999999996 -16.431540701254555 3.6
    endloop
  endfacet
  facet normal 0 0 1
    outer loop
      vertex -28 -16.195159881374046 3.6
      vertex -26 -16.5 3.6
      vertex -28 16.452768222130228 3.6
    endloop
  endfacet
  facet normal -1 0 0
    outer loop
      vertex -30.5 -13.5 0
      vertex -30.5 0.8438559826927595 1.6036820396946325
      vertex -30.5 1.6876477024853156 1.6147278783769536
    endloop
  endfacet
  facet normal -1 0 0
    outer loop
      vertex -30.5 -13.5 0
      vertex -30.5 1.6876477024853156 1.6147278783769536
      vertex -30.5 2.531310901371334 1.6331366748636071
    endloop
  endfacet
  facet normal -1 0 0
    outer loop
      vertex -30.5 -13.5 0
      vertex -30.5 2.531310901371334 1.6331366748636071
      vertex -30.5 3.3747813311318438 1.6589070272534343
    endloop
  endfacet
  facet normal -1 0 0
    outer loop
      vertex -30.5 -13.5 0
      vertex -30.5 3.3747813311318438 1.6589070272534343
      vertex -30.5 4.2179947582279915 1.692036973034348
    endloop
  endfacet
  facet normal -1 0 0
    outer loop
      vertex -30.5 -13.5 0
      vertex -30.5 4.2179947582279915 1.692036973034348
      vertex -30.5 5.060886968692669 1.7325239892327033
    endloop
  endfacet
  facet normal -1 0 0
    outer loop
      vertex -30.5 -13.5 0
      vertex -30.5 5.060886968692669 1.7325239892327033
      vertex -30.5 5.903393773020659 1.780364992605456
    endloop
  endfacet
  facet normal 0 0 1
    outer loop
      vertex -26 -16.20614511087408 3.6
      vertex -1.6235064793593155 -16.34003579873925 3.6
      vertex -26 16.102877198482638 3.6
    endloop
  endfacet
  facet normal 0 0 -1
    outer loop
      vertex -28.826866070657005 -16.190618224598065 0
      vertex 27.69620938769043 -16.49357676971581 0
      vertex -27.5 -16.5 0
    endloop
  endfacet
  facet normal 0 -1 0
    outer loop
      vertex -27.5 -16.5 0
      vertex 1.6235064793593155 -16.5 3.6
      vertex -1.6235064793593155 -16.5 3.6
    endloop
  endfacet
  facet normal 0 0 1
    outer loop
      vertex -27.5 -16.5 3.6
      vertex -1.6235064793593155 -16.5 3.6
      vertex -1.6235064793593155 -16.34003579873925 3.6
    endloop
  endfacet
  facet normal 0 0 -1
    outer loop
      vertex -28.826866070657005 -16.190618224598065 0
      vertex -27.5 16.5 0
      vertex 30.5 -13.5 0
    endloop
  endfacet
  facet normal -1 0 0
    outer loop
      vertex -30.5 -13.5 0
      vertex -30.5 5.903393773020659 1.780364992605456
      vertex -30.5 13.5 0
    endloop
  endfacet
  facet normal 0 0 -1
    outer loop
      vertex -30.5 -13.5 0
      vertex -30.5 13.5 0
      vertex -30.49357676971581 13.696209387690429 0
    endloop
  endfacet
  facet normal 0 0 -1
    outer loop
      vertex -28.826866070657005 -16.190618224598065 0
      vertex -30.49357676971581 13.696209387690429 0
      vertex -27.5 16.5 0
    endloop
  endfacet
  facet normal 0 0 1
    outer loop
      vertex -28 16.452768222130228 3.6
      vertex -28.019999999999996 16.45313212131783 3.6
      vertex -28.019999999999996 -16.431540701254555 3.6
    endloop
  endfacet
  facet normal 0 0 1
    outer loop
      vertex -26 -16.5 3.6
      vertex -27.5 16.5 3.6
      vertex -28 16.452768222130228 3.6
    endloop
  endfacet
  facet normal 0 0 1
    outer loop
      vertex -26 -16.5 3.6
      vertex -26 16.5 3.6
      vertex -27.5 16.5 3.6
    endloop
  endfacet
  facet normal -1 0 0
    outer loop
      vertex -30.5 13.5 0
      vertex -30.5 5.903393773020659 1.780364992605456
      vertex -30.5 6.745451011056917 1.8355563398749979
    endloop
  endfacet
  facet normal -1 0 0
    outer loop
      vertex -30.5 13.5 0
      vertex -30.5 6.745451011056917 1.8355563398749979
      vertex -30.5 7.5869945568826065 1.8980938280065232
    endloop
  endfacet
  facet normal -1 0 0
    outer loop
      vertex -30.5 13.5 0
      vertex -30.5 7.5869945568826065 1.8980938280065232
      vertex -30.5 8.427960323698544 1.9679726945282
    endloop
  endfacet
  facet normal -1 0 0
    outer loop
      vertex -30.5 13.5 0
      vertex -30.5 8.427960323698544 1.9679726945282
      vertex -30.5 9.26828426870566 2.045187617893802
    endloop
  endfacet
  facet normal -1 0 0
    outer loop
      vertex -30.5 13.5 0
      vertex -30.5 9.26828426870566 2.045187617893802
      vertex -30.5 10.107902397982091 2.1297327178879613
    endloop
  endfacet
  facet normal -1 0 0
    outer loop
      vertex -30.5 13.5 0
      vertex -30.5 10.107902397982091 2.1297327178879613
      vertex -30.5 10.94675077135658 2.221601556073992
    endloop
  endfacet
  facet normal -1 0 0
    outer loop
      vertex -30.5 13.5 0
      vertex -30.5 10.94675077135658 2.221601556073992
      vertex -30.5 11.784765507277761 2.320787136284153
    endloop
  endfacet
  facet normal 0 0 -1
    outer loop
      vertex -30.49357676971581 13.696209387690429 0
      vertex -30.47433458412143 13.891578576660155 0
      vertex -30.397777478867205 14.276457135307563 0
    endloop
  endfacet
  facet normal 0 0 -1
    outer loop
      vertex -30.47433458412143 13.891578576660155 0
      vertex -30.44235584120969 14.085270966048384 0
      vertex -30.397777478867205 14.276457135307563 0
    endloop
  endfacet
  facet normal 0 0 -1
    outer loop
      vertex -30.49357676971581 13.696209387690429 0
      vertex -30.397777478867205 14.276457135307563 0
      vertex -30.271638597533858 14.648050297095269 0
    endloop
  endfacet
  facet normal -0.9994645874763654 0.03271908282178681 0
    outer loop
      vertex -30.5 13.5 0
      vertex -30.5 13.5 2.547161828025407
      vertex -30.49357676971581 13.696209387690429 0
    endloop
  endfacet
  facet normal -0.9951847266721969 0.09801714032955963 0
    outer loop
      vertex -30.49357676971581 13.696209387690429 0
      vertex -30.49357676971581 13.696209387690429 2.575610835295997
      vertex -30.47433458412143 13.891578576660155 0
    endloop
  endfacet
  facet normal -0.9866433320848789 0.16289547339458907 0
    outer loop
      vertex -30.47433458412143 13.891578576660155 0
      vertex -30.44235584120969 14.085270966048384 2.632022079435223
      vertex -30.44235584120969 14.085270966048384 0
    endloop
  endfacet
  facet normal -0.9738769792773362 0.2270762630343615 0
    outer loop
      vertex -30.44235584120969 14.085270966048384 0
      vertex -30.44235584120969 14.085270966048384 2.632022079435223
      vertex -30.397777478867205 14.276457135307563 0
    endloop
  endfacet
  facet normal -0.9569403357322083 0.29028467725446394 0
    outer loop
      vertex -30.397777478867205 14.276457135307563 0
      vertex -30.340790388485317 14.464318395909485 2.6885082618637357
      vertex -30.340790388485317 14.464318395909485 0
    endloop
  endfacet
  facet normal -1 0 0
    outer loop
      vertex -30.5 13.5 0
      vertex -30.5 11.784765507277761 2.320787136284153
      vertex -30.5 12.621882787678988 2.427281905152526
    endloop
  endfacet
  facet normal -1 0 0
    outer loop
      vertex -30.5 13.5 0
      vertex -30.5 12.621882787678988 2.427281905152526
      vertex -30.5 13.458038862838329 2.5410777526901427
    endloop
  endfacet
  facet normal -1 0 0
    outer loop
      vertex -30.5 13.5 0
      vertex -30.5 13.458038862838329 2.5410777526901427
      vertex -30.5 13.5 2.547161828025407
    endloop
  endfacet
  facet normal -0.9994645874763654 0.032719082821786816 0
    outer loop
      vertex -30.49357676971581 13.696209387690429 0
      vertex -30.5 13.5 2.547161828025407
      vertex -30.49357676971581 13.696209387690429 2.575610835295997
    endloop
  endfacet
  facet normal -0.9951847266721969 0.09801714032955963 0
    outer loop
      vertex -30.47433458412143 13.891578576660155 0
      vertex -30.49357676971581 13.696209387690429 2.575610835295997
      vertex -30.47433458412143 13.891578576660155 2.603938019549884
    endloop
  endfacet
  facet normal -0.9866433320848791 0.1628954733945891 0
    outer loop
      vertex -30.47433458412143 13.891578576660155 0
      vertex -30.47433458412143 13.891578576660155 2.603938019549884
      vertex -30.44235584120969 14.085270966048384 2.632022079435223
    endloop
  endfacet
  facet normal -0.9738769792773364 0.22707626303436154 0
    outer loop
      vertex -30.397777478867205 14.276457135307563 0
      vertex -30.44235584120969 14.085270966048384 2.632022079435223
      vertex -30.397777478867205 14.276457135307563 2.659742754696043
    endloop
  endfacet
  facet normal -0.9569403357322351 0.2902846772543756 0
    outer loop
      vertex -30.397777478867205 14.276457135307563 0
      vertex -30.397777478867205 14.276457135307563 2.659742754696043
      vertex -30.392707669730978 14.293170056233349 2.662166012902631
    endloop
  endfacet
  facet normal -0.9569403357322057 0.29028467725447266 -6.653363502172726e-16
    outer loop
      vertex -30.397777478867205 14.276457135307563 0
      vertex -30.392707669730978 14.293170056233349 2.662166012902631
      vertex -30.340790388485317 14.464318395909485 2.6885082618637357
    endloop
  endfacet
  facet normal 0 0 -1
    outer loop
      vertex -30.397777478867205 14.276457135307563 0
      vertex -30.340790388485317 14.464318395909485 0
      vertex -30.271638597533858 14.648050297095269 0
    endloop
  endfacet
  facet normal 0 0 -1
    outer loop
      vertex -30.49357676971581 13.696209387690429 0
      vertex -30.271638597533858 14.648050297095269 0
      vertex -29.621320343559642 15.621320343559642 0
    endloop
  endfacet
  facet normal 0 0 -1
    outer loop
      vertex -30.271638597533858 14.648050297095269 0
      vertex -30.190618224598065 14.826866070657005 0
      vertex -29.994408836907635 15.166710699058807 0
    endloop
  endfacet
  facet normal 0 0 -1
    outer loop
      vertex -30.190618224598065 14.826866070657005 0
      vertex -30.098076211353316 15 0
      vertex -29.994408836907635 15.166710699058807 0
    endloop
  endfacet
  facet normal 0 0 -1
    outer loop
      vertex -30.271638597533858 14.648050297095269 0
      vertex -29.994408836907635 15.166710699058807 0
      vertex -29.621320343559642 15.621320343559642 0
    endloop
  endfacet
  facet normal 0 0 -1
    outer loop
      vertex -29.994408836907635 15.166710699058807 0
      vertex -29.880060020873707 15.326284287026162 0
      vertex -29.621320343559642 15.621320343559642 0
    endloop
  endfacet
  facet normal 0 0 -1
    outer loop
      vertex -30.49357676971581 13.696209387690429 0
      vertex -29.621320343559642 15.621320343559642 0
      vertex -27.5 16.5 0
    endloop
  endfacet
  facet normal -0.9359059267573216 0.35225004792124404 0
    outer loop
      vertex -30.340790388485317 14.464318395909485 0
      vertex -30.340790388485317 14.464318395909485 2.6885082618637357
      vertex -30.271638597533858 14.648050297095269 0
    endloop
  endfacet
  facet normal -0.9108638249211813 0.41270702980438256 0
    outer loop
      vertex -30.271638597533858 14.648050297095269 0
      vertex -30.271638597533858 14.648050297095269 2.7167873061845373
      vertex -30.190618224598065 14.826866070657005 0
    endloop
  endfacet
  facet normal -0.8819212643483537 0.47139673682600003 0
    outer loop
      vertex -30.190618224598065 14.826866070657005 0
      vertex -30.098076211353316 15 2.770957546534208
      vertex -30.098076211353316 15 0
    endloop
  endfacet
  facet normal -0.8492021815265774 0.5280678506503702 0
    outer loop
      vertex -30.098076211353316 15 0
      vertex -29.994408836907635 15.166710699058807 2.7969701107759875
      vertex -29.994408836907635 15.166710699058807 0
    endloop
  endfacet
  facet normal -0.8128466845916194 0.582477696867796 0
    outer loop
      vertex -29.994408836907635 15.166710699058807 0
      vertex -29.880060020873707 15.326284287026162 2.8229583198530617
      vertex -29.880060020873707 15.326284287026162 0
    endloop
  endfacet
  facet normal -0.7730104533627347 0.6343932841636483 0
    outer loop
      vertex -29.880060020873707 15.326284287026162 0
      vertex -29.755519422436933 15.478037445300206 2.8476728910773366
      vertex -29.755519422436933 15.478037445300206 0
    endloop
  endfacet
  facet normal 0 0 -1
    outer loop
      vertex -29.880060020873707 15.326284287026162 0
      vertex -29.755519422436933 15.478037445300206 0
      vertex -29.621320343559642 15.621320343559642 0
    endloop
  endfacet
  facet normal 0 0 -1
    outer loop
      vertex -29.621320343559642 15.621320343559642 0
      vertex -29.478037445300206 15.755519422436933 0
      vertex -29.166710699058807 15.994408836907635 0
    endloop
  endfacet
  facet normal 0 0 -1
    outer loop
      vertex -29.478037445300206 15.755519422436933 0
      vertex -29.326284287026162 15.880060020873707 0
      vertex -29.166710699058807 15.994408836907635 0
    endloop
  endfacet
  facet normal 0 0 -1
    outer loop
      vertex -29.621320343559642 15.621320343559642 0
      vertex -29.166710699058807 15.994408836907635 0
      vertex -28.64805029709527 16.271638597533858 0
    endloop
  endfacet
  facet normal 0 0 -1
    outer loop
      vertex -29.166710699058807 15.994408836907635 0
      vertex -29 16.098076211353316 0
      vertex -28.64805029709527 16.271638597533858 0
    endloop
  endfacet
  facet normal 0 0 -1
    outer loop
      vertex -29 16.098076211353316 0
      vertex -28.826866070657005 16.190618224598065 0
      vertex -28.64805029709527 16.271638597533858 0
    endloop
  endfacet
  facet normal -0.7298640726978316 0.6835923020228756 0
    outer loop
      vertex -29.755519422436933 15.478037445300206 0
      vertex -29.621320343559642 15.621320343559642 2.871007992860579
      vertex -29.621320343559642 15.621320343559642 0
    endloop
  endfacet
  facet normal -0.6835923020228756 0.7298640726978316 0
    outer loop
      vertex -29.621320343559642 15.621320343559642 0
      vertex -29.478037445300206 15.755519422436933 2.8928637007144835
      vertex -29.478037445300206 15.755519422436933 0
    endloop
  endfacet
  facet normal -0.6343932841636483 0.7730104533627347 0
    outer loop
      vertex -29.478037445300206 15.755519422436933 0
      vertex -29.326284287026162 15.880060020873707 2.91314642514267
      vertex -29.326284287026162 15.880060020873707 0
    endloop
  endfacet
  facet normal -0.5824776968677962 0.8128466845916195 3.3519650329078897e-16
    outer loop
      vertex -29.326284287026162 15.880060020873707 0
      vertex -29.214583759791605 15.96010348672753 2.9261823313497075
      vertex -29.166710699058807 15.994408836907635 0
    endloop
  endfacet
  facet normal -0.5280678506503703 0.8492021815265774 0
    outer loop
      vertex -29.166710699058807 15.994408836907635 0
      vertex -29 16.098076211353316 2.9498903814857984
      vertex -29 16.098076211353316 0
    endloop
  endfacet
  facet normal -0.47139673682600003 0.8819212643483536 0
    outer loop
      vertex -29 16.098076211353316 0
      vertex -28.826866070657005 16.190618224598065 2.965792007663377
      vertex -28.826866070657005 16.190618224598065 0
    endloop
  endfacet
  facet normal -0.41270702980438595 0.9108638249211799 0
    outer loop
      vertex -28.826866070657005 16.190618224598065 0
      vertex -28.64805029709527 16.271638597533858 2.9797138539472443
      vertex -28.64805029709527 16.271638597533858 0
    endloop
  endfacet
  facet normal 0 0 -1
    outer loop
      vertex -29.621320343559642 15.621320343559642 0
      vertex -28.64805029709527 16.271638597533858 0
      vertex -27.5 16.5 0
    endloop
  endfacet
  facet normal 0 0 -1
    outer loop
      vertex -28.64805029709527 16.271638597533858 0
      vertex -28.464318395909483 16.340790388485317 0
      vertex -28.085270966048384 16.44235584120969 0
    endloop
  endfacet
  facet normal 0 0 -1
    outer loop
      vertex -28.464318395909483 16.340790388485317 0
      vertex -28.276457135307563 16.397777478867205 0
      vertex -28.085270966048384 16.44235584120969 0
    endloop
  endfacet
  facet normal 0 0 -1
    outer loop
      vertex -28.64805029709527 16.271638597533858 0
      vertex -28.085270966048384 16.44235584120969 0
      vertex -27.5 16.5 0
    endloop
  endfacet
  facet normal 0 0 -1
    outer loop
      vertex -28.085270966048384 16.44235584120969 0
      vertex -27.891578576660155 16.47433458412143 0
      vertex -27.5 16.5 0
    endloop
  endfacet
  facet normal 0 0 -1
    outer loop
      vertex -27.891578576660155 16.47433458412143 0
      vertex -27.69620938769043 16.49357676971581 0
      vertex -27.5 16.5 0
    endloop
  endfacet
  facet normal -0.3522500479212381 0.9359059267573239 0
    outer loop
      vertex -28.64805029709527 16.271638597533858 0
      vertex -28.464318395909483 16.340790388485317 2.9915963048542924
      vertex -28.464318395909483 16.340790388485317 0
    endloop
  endfacet
  facet normal -0.29028467725446644 0.9569403357322076 0
    outer loop
      vertex -28.464318395909483 16.340790388485317 0
      vertex -28.276457135307563 16.397777478867205 3.0013884779055107
      vertex -28.276457135307563 16.397777478867205 0
    endloop
  endfacet
  facet normal -0.22707626303436154 0.9738769792773364 0
    outer loop
      vertex -28.276457135307563 16.397777478867205 0
      vertex -28.085270966048384 16.44235584120969 3.00904844151257
      vertex -28.085270966048384 16.44235584120969 0
    endloop
  endfacet
  facet normal -0.9359059267573216 0.352250047921244 0
    outer loop
      vertex -30.271638597533858 14.648050297095269 0
      vertex -30.340790388485317 14.464318395909485 2.6885082618637357
      vertex -30.271638597533858 14.648050297095269 2.7167873061845373
    endloop
  endfacet
  facet normal -0.9108638249211815 0.41270702980438256 0
    outer loop
      vertex -30.190618224598065 14.826866070657005 0
      vertex -30.271638597533858 14.648050297095269 2.7167873061845373
      vertex -30.190618224598065 14.826866070657005 2.744309686093389
    endloop
  endfacet
  facet normal -0.8819212643483538 0.47139673682600014 0
    outer loop
      vertex -30.190618224598065 14.826866070657005 0
      vertex -30.190618224598065 14.826866070657005 2.744309686093389
      vertex -30.098076211353316 15 2.770957546534208
    endloop
  endfacet
  facet normal -0.8492021815265813 0.528067850650364 0
    outer loop
      vertex -30.098076211353316 15 0
      vertex -30.098076211353316 15 2.770957546534208
      vertex -30.018970227915464 15.127212769390326 2.7905374644501677
    endloop
  endfacet
  facet normal -0.8492021815265647 0.5280678506503907 -1.6831606200540843e-15
    outer loop
      vertex -30.098076211353316 15 0
      vertex -30.018970227915464 15.127212769390326 2.7905374644501677
      vertex -29.994408836907635 15.166710699058807 2.7969701107759875
    endloop
  endfacet
  facet normal -0.8128466845916195 0.5824776968677962 0
    outer loop
      vertex -29.994408836907635 15.166710699058807 0
      vertex -29.994408836907635 15.166710699058807 2.7969701107759875
      vertex -29.880060020873707 15.326284287026162 2.8229583198530617
    endloop
  endfacet
  facet normal -0.7730104533627347 0.6343932841636483 0
    outer loop
      vertex -29.880060020873707 15.326284287026162 0
      vertex -29.880060020873707 15.326284287026162 2.8229583198530617
      vertex -29.755519422436933 15.478037445300206 2.8476728910773366
    endloop
  endfacet
  facet normal -0.7298640726978315 0.6835923020228756 0
    outer loop
      vertex -29.755519422436933 15.478037445300206 0
      vertex -29.755519422436933 15.478037445300206 2.8476728910773366
      vertex -29.621320343559642 15.621320343559642 2.871007992860579
    endloop
  endfacet
  facet normal -0.6835923020228756 0.7298640726978316 0
    outer loop
      vertex -29.621320343559642 15.621320343559642 0
      vertex -29.621320343559642 15.621320343559642 2.871007992860579
      vertex -29.478037445300206 15.755519422436933 2.8928637007144835
    endloop
  endfacet
  facet normal -0.6343932841636483 0.7730104533627348 0
    outer loop
      vertex -29.478037445300206 15.755519422436933 0
      vertex -29.478037445300206 15.755519422436933 2.8928637007144835
      vertex -29.326284287026162 15.880060020873707 2.91314642514267
    endloop
  endfacet
  facet normal -0.5824776968677905 0.8128466845916237 0
    outer loop
      vertex -29.326284287026162 15.880060020873707 0
      vertex -29.326284287026162 15.880060020873707 2.91314642514267
      vertex -29.214583759791605 15.96010348672753 2.9261823313497075
    endloop
  endfacet
  facet normal -0.5824776968678096 0.8128466845916098 0
    outer loop
      vertex -29.166710699058807 15.994408836907635 0
      vertex -29.214583759791605 15.96010348672753 2.9261823313497075
      vertex -29.166710699058807 15.994408836907635 2.9320770686190625
    endloop
  endfacet
  facet normal -0.5280678506503702 0.8492021815265774 0
    outer loop
      vertex -29.166710699058807 15.994408836907635 0
      vertex -29.166710699058807 15.994408836907635 2.9320770686190625
      vertex -29 16.098076211353316 2.9498903814857984
    endloop
  endfacet
  facet normal -0.47139673682600014 0.8819212643483537 0
    outer loop
      vertex -29 16.098076211353316 0
      vertex -29 16.098076211353316 2.9498903814857984
      vertex -28.826866070657005 16.190618224598065 2.965792007663377
    endloop
  endfacet
  facet normal -0.41270702980438595 0.9108638249211798 0
    outer loop
      vertex -28.826866070657005 16.190618224598065 0
      vertex -28.826866070657005 16.190618224598065 2.965792007663377
      vertex -28.64805029709527 16.271638597533858 2.9797138539472443
    endloop
  endfacet
  facet normal -0.16289547339458907 0.986643332084879 0
    outer loop
      vertex -28.085270966048384 16.44235584120969 0
      vertex -27.891578576660155 16.47433458412143 3.6
      vertex -27.891578576660155 16.47433458412143 0
    endloop
  endfacet
  facet normal -0.0980171403295605 0.9951847266721969 0
    outer loop
      vertex -27.891578576660155 16.47433458412143 0
      vertex -27.69620938769043 16.49357676971581 3.6
      vertex -27.69620938769043 16.49357676971581 0
    endloop
  endfacet
  facet normal -0.03271908282178652 0.9994645874763652 0
    outer loop
      vertex -27.69620938769043 16.49357676971581 0
      vertex -27.69620938769043 16.49357676971581 3.6
      vertex -27.5 16.5 0
    endloop
  endfacet
  facet normal -0.3522500479212381 0.9359059267573241 0
    outer loop
      vertex -28.64805029709527 16.271638597533858 0
      vertex -28.64805029709527 16.271638597533858 2.9797138539472443
      vertex -28.464318395909483 16.340790388485317 2.9915963048542924
    endloop
  endfacet
  facet normal -0.2902846772544664 0.9569403357322075 0
    outer loop
      vertex -28.464318395909483 16.340790388485317 0
      vertex -28.464318395909483 16.340790388485317 2.9915963048542924
      vertex -28.276457135307563 16.397777478867205 3.0013884779055107
    endloop
  endfacet
  facet normal -0.2270762630343615 0.9738769792773363 0
    outer loop
      vertex -28.276457135307563 16.397777478867205 0
      vertex -28.276457135307563 16.397777478867205 3.0013884779055107
      vertex -28.085270966048384 16.44235584120969 3.00904844151257
    endloop
  endfacet
  facet normal -0.1628954733945922 0.9866433320848783 0
    outer loop
      vertex -28.085270966048384 16.44235584120969 0
      vertex -28.085270966048384 16.44235584120969 3.00904844151257
      vertex -28.019999999999996 16.45313212131783 3.0109001450994732
    endloop
  endfacet
  facet normal -0.16289547339458701 0.9866433320848793 -1.1550834609618874e-16
    outer loop
      vertex -28.085270966048384 16.44235584120969 0
      vertex -28.019999999999996 16.45313212131783 3.0109001450994732
      vertex -27.891578576660155 16.47433458412143 3.6
    endloop
  endfacet
  facet normal -0.0980171403295605 0.9951847266721969 0
    outer loop
      vertex -27.891578576660155 16.47433458412143 0
      vertex -27.891578576660155 16.47433458412143 3.6
      vertex -27.69620938769043 16.49357676971581 3.6
    endloop
  endfacet
  facet normal -0.03271908282178652 0.9994645874763652 0
    outer loop
      vertex -27.5 16.5 0
      vertex -27.69620938769043 16.49357676971581 3.6
      vertex -27.5 16.5 3.6
    endloop
  endfacet
  facet normal -0.16289547339458751 0.9866433320848793 0
    outer loop
      vertex -27.891578576660155 16.47433458412143 3.6
      vertex -28.019999999999996 16.45313212131783 3.0109001450994732
      vertex -28.019999999999996 16.45313212131783 3.6
    endloop
  endfacet
  facet normal 0 0 1
    outer loop
      vertex -28 16.452768222130228 3.6
      vertex -27.891578576660155 16.47433458412143 3.6
      vertex -28.019999999999996 16.45313212131783 3.6
    endloop
  endfacet
  facet normal 0 0 1
    outer loop
      vertex -28 16.452768222130228 3.6
      vertex -27.5 16.5 3.6
      vertex -27.891578576660155 16.47433458412143 3.6
    endloop
  endfacet
  facet normal 0 0 1
    outer loop
      vertex -27.891578576660155 16.47433458412143 3.6
      vertex -27.5 16.5 3.6
      vertex -27.69620938769043 16.49357676971581 3.6
    endloop
  endfacet
  facet normal 0 0 1
    outer loop
      vertex -27.5 16.5 3.6
      vertex -26 16.102877198482638 3.6
      vertex -1.6235064793593155 16.5 3.6
    endloop
  endfacet
  facet normal 0 0 1
    outer loop
      vertex -1.6235064793593155 -16.34003579873925 3.6
      vertex -1.6235064793593155 16.5 3.6
      vertex -26 16.102877198482638 3.6
    endloop
  endfacet
  facet normal 0 1 0
    outer loop
      vertex -27.5 16.5 0
      vertex -27.5 16.5 3.6
      vertex 27.5 16.5 0
    endloop
  endfacet
  facet normal 0 1 0
    outer loop
      vertex -27.5 16.5 3.6
      vertex -1.6235064793593155 16.5 3.6
      vertex 27.5 16.5 0
    endloop
  endfacet
  facet normal 0 -1 0
    outer loop
      vertex -27.5 -16.5 0
      vertex 26 -16.5 3.6
      vertex 1.6235064793593155 -16.5 3.6
    endloop
  endfacet
  facet normal 0 0 -1
    outer loop
      vertex -27.5 -16.5 0
      vertex 27.69620938769043 -16.49357676971581 0
      vertex 27.5 -16.5 0
    endloop
  endfacet
  facet normal 0 0 -1
    outer loop
      vertex -28.826866070657005 -16.190618224598065 0
      vertex 30.5 -13.5 0
      vertex 27.69620938769043 -16.49357676971581 0
    endloop
  endfacet
  facet normal 0 -1 0
    outer loop
      vertex -27.5 -16.5 0
      vertex 27.5 -16.5 0
      vertex 27.5 -16.5 3.6
    endloop
  endfacet
  facet normal 0 -1 0
    outer loop
      vertex -27.5 -16.5 0
      vertex 27.5 -16.5 3.6
      vertex 26 -16.5 3.6
    endloop
  endfacet
  facet normal 0 0 1
    outer loop
      vertex 1.6235064793593155 -16.5 3.6
      vertex 26 -16.102877198482638 3.6
      vertex 1.6235064793593155 16.5 3.6
    endloop
  endfacet
  facet normal 0 0 1
    outer loop
      vertex 1.6235064793593155 -16.5 3.6
      vertex 26 -16.5 3.6
      vertex 26 -16.102877198482638 3.6
    endloop
  endfacet
  facet normal 0 0 -1
    outer loop
      vertex 27.69620938769043 -16.49357676971581 0
      vertex 28.085270966048384 -16.44235584120969 0
      vertex 27.891578576660155 -16.47433458412143 0
    endloop
  endfacet
  facet normal 0 0 -1
    outer loop
      vertex 27.69620938769043 -16.49357676971581 0
      vertex 28.64805029709527 -16.271638597533858 0
      vertex 28.085270966048384 -16.44235584120969 0
    endloop
  endfacet
  facet normal 0 0 -1
    outer loop
      vertex 28.085270966048384 -16.44235584120969 0
      vertex 28.64805029709527 -16.271638597533858 0
      vertex 28.276457135307563 -16.397777478867205 0
    endloop
  endfacet
  facet normal 0 0 -1
    outer loop
      vertex 28.276457135307563 -16.397777478867205 0
      vertex 28.64805029709527 -16.271638597533858 0
      vertex 28.464318395909483 -16.340790388485317 0
    endloop
  endfacet
  facet normal 0.22707626303436154 -0.9738769792773364 0
    outer loop
      vertex 28.085270966048384 -16.44235584120969 0
      vertex 28.276457135307563 -16.397777478867205 0
      vertex 28.085270966048384 -16.44235584120969 3.00904844151257
    endloop
  endfacet
  facet normal 0.29028467725446644 -0.9569403357322076 0
    outer loop
      vertex 28.276457135307563 -16.397777478867205 0
      vertex 28.464318395909483 -16.340790388485317 0
      vertex 28.276457135307563 -16.397777478867205 3.0013884779055107
    endloop
  endfacet
  facet normal 0.3522500479212381 -0.9359059267573239 0
    outer loop
      vertex 28.464318395909483 -16.340790388485317 0
      vertex 28.64805029709527 -16.271638597533858 0
      vertex 28.464318395909483 -16.340790388485317 2.9915963048542924
    endloop
  endfacet
  facet normal 0 0 -1
    outer loop
      vertex 27.69620938769043 -16.49357676971581 0
      vertex 29.621320343559642 -15.621320343559642 0
      vertex 28.64805029709527 -16.271638597533858 0
    endloop
  endfacet
  facet normal 0 0 -1
    outer loop
      vertex 28.64805029709527 -16.271638597533858 0
      vertex 29.166710699058807 -15.994408836907635 0
      vertex 28.826866070657005 -16.190618224598065 0
    endloop
  endfacet
  facet normal 0 0 -1
    outer loop
      vertex 28.826866070657005 -16.190618224598065 0
      vertex 29.166710699058807 -15.994408836907635 0
      vertex 29 -16.098076211353316 0
    endloop
  endfacet
  facet normal 0 0 -1
    outer loop
      vertex 28.64805029709527 -16.271638597533858 0
      vertex 29.621320343559642 -15.621320343559642 0
      vertex 29.166710699058807 -15.994408836907635 0
    endloop
  endfacet
  facet normal 0 0 -1
    outer loop
      vertex 29.166710699058807 -15.994408836907635 0
      vertex 29.621320343559642 -15.621320343559642 0
      vertex 29.326284287026162 -15.880060020873707 0
    endloop
  endfacet
  facet normal 0 0 -1
    outer loop
      vertex 29.326284287026162 -15.880060020873707 0
      vertex 29.621320343559642 -15.621320343559642 0
      vertex 29.478037445300206 -15.755519422436933 0
    endloop
  endfacet
  facet normal 0 0 -1
    outer loop
      vertex 29.621320343559642 -15.621320343559642 0
      vertex 29.880060020873707 -15.326284287026162 0
      vertex 29.755519422436933 -15.478037445300206 0
    endloop
  endfacet
  facet normal 0.41270702980438595 -0.9108638249211799 0
    outer loop
      vertex 28.64805029709527 -16.271638597533858 0
      vertex 28.826866070657005 -16.190618224598065 0
      vertex 28.64805029709527 -16.271638597533858 2.9797138539472443
    endloop
  endfacet
  facet normal 0.5280678506503703 -0.8492021815265774 0
    outer loop
      vertex 29 -16.098076211353316 0
      vertex 29.166710699058807 -15.994408836907635 0
      vertex 29 -16.098076211353316 2.9498903814857984
    endloop
  endfacet
  facet normal 0.47139673682600003 -0.8819212643483536 0
    outer loop
      vertex 28.826866070657005 -16.190618224598065 0
      vertex 29 -16.098076211353316 0
      vertex 28.826866070657005 -16.190618224598065 2.965792007663377
    endloop
  endfacet
  facet normal 0.5824776968677962 -0.8128466845916196 0
    outer loop
      vertex 29.166710699058807 -15.994408836907635 0
      vertex 29.326284287026162 -15.880060020873707 0
      vertex 29.166710699058807 -15.994408836907635 2.9320770686190625
    endloop
  endfacet
  facet normal 0.6343932841636483 -0.7730104533627347 0
    outer loop
      vertex 29.326284287026162 -15.880060020873707 0
      vertex 29.478037445300206 -15.755519422436933 0
      vertex 29.326284287026162 -15.880060020873707 2.91314642514267
    endloop
  endfacet
  facet normal 0.6835923020228756 -0.7298640726978316 0
    outer loop
      vertex 29.478037445300206 -15.755519422436933 0
      vertex 29.621320343559642 -15.621320343559642 0
      vertex 29.478037445300206 -15.755519422436933 2.8928637007144835
    endloop
  endfacet
  facet normal 0.7298640726978316 -0.6835923020228756 0
    outer loop
      vertex 29.621320343559642 -15.621320343559642 0
      vertex 29.755519422436933 -15.478037445300206 0
      vertex 29.621320343559642 -15.621320343559642 2.871007992860579
    endloop
  endfacet
  facet normal 0 0 -1
    outer loop
      vertex 27.69620938769043 -16.49357676971581 0
      vertex 30.5 -13.5 0
      vertex 29.621320343559642 -15.621320343559642 0
    endloop
  endfacet
  facet normal 0 0 -1
    outer loop
      vertex 29.621320343559642 -15.621320343559642 0
      vertex 29.994408836907635 -15.166710699058807 0
      vertex 29.880060020873707 -15.326284287026162 0
    endloop
  endfacet
  facet normal 0 0 -1
    outer loop
      vertex 29.621320343559642 -15.621320343559642 0
      vertex 30.271638597533858 -14.648050297095269 0
      vertex 29.994408836907635 -15.166710699058807 0
    endloop
  endfacet
  facet normal 0 0 -1
    outer loop
      vertex 29.994408836907635 -15.166710699058807 0
      vertex 30.271638597533858 -14.648050297095269 0
      vertex 30.098076211353316 -15 0
    endloop
  endfacet
  facet normal 0 0 -1
    outer loop
      vertex 30.098076211353316 -15 0
      vertex 30.271638597533858 -14.648050297095269 0
      vertex 30.190618224598065 -14.826866070657005 0
    endloop
  endfacet
  facet normal 0 0 -1
    outer loop
      vertex 29.621320343559642 -15.621320343559642 0
      vertex 30.5 -13.5 0
      vertex 30.271638597533858 -14.648050297095269 0
    endloop
  endfacet
  facet normal 0.7730104533627347 -0.6343932841636483 0
    outer loop
      vertex 29.755519422436933 -15.478037445300206 0
      vertex 29.880060020873707 -15.326284287026162 0
      vertex 29.755519422436933 -15.478037445300206 2.8476728910773366
    endloop
  endfacet
  facet normal 0.8128466845916194 -0.582477696867796 0
    outer loop
      vertex 29.880060020873707 -15.326284287026162 0
      vertex 29.994408836907635 -15.166710699058807 0
      vertex 29.880060020873707 -15.326284287026162 2.8229583198530617
    endloop
  endfacet
  facet normal 0.8492021815265774 -0.5280678506503702 0
    outer loop
      vertex 29.994408836907635 -15.166710699058807 0
      vertex 30.098076211353316 -15 0
      vertex 29.994408836907635 -15.166710699058807 2.7969701107759875
    endloop
  endfacet
  facet normal 0.8819212643483537 -0.47139673682600003 0
    outer loop
      vertex 30.098076211353316 -15 0
      vertex 30.190618224598065 -14.826866070657005 0
      vertex 30.098076211353316 -15 2.770957546534208
    endloop
  endfacet
  facet normal 0.9108638249211815 -0.41270702980438256 0
    outer loop
      vertex 30.190618224598065 -14.826866070657005 0
      vertex 30.271638597533858 -14.648050297095269 0
      vertex 30.190618224598065 -14.826866070657005 2.744309686093389
    endloop
  endfacet
  facet normal 0.9359059267573216 -0.35225004792124404 0
    outer loop
      vertex 30.271638597533858 -14.648050297095269 0
      vertex 30.340790388485317 -14.464318395909485 0
      vertex 30.340790388485317 -14.464318395909485 2.6885082618637357
    endloop
  endfacet
  facet normal 0.03271908282178652 -0.9994645874763652 0
    outer loop
      vertex 27.5 -16.5 0
      vertex 27.69620938769043 -16.49357676971581 0
      vertex 27.5 -16.5 3.6
    endloop
  endfacet
  facet normal 0.0980171403295605 -0.9951847266721969 0
    outer loop
      vertex 27.69620938769043 -16.49357676971581 0
      vertex 27.891578576660155 -16.47433458412143 0
      vertex 27.891578576660155 -16.47433458412143 3.6
    endloop
  endfacet
  facet normal 0.16289547339458907 -0.986643332084879 0
    outer loop
      vertex 27.891578576660155 -16.47433458412143 0
      vertex 28.085270966048384 -16.44235584120969 0
      vertex 27.891578576660155 -16.47433458412143 3.6
    endloop
  endfacet
  facet normal 0.1628954733945922 -0.9866433320848783 0
    outer loop
      vertex 28.085270966048384 -16.44235584120969 0
      vertex 28.085270966048384 -16.44235584120969 3.00904844151257
      vertex 28.019999999999996 -16.45313212131783 3.0109001450994732
    endloop
  endfacet
  facet normal 0.16289547339458701 -0.9866433320848793 -1.1550834609618874e-16
    outer loop
      vertex 28.085270966048384 -16.44235584120969 0
      vertex 28.019999999999996 -16.45313212131783 3.0109001450994732
      vertex 27.891578576660155 -16.47433458412143 3.6
    endloop
  endfacet
  facet normal 0.2270762630343615 -0.9738769792773363 0
    outer loop
      vertex 28.276457135307563 -16.397777478867205 0
      vertex 28.276457135307563 -16.397777478867205 3.0013884779055107
      vertex 28.085270966048384 -16.44235584120969 3.00904844151257
    endloop
  endfacet
  facet normal 0.2902846772544664 -0.9569403357322075 0
    outer loop
      vertex 28.464318395909483 -16.340790388485317 0
      vertex 28.464318395909483 -16.340790388485317 2.9915963048542924
      vertex 28.276457135307563 -16.397777478867205 3.0013884779055107
    endloop
  endfacet
  facet normal 0.3522500479212381 -0.9359059267573241 0
    outer loop
      vertex 28.64805029709527 -16.271638597533858 0
      vertex 28.64805029709527 -16.271638597533858 2.9797138539472443
      vertex 28.464318395909483 -16.340790388485317 2.9915963048542924
    endloop
  endfacet
  facet normal 0.5280678506503702 -0.8492021815265774 0
    outer loop
      vertex 29.166710699058807 -15.994408836907635 0
      vertex 29.166710699058807 -15.994408836907635 2.9320770686190625
      vertex 29 -16.098076211353316 2.9498903814857984
    endloop
  endfacet
  facet normal 0.41270702980438595 -0.9108638249211798 0
    outer loop
      vertex 28.826866070657005 -16.190618224598065 0
      vertex 28.826866070657005 -16.190618224598065 2.965792007663377
      vertex 28.64805029709527 -16.271638597533858 2.9797138539472443
    endloop
  endfacet
  facet normal 0.47139673682600014 -0.8819212643483537 0
    outer loop
      vertex 29 -16.098076211353316 0
      vertex 29 -16.098076211353316 2.9498903814857984
      vertex 28.826866070657005 -16.190618224598065 2.965792007663377
    endloop
  endfacet
  facet normal 0.5824776968678097 -0.8128466845916099 1.1225751623121831e-15
    outer loop
      vertex 29.326284287026162 -15.880060020873707 0
      vertex 29.214583759791605 -15.96010348672753 2.9261823313497075
      vertex 29.166710699058807 -15.994408836907635 2.9320770686190625
    endloop
  endfacet
  facet normal 0.5824776968677905 -0.8128466845916237 0
    outer loop
      vertex 29.326284287026162 -15.880060020873707 0
      vertex 29.326284287026162 -15.880060020873707 2.91314642514267
      vertex 29.214583759791605 -15.96010348672753 2.9261823313497075
    endloop
  endfacet
  facet normal 0.6343932841636483 -0.7730104533627348 0
    outer loop
      vertex 29.478037445300206 -15.755519422436933 0
      vertex 29.478037445300206 -15.755519422436933 2.8928637007144835
      vertex 29.326284287026162 -15.880060020873707 2.91314642514267
    endloop
  endfacet
  facet normal 0.6835923020228756 -0.7298640726978316 0
    outer loop
      vertex 29.621320343559642 -15.621320343559642 0
      vertex 29.621320343559642 -15.621320343559642 2.871007992860579
      vertex 29.478037445300206 -15.755519422436933 2.8928637007144835
    endloop
  endfacet
  facet normal 0.7298640726978315 -0.6835923020228756 0
    outer loop
      vertex 29.755519422436933 -15.478037445300206 0
      vertex 29.755519422436933 -15.478037445300206 2.8476728910773366
      vertex 29.621320343559642 -15.621320343559642 2.871007992860579
    endloop
  endfacet
  facet normal 0.7730104533627347 -0.6343932841636483 0
    outer loop
      vertex 29.880060020873707 -15.326284287026162 0
      vertex 29.880060020873707 -15.326284287026162 2.8229583198530617
      vertex 29.755519422436933 -15.478037445300206 2.8476728910773366
    endloop
  endfacet
  facet normal 0.8128466845916195 -0.5824776968677962 0
    outer loop
      vertex 29.994408836907635 -15.166710699058807 0
      vertex 29.994408836907635 -15.166710699058807 2.7969701107759875
      vertex 29.880060020873707 -15.326284287026162 2.8229583198530617
    endloop
  endfacet
  facet normal 0.8492021815265647 -0.5280678506503907 -1.6831606200540843e-15
    outer loop
      vertex 30.098076211353316 -15 0
      vertex 30.018970227915464 -15.127212769390326 2.7905374644501677
      vertex 29.994408836907635 -15.166710699058807 2.7969701107759875
    endloop
  endfacet
  facet normal 0.8492021815265813 -0.528067850650364 0
    outer loop
      vertex 30.098076211353316 -15 0
      vertex 30.098076211353316 -15 2.770957546534208
      vertex 30.018970227915464 -15.127212769390326 2.7905374644501677
    endloop
  endfacet
  facet normal 0.9108638249211813 -0.41270702980438256 0
    outer loop
      vertex 30.271638597533858 -14.648050297095269 0
      vertex 30.271638597533858 -14.648050297095269 2.7167873061845373
      vertex 30.190618224598065 -14.826866070657005 2.744309686093389
    endloop
  endfacet
  facet normal 0.8819212643483538 -0.47139673682600014 0
    outer loop
      vertex 30.190618224598065 -14.826866070657005 0
      vertex 30.190618224598065 -14.826866070657005 2.744309686093389
      vertex 30.098076211353316 -15 2.770957546534208
    endloop
  endfacet
  facet normal 0.9359059267573216 -0.352250047921244 0
    outer loop
      vertex 30.271638597533858 -14.648050297095269 0
      vertex 30.340790388485317 -14.464318395909485 2.6885082618637357
      vertex 30.271638597533858 -14.648050297095269 2.7167873061845373
    endloop
  endfacet
  facet normal 0 0 -1
    outer loop
      vertex 30.271638597533858 -14.648050297095269 0
      vertex 30.44235584120969 -14.085270966048384 0
      vertex 30.340790388485317 -14.464318395909485 0
    endloop
  endfacet
  facet normal 0 0 -1
    outer loop
      vertex 30.340790388485317 -14.464318395909485 0
      vertex 30.44235584120969 -14.085270966048384 0
      vertex 30.397777478867205 -14.276457135307563 0
    endloop
  endfacet
  facet normal 0 0 -1
    outer loop
      vertex 30.271638597533858 -14.648050297095269 0
      vertex 30.5 -13.5 0
      vertex 30.44235584120969 -14.085270966048384 0
    endloop
  endfacet
  facet normal 0 0 -1
    outer loop
      vertex 30.44235584120969 -14.085270966048384 0
      vertex 30.5 -13.5 0
      vertex 30.47433458412143 -13.891578576660155 0
    endloop
  endfacet
  facet normal 0 0 -1
    outer loop
      vertex 30.47433458412143 -13.891578576660155 0
      vertex 30.5 -13.5 0
      vertex 30.49357676971581 -13.696209387690429 0
    endloop
  endfacet
  facet normal 0.9569403357322083 -0.29028467725446394 0
    outer loop
      vertex 30.340790388485317 -14.464318395909485 0
      vertex 30.397777478867205 -14.276457135307563 0
      vertex 30.340790388485317 -14.464318395909485 2.6885082618637357
    endloop
  endfacet
  facet normal 0.9738769792773362 -0.2270762630343615 0
    outer loop
      vertex 30.397777478867205 -14.276457135307563 0
      vertex 30.44235584120969 -14.085270966048384 0
      vertex 30.44235584120969 -14.085270966048384 2.632022079435223
    endloop
  endfacet
  facet normal 0.9866433320848789 -0.16289547339458907 0
    outer loop
      vertex 30.44235584120969 -14.085270966048384 0
      vertex 30.47433458412143 -13.891578576660155 0
      vertex 30.44235584120969 -14.085270966048384 2.632022079435223
    endloop
  endfacet
  facet normal 0.9951847266721969 -0.09801714032955963 0
    outer loop
      vertex 30.47433458412143 -13.891578576660155 0
      vertex 30.49357676971581 -13.696209387690429 0
      vertex 30.49357676971581 -13.696209387690429 2.575610835295997
    endloop
  endfacet
  facet normal 0.9994645874763654 -0.032719082821786816 0
    outer loop
      vertex 30.49357676971581 -13.696209387690429 0
      vertex 30.5 -13.5 0
      vertex 30.49357676971581 -13.696209387690429 2.575610835295997
    endloop
  endfacet
  facet normal 0.9569403357322057 -0.29028467725447266 -6.653363502172726e-16
    outer loop
      vertex 30.397777478867205 -14.276457135307563 0
      vertex 30.392707669730978 -14.293170056233349 2.662166012902631
      vertex 30.340790388485317 -14.464318395909485 2.6885082618637357
    endloop
  endfacet
  facet normal 0.9569403357322351 -0.2902846772543756 0
    outer loop
      vertex 30.397777478867205 -14.276457135307563 0
      vertex 30.397777478867205 -14.276457135307563 2.659742754696043
      vertex 30.392707669730978 -14.293170056233349 2.662166012902631
    endloop
  endfacet
  facet normal 0.9738769792773364 -0.22707626303436154 0
    outer loop
      vertex 30.397777478867205 -14.276457135307563 0
      vertex 30.44235584120969 -14.085270966048384 2.632022079435223
      vertex 30.397777478867205 -14.276457135307563 2.659742754696043
    endloop
  endfacet
  facet normal 0.9866433320848791 -0.1628954733945891 0
    outer loop
      vertex 30.47433458412143 -13.891578576660155 0
      vertex 30.47433458412143 -13.891578576660155 2.603938019549884
      vertex 30.44235584120969 -14.085270966048384 2.632022079435223
    endloop
  endfacet
  facet normal 0.9951847266721969 -0.09801714032955963 0
    outer loop
      vertex 30.47433458412143 -13.891578576660155 0
      vertex 30.49357676971581 -13.696209387690429 2.575610835295997
      vertex 30.47433458412143 -13.891578576660155 2.603938019549884
    endloop
  endfacet
  facet normal 0.9994645874763654 -0.03271908282178681 0
    outer loop
      vertex 30.5 -13.5 0
      vertex 30.5 -13.5 2.547161828025407
      vertex 30.49357676971581 -13.696209387690429 2.575610835295997
    endloop
  endfacet
  facet normal 1 0 0
    outer loop
      vertex 30.5 -13.5 0
      vertex 30.5 -13.458038862838329 2.5410777526901427
      vertex 30.5 -13.5 2.547161828025407
    endloop
  endfacet
  facet normal 1 0 0
    outer loop
      vertex 30.5 -13.5 0
      vertex 30.5 -12.621882787678988 2.427281905152526
      vertex 30.5 -13.458038862838329 2.5410777526901427
    endloop
  endfacet
  facet normal 1 0 0
    outer loop
      vertex 30.5 -13.5 0
      vertex 30.5 -11.784765507277761 2.320787136284153
      vertex 30.5 -12.621882787678988 2.427281905152526
    endloop
  endfacet
  facet normal 0 0 1
    outer loop
      vertex 26 -16.5 3.6
      vertex 27.5 -16.5 3.6
      vertex 26 -16.102877198482638 3.6
    endloop
  endfacet
  facet normal 0.03271908282178652 -0.9994645874763652 0
    outer loop
      vertex 27.69620938769043 -16.49357676971581 0
      vertex 27.69620938769043 -16.49357676971581 3.6
      vertex 27.5 -16.5 3.6
    endloop
  endfacet
  facet normal 0.0980171403295605 -0.9951847266721969 0
    outer loop
      vertex 27.69620938769043 -16.49357676971581 0
      vertex 27.891578576660155 -16.47433458412143 3.6
      vertex 27.69620938769043 -16.49357676971581 3.6
    endloop
  endfacet
  facet normal 0.16289547339458751 -0.9866433320848793 0
    outer loop
      vertex 27.891578576660155 -16.47433458412143 3.6
      vertex 28.019999999999996 -16.45313212131783 3.0109001450994732
      vertex 28.019999999999996 -16.45313212131783 3.6
    endloop
  endfacet
  facet normal 0 0 1
    outer loop
      vertex 27.5 -16.5 3.6
      vertex 27.69620938769043 -16.49357676971581 3.6
      vertex 27.891578576660155 -16.47433458412143 3.6
    endloop
  endfacet
  facet normal 0 0 1
    outer loop
      vertex 27.5 -16.5 3.6
      vertex 27.891578576660155 -16.47433458412143 3.6
      vertex 28 -16.452768222130228 3.6
    endloop
  endfacet
  facet normal 0 0 1
    outer loop
      vertex 27.891578576660155 -16.47433458412143 3.6
      vertex 28.019999999999996 -16.45313212131783 3.6
      vertex 28 -16.452768222130228 3.6
    endloop
  endfacet
  facet normal 1 0 0
    outer loop
      vertex 30.5 -13.5 0
      vertex 30.5 -10.94675077135658 2.221601556073992
      vertex 30.5 -11.784765507277761 2.320787136284153
    endloop
  endfacet
  facet normal 1 0 0
    outer loop
      vertex 30.5 -13.5 0
      vertex 30.5 -10.107902397982091 2.1297327178879613
      vertex 30.5 -10.94675077135658 2.221601556073992
    endloop
  endfacet
  facet normal 1 0 0
    outer loop
      vertex 30.5 -13.5 0
      vertex 30.5 -9.26828426870566 2.045187617893802
      vertex 30.5 -10.107902397982091 2.1297327178879613
    endloop
  endfacet
  facet normal 1 0 0
    outer loop
      vertex 30.5 -13.5 0
      vertex 30.5 -8.427960323698544 1.9679726945282
      vertex 30.5 -9.26828426870566 2.045187617893802
    endloop
  endfacet
  facet normal 1 0 0
    outer loop
      vertex 30.5 -13.5 0
      vertex 30.5 -7.5869945568826065 1.8980938280065232
      vertex 30.5 -8.427960323698544 1.9679726945282
    endloop
  endfacet
  facet normal 1 0 0
    outer loop
      vertex 30.5 -13.5 0
      vertex 30.5 -6.745451011056917 1.8355563398749979
      vertex 30.5 -7.5869945568826065 1.8980938280065232
    endloop
  endfacet
  facet normal 1 0 0
    outer loop
      vertex 30.5 -13.5 0
      vertex 30.5 -5.903393773020659 1.780364992605456
      vertex 30.5 -6.745451011056917 1.8355563398749979
    endloop
  endfacet
  facet normal 1 0 0
    outer loop
      vertex 30.5 -13.5 0
      vertex 30.5 -3.3747813311318438 1.6589070272534343
      vertex 30.5 -4.2179947582279915 1.692036973034348
    endloop
  endfacet
  facet normal 1 0 0
    outer loop
      vertex 30.5 -13.5 0
      vertex 30.5 -2.531310901371334 1.6331366748636071
      vertex 30.5 -3.3747813311318438 1.6589070272534343
    endloop
  endfacet
  facet normal 1 0 0
    outer loop
      vertex 30.5 -13.5 0
      vertex 30.5 -5.060886968692669 1.7325239892327033
      vertex 30.5 -5.903393773020659 1.780364992605456
    endloop
  endfacet
  facet normal 1 0 0
    outer loop
      vertex 30.5 -13.5 0
      vertex 30.5 -4.2179947582279915 1.692036973034348
      vertex 30.5 -5.060886968692669 1.7325239892327033
    endloop
  endfacet
  facet normal 1 0 0
    outer loop
      vertex 30.5 -13.5 0
      vertex 30.5 -1.6876477024853156 1.6147278783769536
      vertex 30.5 -2.531310901371334 1.6331366748636071
    endloop
  endfacet
  facet normal 1 0 0
    outer loop
      vertex 30.5 -13.5 0
      vertex 30.5 -0.8438559826927595 1.6036820396946325
      vertex 30.5 -1.6876477024853156 1.6147278783769536
    endloop
  endfacet
  facet normal 1 0 0
    outer loop
      vertex 30.5 -13.5 0
      vertex 30.5 0 1.5999999999999943
      vertex 30.5 -0.8438559826927595 1.6036820396946325
    endloop
  endfacet
  facet normal 1 0 0
    outer loop
      vertex 30.5 -13.5 0
      vertex 30.5 0.8438559826927595 1.6036820396946325
      vertex 30.5 0 1.5999999999999943
    endloop
  endfacet
  facet normal 0 0 1
    outer loop
      vertex 26 -16.5 3.6
      vertex 27.5 -16.5 3.6
      vertex 26 16.5 3.6
    endloop
  endfacet
  facet normal 0 0 1
    outer loop
      vertex 27.5 -16.5 3.6
      vertex 28 -16.452768222130228 3.6
      vertex 26 16.5 3.6
    endloop
  endfacet
  facet normal 0 0 1
    outer loop
      vertex 28 -16.452768222130228 3.6
      vertex 28.019999999999996 -16.45313212131783 3.6
      vertex 28.019999999999996 16.45313212131783 3.6
    endloop
  endfacet
  facet normal 1 0 0
    outer loop
      vertex 30.5 -13.5 0
      vertex 30.5 1.6876477024853156 1.6147278783769536
      vertex 30.5 0.8438559826927595 1.6036820396946325
    endloop
  endfacet
  facet normal 1 0 0
    outer loop
      vertex 30.5 -13.5 0
      vertex 30.5 2.531310901371334 1.6331366748636071
      vertex 30.5 1.6876477024853156 1.6147278783769536
    endloop
  endfacet
  facet normal 1 0 0
    outer loop
      vertex 30.5 -13.5 0
      vertex 30.5 3.3747813311318438 1.6589070272534343
      vertex 30.5 2.531310901371334 1.6331366748636071
    endloop
  endfacet
  facet normal 1 0 0
    outer loop
      vertex 30.5 -13.5 0
      vertex 30.5 4.2179947582279915 1.692036973034348
      vertex 30.5 3.3747813311318438 1.6589070272534343
    endloop
  endfacet
  facet normal 1 0 0
    outer loop
      vertex 30.5 -13.5 0
      vertex 30.5 5.060886968692669 1.7325239892327033
      vertex 30.5 4.2179947582279915 1.692036973034348
    endloop
  endfacet
  facet normal 1 0 0
    outer loop
      vertex 30.5 -13.5 0
      vertex 30.5 5.903393773020659 1.780364992605456
      vertex 30.5 5.060886968692669 1.7325239892327033
    endloop
  endfacet
  facet normal 0 0 -1
    outer loop
      vertex -27.5 16.5 0
      vertex 28.826866070657005 16.190618224598065 0
      vertex 30.5 -13.5 0
    endloop
  endfacet
  facet normal 0 0 -1
    outer loop
      vertex -27.5 16.5 0
      vertex 27.5 16.5 0
      vertex 28.826866070657005 16.190618224598065 0
    endloop
  endfacet
  facet normal 0 1 0
    outer loop
      vertex -1.6235064793593155 16.5 3.6
      vertex 1.6235064793593155 16.5 3.6
      vertex 27.5 16.5 0
    endloop
  endfacet
  facet normal 0 0 1
    outer loop
      vertex 26 -16.102877198482638 3.6
      vertex 26 16.20614511087408 3.6
      vertex 1.6235064793593155 16.5 3.6
    endloop
  endfacet
  facet normal 1 0 0
    outer loop
      vertex 30.5 -13.5 0
      vertex 30.5 13.5 0
      vertex 30.5 5.903393773020659 1.780364992605456
    endloop
  endfacet
  facet normal 0 0 -1
    outer loop
      vertex 30.5 -13.5 0
      vertex 30.49357676971581 13.696209387690429 0
      vertex 30.5 13.5 0
    endloop
  endfacet
  facet normal 0 0 -1
    outer loop
      vertex 30.5 -13.5 0
      vertex 28.826866070657005 16.190618224598065 0
      vertex 30.49357676971581 13.696209387690429 0
    endloop
  endfacet
  facet normal 0 0 1
    outer loop
      vertex 28 -16.452768222130228 3.6
      vertex 27.5 16.5 3.6
      vertex 26 16.5 3.6
    endloop
  endfacet
  facet normal 0 0 1
    outer loop
      vertex 28 -16.452768222130228 3.6
      vertex 28.019999999999996 16.45313212131783 3.6
      vertex 28 16.195159881374046 3.6
    endloop
  endfacet
  facet normal 0 0 1
    outer loop
      vertex 28 -16.452768222130228 3.6
      vertex 28 16.45358197686165 3.6
      vertex 27.5 16.5 3.6
    endloop
  endfacet
  facet normal 0 1 0
    outer loop
      vertex 1.6235064793593155 16.5 3.6
      vertex 27.5 16.5 3.6
      vertex 27.5 16.5 0
    endloop
  endfacet
  facet normal 0 0 1
    outer loop
      vertex 1.6235064793593155 16.5 3.6
      vertex 26 16.20614511087408 3.6
      vertex 27.5 16.5 3.6
    endloop
  endfacet
  facet normal 1 0 0
    outer loop
      vertex 30.5 13.5 0
      vertex 30.5 6.745451011056917 1.8355563398749979
      vertex 30.5 5.903393773020659 1.780364992605456
    endloop
  endfacet
  facet normal 1 0 0
    outer loop
      vertex 30.5 13.5 0
      vertex 30.5 7.5869945568826065 1.8980938280065232
      vertex 30.5 6.745451011056917 1.8355563398749979
    endloop
  endfacet
  facet normal 1 0 0
    outer loop
      vertex 30.5 13.5 0
      vertex 30.5 8.427960323698544 1.9679726945282
      vertex 30.5 7.5869945568826065 1.8980938280065232
    endloop
  endfacet
  facet normal 1 0 0
    outer loop
      vertex 30.5 13.5 0
      vertex 30.5 9.26828426870566 2.045187617893802
      vertex 30.5 8.427960323698544 1.9679726945282
    endloop
  endfacet
  facet normal 1 0 0
    outer loop
      vertex 30.5 13.5 0
      vertex 30.5 10.107902397982091 2.1297327178879613
      vertex 30.5 9.26828426870566 2.045187617893802
    endloop
  endfacet
  facet normal 1 0 0
    outer loop
      vertex 30.5 13.5 0
      vertex 30.5 10.94675077135658 2.221601556073992
      vertex 30.5 10.107902397982091 2.1297327178879613
    endloop
  endfacet
  facet normal 1 0 0
    outer loop
      vertex 30.5 13.5 0
      vertex 30.5 11.784765507277761 2.320787136284153
      vertex 30.5 10.94675077135658 2.221601556073992
    endloop
  endfacet
  facet normal 0 0 -1
    outer loop
      vertex 30.49357676971581 13.696209387690429 0
      vertex 30.44235584120969 14.085270966048384 0
      vertex 30.47433458412143 13.891578576660155 0
    endloop
  endfacet
  facet normal 0 0 -1
    outer loop
      vertex 30.49357676971581 13.696209387690429 0
      vertex 30.340790388485317 14.464318395909485 0
      vertex 30.44235584120969 14.085270966048384 0
    endloop
  endfacet
  facet normal 0 0 -1
    outer loop
      vertex 30.49357676971581 13.696209387690429 0
      vertex 30.098076211353316 15 0
      vertex 30.340790388485317 14.464318395909485 0
    endloop
  endfacet
  facet normal 0 0 -1
    outer loop
      vertex 30.44235584120969 14.085270966048384 0
      vertex 30.340790388485317 14.464318395909485 0
      vertex 30.397777478867205 14.276457135307563 0
    endloop
  endfacet
  facet normal 0.9994645874763654 0.03271908282178681 0
    outer loop
      vertex 30.5 13.5 0
      vertex 30.49357676971581 13.696209387690429 0
      vertex 30.5 13.5 2.547161828025407
    endloop
  endfacet
  facet normal 0.9951847266721969 0.09801714032955963 0
    outer loop
      vertex 30.49357676971581 13.696209387690429 0
      vertex 30.47433458412143 13.891578576660155 0
      vertex 30.49357676971581 13.696209387690429 2.575610835295997
    endloop
  endfacet
  facet normal 0.9866433320848791 0.1628954733945891 0
    outer loop
      vertex 30.47433458412143 13.891578576660155 0
      vertex 30.44235584120969 14.085270966048384 0
      vertex 30.47433458412143 13.891578576660155 2.603938019549884
    endloop
  endfacet
  facet normal 0.9738769792773362 0.2270762630343615 0
    outer loop
      vertex 30.44235584120969 14.085270966048384 0
      vertex 30.397777478867205 14.276457135307563 0
      vertex 30.44235584120969 14.085270966048384 2.632022079435223
    endloop
  endfacet
  facet normal 0.9569403357322084 0.29028467725446394 0
    outer loop
      vertex 30.397777478867205 14.276457135307563 0
      vertex 30.340790388485317 14.464318395909485 0
      vertex 30.397777478867205 14.276457135307563 2.6597427546960426
    endloop
  endfacet
  facet normal 1 0 0
    outer loop
      vertex 30.5 13.5 0
      vertex 30.5 12.621882787678988 2.427281905152526
      vertex 30.5 11.784765507277761 2.320787136284153
    endloop
  endfacet
  facet normal 1 0 0
    outer loop
      vertex 30.5 13.5 0
      vertex 30.5 13.458038862838329 2.5410777526901427
      vertex 30.5 12.621882787678988 2.427281905152526
    endloop
  endfacet
  facet normal 1 0 0
    outer loop
      vertex 30.5 13.5 0
      vertex 30.5 13.5 2.547161828025407
      vertex 30.5 13.458038862838329 2.5410777526901427
    endloop
  endfacet
  facet normal 0.9994645874763654 0.032719082821786816 0
    outer loop
      vertex 30.49357676971581 13.696209387690429 0
      vertex 30.49357676971581 13.696209387690429 2.575610835295997
      vertex 30.5 13.5 2.547161828025407
    endloop
  endfacet
  facet normal 0.9951847266721969 0.09801714032955963 0
    outer loop
      vertex 30.47433458412143 13.891578576660155 0
      vertex 30.47433458412143 13.891578576660155 2.603938019549884
      vertex 30.49357676971581 13.696209387690429 2.575610835295997
    endloop
  endfacet
  facet normal 0.9866433320848789 0.16289547339458907 0
    outer loop
      vertex 30.44235584120969 14.085270966048384 0
      vertex 30.44235584120969 14.085270966048384 2.632022079435223
      vertex 30.47433458412143 13.891578576660155 2.603938019549884
    endloop
  endfacet
  facet normal 0.9738769792773364 0.22707626303436154 0
    outer loop
      vertex 30.397777478867205 14.276457135307563 0
      vertex 30.397777478867205 14.276457135307563 2.6597427546960426
      vertex 30.44235584120969 14.085270966048384 2.632022079435223
    endloop
  endfacet
  facet normal 0.9569403357322349 0.2902846772543765 -6.764710218036999e-15
    outer loop
      vertex 30.340790388485317 14.464318395909485 0
      vertex 30.392707669730978 14.293170056233349 2.662166012902631
      vertex 30.397777478867205 14.276457135307563 2.6597427546960426
    endloop
  endfacet
  facet normal 0.9569403357322058 0.29028467725447255 0
    outer loop
      vertex 30.340790388485317 14.464318395909485 0
      vertex 30.340790388485317 14.464318395909485 2.688508261863736
      vertex 30.392707669730978 14.293170056233349 2.662166012902631
    endloop
  endfacet
  facet normal 0 0 -1
    outer loop
      vertex 27.5 16.5 0
      vertex 27.69620938769043 16.49357676971581 0
      vertex 28.085270966048384 16.44235584120969 0
    endloop
  endfacet
  facet normal 0 0 -1
    outer loop
      vertex 27.69620938769043 16.49357676971581 0
      vertex 27.891578576660155 16.47433458412143 0
      vertex 28.085270966048384 16.44235584120969 0
    endloop
  endfacet
  facet normal 0 0 -1
    outer loop
      vertex 27.5 16.5 0
      vertex 28.085270966048384 16.44235584120969 0
      vertex 28.826866070657005 16.190618224598065 0
    endloop
  endfacet
  facet normal 0 0 -1
    outer loop
      vertex 28.085270966048384 16.44235584120969 0
      vertex 28.276457135307563 16.397777478867205 0
      vertex 28.464318395909483 16.340790388485317 0
    endloop
  endfacet
  facet normal 0 0 -1
    outer loop
      vertex 28.085270966048384 16.44235584120969 0
      vertex 28.464318395909483 16.340790388485317 0
      vertex 28.826866070657005 16.190618224598065 0
    endloop
  endfacet
  facet normal 0.16289547339458907 0.986643332084879 0
    outer loop
      vertex 27.891578576660155 16.47433458412143 0
      vertex 28.085270966048384 16.44235584120969 3.0090484415125704
      vertex 28.085270966048384 16.44235584120969 0
    endloop
  endfacet
  facet normal 0.2902846772544664 0.9569403357322075 0
    outer loop
      vertex 28.276457135307563 16.397777478867205 0
      vertex 28.464318395909483 16.340790388485317 2.991596304854293
      vertex 28.464318395909483 16.340790388485317 0
    endloop
  endfacet
  facet normal 0.2270762630343615 0.9738769792773363 0
    outer loop
      vertex 28.085270966048384 16.44235584120969 0
      vertex 28.276457135307563 16.397777478867205 3.0013884779055107
      vertex 28.276457135307563 16.397777478867205 0
    endloop
  endfacet
  facet normal 0.3522500479212381 0.9359059267573241 0
    outer loop
      vertex 28.464318395909483 16.340790388485317 0
      vertex 28.64805029709527 16.271638597533858 2.979713853947244
      vertex 28.64805029709527 16.271638597533858 0
    endloop
  endfacet
  facet normal 0 0 -1
    outer loop
      vertex 30.49357676971581 13.696209387690429 0
      vertex 29.994408836907635 15.166710699058807 0
      vertex 30.098076211353316 15 0
    endloop
  endfacet
  facet normal 0 0 -1
    outer loop
      vertex 30.271638597533858 14.648050297095269 0
      vertex 30.340790388485317 14.464318395909485 0
      vertex 30.190618224598065 14.826866070657005 0
    endloop
  endfacet
  facet normal 0 0 -1
    outer loop
      vertex 30.340790388485317 14.464318395909485 0
      vertex 30.098076211353316 15 0
      vertex 30.190618224598065 14.826866070657005 0
    endloop
  endfacet
  facet normal 0 0 -1
    outer loop
      vertex 30.49357676971581 13.696209387690429 0
      vertex 28.826866070657005 16.190618224598065 0
      vertex 29.994408836907635 15.166710699058807 0
    endloop
  endfacet
  facet normal 0 0 -1
    outer loop
      vertex 29.994408836907635 15.166710699058807 0
      vertex 29.478037445300206 15.755519422436933 0
      vertex 29.755519422436933 15.478037445300206 0
    endloop
  endfacet
  facet normal 0 0 -1
    outer loop
      vertex 29.994408836907635 15.166710699058807 0
      vertex 29.755519422436933 15.478037445300206 0
      vertex 29.880060020873707 15.326284287026162 0
    endloop
  endfacet
  facet normal 0.9359059267573216 0.352250047921244 0
    outer loop
      vertex 30.271638597533858 14.648050297095269 0
      vertex 30.340790388485317 14.464318395909485 2.688508261863736
      vertex 30.340790388485317 14.464318395909485 0
    endloop
  endfacet
  facet normal 0.9108638249211813 0.41270702980438256 0
    outer loop
      vertex 30.271638597533858 14.648050297095269 0
      vertex 30.190618224598065 14.826866070657005 0
      vertex 30.271638597533858 14.648050297095269 2.7167873061845373
    endloop
  endfacet
  facet normal 0.8819212643483538 0.47139673682600014 0
    outer loop
      vertex 30.190618224598065 14.826866070657005 0
      vertex 30.098076211353316 15 0
      vertex 30.190618224598065 14.826866070657005 2.744309686093389
    endloop
  endfacet
  facet normal 0.8492021815265773 0.5280678506503702 -3.97405389564762e-16
    outer loop
      vertex 29.994408836907635 15.166710699058807 0
      vertex 30.018970227915464 15.127212769390326 2.7905374644501677
      vertex 30.098076211353316 15 0
    endloop
  endfacet
  facet normal 0.8128466845916195 0.5824776968677962 0
    outer loop
      vertex 29.994408836907635 15.166710699058807 0
      vertex 29.880060020873707 15.326284287026162 0
      vertex 29.994408836907635 15.166710699058807 2.7969701107759875
    endloop
  endfacet
  facet normal 0.7730104533627348 0.6343932841636483 0
    outer loop
      vertex 29.880060020873707 15.326284287026162 0
      vertex 29.755519422436933 15.478037445300206 0
      vertex 29.880060020873707 15.326284287026162 2.822958319853062
    endloop
  endfacet
  facet normal 0 0 -1
    outer loop
      vertex 29.994408836907635 15.166710699058807 0
      vertex 28.826866070657005 16.190618224598065 0
      vertex 29.478037445300206 15.755519422436933 0
    endloop
  endfacet
  facet normal 0 0 -1
    outer loop
      vertex 29.478037445300206 15.755519422436933 0
      vertex 28.826866070657005 16.190618224598065 0
      vertex 29.166710699058807 15.994408836907635 0
    endloop
  endfacet
  facet normal 0 0 -1
    outer loop
      vertex 29.326284287026162 15.880060020873707 0
      vertex 29.478037445300206 15.755519422436933 0
      vertex 29.166710699058807 15.994408836907635 0
    endloop
  endfacet
  facet normal 0 0 -1
    outer loop
      vertex 28.826866070657005 16.190618224598065 0
      vertex 29 16.098076211353316 0
      vertex 29.166710699058807 15.994408836907635 0
    endloop
  endfacet
  facet normal 0 0 -1
    outer loop
      vertex 28.464318395909483 16.340790388485317 0
      vertex 28.64805029709527 16.271638597533858 0
      vertex 28.826866070657005 16.190618224598065 0
    endloop
  endfacet
  facet normal 0 0 -1
    outer loop
      vertex 29.478037445300206 15.755519422436933 0
      vertex 29.621320343559642 15.621320343559642 0
      vertex 29.755519422436933 15.478037445300206 0
    endloop
  endfacet
  facet normal 0.6835923020228756 0.7298640726978316 0
    outer loop
      vertex 29.478037445300206 15.755519422436933 0
      vertex 29.621320343559642 15.621320343559642 2.871007992860579
      vertex 29.621320343559642 15.621320343559642 0
    endloop
  endfacet
  facet normal 0.5824776968677962 0.8128466845916195 3.3519650329078897e-16
    outer loop
      vertex 29.326284287026162 15.880060020873707 0
      vertex 29.166710699058807 15.994408836907635 0
      vertex 29.214583759791605 15.96010348672753 2.9261823313497075
    endloop
  endfacet
  facet normal 0.6343932841636483 0.7730104533627348 0
    outer loop
      vertex 29.326284287026162 15.880060020873707 0
      vertex 29.478037445300206 15.755519422436933 2.892863700714484
      vertex 29.478037445300206 15.755519422436933 0
    endloop
  endfacet
  facet normal 0.5280678506503702 0.8492021815265774 0
    outer loop
      vertex 29 16.098076211353316 0
      vertex 29.166710699058807 15.994408836907635 2.9320770686190625
      vertex 29.166710699058807 15.994408836907635 0
    endloop
  endfacet
  facet normal 0.47139673682600014 0.8819212643483537 0
    outer loop
      vertex 28.826866070657005 16.190618224598065 0
      vertex 29 16.098076211353316 2.949890381485798
      vertex 29 16.098076211353316 0
    endloop
  endfacet
  facet normal 0.41270702980438595 0.9108638249211798 0
    outer loop
      vertex 28.826866070657005 16.190618224598065 0
      vertex 28.64805029709527 16.271638597533858 0
      vertex 28.826866070657005 16.190618224598065 2.9657920076633766
    endloop
  endfacet
  facet normal 0.7298640726978315 0.6835923020228756 0
    outer loop
      vertex 29.755519422436933 15.478037445300206 0
      vertex 29.621320343559642 15.621320343559642 0
      vertex 29.755519422436933 15.478037445300206 2.8476728910773366
    endloop
  endfacet
  facet normal 0.03271908282178652 0.9994645874763652 0
    outer loop
      vertex 27.5 16.5 0
      vertex 27.5 16.5 3.6
      vertex 27.69620938769043 16.49357676971581 0
    endloop
  endfacet
  facet normal 0.0980171403295605 0.9951847266721969 0
    outer loop
      vertex 27.69620938769043 16.49357676971581 0
      vertex 27.69620938769043 16.49357676971581 3.6
      vertex 27.891578576660155 16.47433458412143 0
    endloop
  endfacet
  facet normal 0.1628954733945922 0.9866433320848785 -2.0441686465250325e-16
    outer loop
      vertex 27.891578576660155 16.47433458412143 0
      vertex 28.019999999999996 16.45313212131783 3.0109001450994732
      vertex 28.085270966048384 16.44235584120969 3.0090484415125704
    endloop
  endfacet
  facet normal 0.22707626303436154 0.9738769792773364 0
    outer loop
      vertex 28.085270966048384 16.44235584120969 0
      vertex 28.085270966048384 16.44235584120969 3.0090484415125704
      vertex 28.276457135307563 16.397777478867205 3.0013884779055107
    endloop
  endfacet
  facet normal 0.1628954733945875 0.9866433320848792 0
    outer loop
      vertex 27.891578576660155 16.47433458412143 0
      vertex 27.891578576660155 16.47433458412143 3.6
      vertex 28.019999999999996 16.45313212131783 3.0109001450994732
    endloop
  endfacet
  facet normal 0.29028467725446644 0.9569403357322076 0
    outer loop
      vertex 28.276457135307563 16.397777478867205 0
      vertex 28.276457135307563 16.397777478867205 3.0013884779055107
      vertex 28.464318395909483 16.340790388485317 2.991596304854293
    endloop
  endfacet
  facet normal 0.35225004792123804 0.9359059267573239 0
    outer loop
      vertex 28.464318395909483 16.340790388485317 0
      vertex 28.464318395909483 16.340790388485317 2.991596304854293
      vertex 28.64805029709527 16.271638597533858 2.979713853947244
    endloop
  endfacet
  facet normal 0.9359059267573216 0.352250047921244 0
    outer loop
      vertex 30.271638597533858 14.648050297095269 0
      vertex 30.271638597533858 14.648050297095269 2.7167873061845373
      vertex 30.340790388485317 14.464318395909485 2.688508261863736
    endloop
  endfacet
  facet normal 0.9108638249211815 0.41270702980438256 0
    outer loop
      vertex 30.190618224598065 14.826866070657005 0
      vertex 30.190618224598065 14.826866070657005 2.744309686093389
      vertex 30.271638597533858 14.648050297095269 2.7167873061845373
    endloop
  endfacet
  facet normal 0.8819212643483537 0.47139673682600003 0
    outer loop
      vertex 30.098076211353316 15 0
      vertex 30.098076211353316 15 2.770957546534208
      vertex 30.190618224598065 14.826866070657005 2.744309686093389
    endloop
  endfacet
  facet normal 0.8492021815265813 0.528067850650364 0
    outer loop
      vertex 30.098076211353316 15 0
      vertex 30.018970227915464 15.127212769390326 2.7905374644501677
      vertex 30.098076211353316 15 2.770957546534208
    endloop
  endfacet
  facet normal 0.8492021815265649 0.5280678506503904 0
    outer loop
      vertex 29.994408836907635 15.166710699058807 0
      vertex 29.994408836907635 15.166710699058807 2.7969701107759875
      vertex 30.018970227915464 15.127212769390326 2.7905374644501677
    endloop
  endfacet
  facet normal 0.7730104533627347 0.6343932841636483 0
    outer loop
      vertex 29.755519422436933 15.478037445300206 0
      vertex 29.755519422436933 15.478037445300206 2.8476728910773366
      vertex 29.880060020873707 15.326284287026162 2.822958319853062
    endloop
  endfacet
  facet normal 0.8128466845916195 0.5824776968677962 0
    outer loop
      vertex 29.880060020873707 15.326284287026162 0
      vertex 29.880060020873707 15.326284287026162 2.822958319853062
      vertex 29.994408836907635 15.166710699058807 2.7969701107759875
    endloop
  endfacet
  facet normal 0.6835923020228757 0.7298640726978316 0
    outer loop
      vertex 29.478037445300206 15.755519422436933 0
      vertex 29.478037445300206 15.755519422436933 2.892863700714484
      vertex 29.621320343559642 15.621320343559642 2.871007992860579
    endloop
  endfacet
  facet normal 0.5824776968678096 0.8128466845916098 0
    outer loop
      vertex 29.166710699058807 15.994408836907635 0
      vertex 29.166710699058807 15.994408836907635 2.9320770686190625
      vertex 29.214583759791605 15.96010348672753 2.9261823313497075
    endloop
  endfacet
  facet normal 0.5824776968677905 0.8128466845916237 0
    outer loop
      vertex 29.326284287026162 15.880060020873707 0
      vertex 29.214583759791605 15.96010348672753 2.9261823313497075
      vertex 29.326284287026162 15.880060020873707 2.91314642514267
    endloop
  endfacet
  facet normal 0.6343932841636483 0.7730104533627347 0
    outer loop
      vertex 29.326284287026162 15.880060020873707 0
      vertex 29.326284287026162 15.880060020873707 2.91314642514267
      vertex 29.478037445300206 15.755519422436933 2.892863700714484
    endloop
  endfacet
  facet normal 0.5280678506503703 0.8492021815265776 0
    outer loop
      vertex 29 16.098076211353316 0
      vertex 29 16.098076211353316 2.949890381485798
      vertex 29.166710699058807 15.994408836907635 2.9320770686190625
    endloop
  endfacet
  facet normal 0.47139673682600014 0.8819212643483537 0
    outer loop
      vertex 28.826866070657005 16.190618224598065 0
      vertex 28.826866070657005 16.190618224598065 2.9657920076633766
      vertex 29 16.098076211353316 2.949890381485798
    endloop
  endfacet
  facet normal 0.41270702980438595 0.9108638249211798 0
    outer loop
      vertex 28.64805029709527 16.271638597533858 0
      vertex 28.64805029709527 16.271638597533858 2.979713853947244
      vertex 28.826866070657005 16.190618224598065 2.9657920076633766
    endloop
  endfacet
  facet normal 0.7298640726978316 0.6835923020228756 0
    outer loop
      vertex 29.621320343559642 15.621320343559642 0
      vertex 29.621320343559642 15.621320343559642 2.871007992860579
      vertex 29.755519422436933 15.478037445300206 2.8476728910773366
    endloop
  endfacet
  facet normal 0.03271908282178652 0.9994645874763652 0
    outer loop
      vertex 27.69620938769043 16.49357676971581 0
      vertex 27.5 16.5 3.6
      vertex 27.69620938769043 16.49357676971581 3.6
    endloop
  endfacet
  facet normal 0.0980171403295605 0.9951847266721969 0
    outer loop
      vertex 27.891578576660155 16.47433458412143 0
      vertex 27.69620938769043 16.49357676971581 3.6
      vertex 27.891578576660155 16.47433458412143 3.6
    endloop
  endfacet
  facet normal 0 0 1
    outer loop
      vertex 26 16.20614511087408 3.6
      vertex 28 16.195159881374046 3.6
      vertex 27.5 16.5 3.6
    endloop
  endfacet
  facet normal 0.16289547339458751 0.9866433320848793 0
    outer loop
      vertex 27.891578576660155 16.47433458412143 3.6
      vertex 28.019999999999996 16.45313212131783 3.6
      vertex 28.019999999999996 16.45313212131783 3.0109001450994732
    endloop
  endfacet
  facet normal 0 0 1
    outer loop
      vertex 27.5 16.5 3.6
      vertex 27.891578576660155 16.47433458412143 3.6
      vertex 27.69620938769043 16.49357676971581 3.6
    endloop
  endfacet
  facet normal 0 0 1
    outer loop
      vertex 27.5 16.5 3.6
      vertex 28.019999999999996 16.45313212131783 3.6
      vertex 27.891578576660155 16.47433458412143 3.6
    endloop
  endfacet
  facet normal 0 0 1
    outer loop
      vertex 27.5 16.5 3.6
      vertex 28 16.195159881374046 3.6
      vertex 28.019999999999996 16.45313212131783 3.6
    endloop
  endfacet
  facet normal -1 0 0
    outer loop
      vertex 28.001 -15.688705819066325 7.303689959552488
      vertex 28.001 -15.73910874409745 7.3272144376237405
      vertex 28.001 -15.636872236087326 7.283512358213946
    endloop
  endfacet
  facet normal -1 0 0
    outer loop
      vertex 28.001 -15.636872236087326 7.283512358213946
      vertex 28.001 -15.475032039599418 7.243851034256126
      vertex 28.001 -15.583829954520404 7.266768037194767
    endloop
  endfacet
  facet normal -1 0 0
    outer loop
      vertex 28.001 -15.583829954520404 7.266768037194767
      vertex 28.001 -15.475032039599418 7.243851034256126
      vertex 28.001 -15.529806109558429 7.253528698248191
    endloop
  endfacet
  facet normal -1 0 0
    outer loop
      vertex 28.001 -15.999938447082126 7.532060578817847
      vertex 28.001 -16.034738846041837 7.5754516856539595
      vertex 28.001 -15.922208291606179 7.452560904324621
    endloop
  endfacet
  facet normal -1 0 0
    outer loop
      vertex 28.001 -16.12113235532559 7.717934777180533
      vertex 28.001 -16.143516514608674 7.768854373932741
      vertex 28.001 -16.09546582127904 7.66858819725593
    endloop
  endfacet
  facet normal -1 0 0
    outer loop
      vertex 28.001 -16.034738846041837 7.5754516856539595
      vertex 28.001 -16.066626820508205 7.621025943789996
      vertex 28.001 -16.09546582127904 7.66858819725593
    endloop
  endfacet
  facet normal -1 0 0
    outer loop
      vertex 28.001 -16.034738846041837 7.5754516856539595
      vertex 28.001 -16.09546582127904 7.66858819725593
      vertex 28.001 -16.143516514608674 7.768854373932741
    endloop
  endfacet
  facet normal -1 0 0
    outer loop
      vertex 28.001 -16.034738846041837 7.5754516856539595
      vertex 28.001 -16.143516514608674 7.768854373932741
      vertex 28.001 -16.203360041795406 8.03923321025952
    endloop
  endfacet
  facet normal -1 0 0
    outer loop
      vertex 28.001 -16.143516514608674 7.768854373932741
      vertex 28.001 -16.162522446721763 7.821128941981943
      vertex 28.001 -16.178068765345703 7.874534633602414
    endloop
  endfacet
  facet normal -1 0 0
    outer loop
      vertex 28.001 -15.922208291606179 7.452560904324621
      vertex 28.001 -15.787865178117716 7.353985057001058
      vertex 28.001 -15.87961138754904 7.4167927664786975
    endloop
  endfacet
  facet normal -1 0 0
    outer loop
      vertex 28.001 -15.636872236087326 7.283512358213946
      vertex 28.001 -15.922208291606179 7.452560904324621
      vertex 28.001 -16.034738846041837 7.5754516856539595
    endloop
  endfacet
  facet normal -1 0 0
    outer loop
      vertex 28.001 -15.636872236087326 7.283512358213946
      vertex 28.001 -15.787865178117716 7.353985057001058
      vertex 28.001 -15.922208291606179 7.452560904324621
    endloop
  endfacet
  facet normal -1 0 0
    outer loop
      vertex 28.001 -15.87961138754904 7.4167927664786975
      vertex 28.001 -15.787865178117716 7.353985057001058
      vertex 28.001 -15.834766338591429 7.3838871817823675
    endloop
  endfacet
  facet normal -1 0 0
    outer loop
      vertex 28.001 -15.999938447082126 7.532060578817847
      vertex 28.001 -15.922208291606179 7.452560904324621
      vertex 28.001 -15.962374644280073 7.491038430662655
    endloop
  endfacet
  facet normal -1 0 0
    outer loop
      vertex 28.001 -15.636872236087326 7.283512358213946
      vertex 28.001 -15.73910874409745 7.3272144376237405
      vertex 28.001 -15.787865178117716 7.353985057001058
    endloop
  endfacet
  facet normal -1 0 0
    outer loop
      vertex 28.001 -15.636872236087326 7.283512358213946
      vertex 28.001 -16.034738846041837 7.5754516856539595
      vertex 28.001 -16.203360041795406 8.03923321025952
    endloop
  endfacet
  facet normal -1 0 0
    outer loop
      vertex 28.001 -15.636872236087326 7.283512358213946
      vertex 28.001 -12.20831852916997 6.776322595786633
      vertex 28.001 -15.475032039599418 7.243851034256126
    endloop
  endfacet
  facet normal 0 -0.4229314236154981 -0.9061616913766374
    outer loop
      vertex 28.001 -15.688705819066325 7.303689959552488
      vertex 30.551 -15.688705819066325 7.303689959552488
      vertex 28.001 -15.73910874409745 7.3272144376237405
    endloop
  endfacet
  facet normal 0 -0.3627600847682218 -0.9318825681913748
    outer loop
      vertex 28.001 -15.688705819066325 7.303689959552488
      vertex 28.001 -15.636872236087326 7.283512358213946
      vertex 30.551 -15.688705819066325 7.303689959552488
    endloop
  endfacet
  facet normal 0 -0.30103535154601885 -0.9536129807839052
    outer loop
      vertex 28.001 -15.636872236087326 7.283512358213946
      vertex 28.001 -15.583829954520404 7.266768037194767
      vertex 30.551 -15.636872236087326 7.283512358213946
    endloop
  endfacet
  facet normal 0 -0.2380215387327228 -0.9712598761913863
    outer loop
      vertex 28.001 -15.583829954520404 7.266768037194767
      vertex 28.001 -15.529806109558429 7.253528698248191
      vertex 30.551 -15.583829954520404 7.266768037194767
    endloop
  endfacet
  facet normal 0 -0.17398848114884186 -0.9847476876984882
    outer loop
      vertex 28.001 -15.529806109558429 7.253528698248191
      vertex 28.001 -15.475032039599418 7.243851034256126
      vertex 30.551 -15.529806109558429 7.253528698248191
    endloop
  endfacet
  facet normal 0 -0.30103535154601885 -0.9536129807839052
    outer loop
      vertex 28.001 -15.583829954520404 7.266768037194767
      vertex 30.551 -15.583829954520404 7.266768037194767
      vertex 30.551 -15.636872236087326 7.283512358213946
    endloop
  endfacet
  facet normal 0 -0.3627600847682218 -0.9318825681913748
    outer loop
      vertex 28.001 -15.636872236087326 7.283512358213946
      vertex 30.551 -15.636872236087326 7.283512358213946
      vertex 30.551 -15.688705819066325 7.303689959552488
    endloop
  endfacet
  facet normal 0 -0.2380215387327228 -0.9712598761913863
    outer loop
      vertex 28.001 -15.529806109558429 7.253528698248191
      vertex 30.551 -15.529806109558429 7.253528698248191
      vertex 30.551 -15.583829954520404 7.266768037194767
    endloop
  endfacet
  facet normal 0 -0.17398848114884186 -0.9847476876984882
    outer loop
      vertex 28.001 -15.475032039599418 7.243851034256126
      vertex 30.551 -15.475032039599418 7.243851034256126
      vertex 30.551 -15.529806109558429 7.253528698248191
    endloop
  endfacet
  facet normal 1 0 0
    outer loop
      vertex 30.551 -15.688705819066325 7.303689959552488
      vertex 30.551 -15.529806109558429 7.253528698248191
      vertex 30.551 -15.787865178117716 7.353985057001058
    endloop
  endfacet
  facet normal 1 0 0
    outer loop
      vertex 30.551 -15.688705819066325 7.303689959552488
      vertex 30.551 -15.636872236087326 7.283512358213946
      vertex 30.551 -15.529806109558429 7.253528698248191
    endloop
  endfacet
  facet normal 1 0 0
    outer loop
      vertex 30.551 -15.636872236087326 7.283512358213946
      vertex 30.551 -15.583829954520404 7.266768037194767
      vertex 30.551 -15.529806109558429 7.253528698248191
    endloop
  endfacet
  facet normal 0 -0.7801007329839698 -0.6256539350134969
    outer loop
      vertex 28.001 -15.999938447082126 7.532060578817847
      vertex 30.551 -15.999938447082126 7.532060578817847
      vertex 28.001 -16.034738846041837 7.5754516856539595
    endloop
  endfacet
  facet normal 0 -0.8193502025980712 -0.5732933328606741
    outer loop
      vertex 28.001 -16.034738846041837 7.5754516856539595
      vertex 30.551 -16.066626820508205 7.621025943789996
      vertex 28.001 -16.066626820508205 7.621025943789996
    endloop
  endfacet
  facet normal 0 -0.8550910888556886 -0.5184778006429906
    outer loop
      vertex 28.001 -16.066626820508205 7.621025943789996
      vertex 30.551 -16.066626820508205 7.621025943789996
      vertex 28.001 -16.09546582127904 7.66858819725593
    endloop
  endfacet
  facet normal 0 -0.8871703437948906 -0.4614420668847341
    outer loop
      vertex 28.001 -16.12113235532559 7.717934777180533
      vertex 28.001 -16.09546582127904 7.66858819725593
      vertex 30.551 -16.09546582127904 7.66858819725593
    endloop
  endfacet
  facet normal 0 -0.915450599121066 -0.4024303673542558
    outer loop
      vertex 28.001 -16.12113235532559 7.717934777180533
      vertex 30.551 -16.12113235532559 7.717934777180533
      vertex 28.001 -16.143516514608674 7.768854373932741
    endloop
  endfacet
  facet normal 0 -0.9398107544392883 -0.3416953992084992
    outer loop
      vertex 28.001 -16.143516514608674 7.768854373932741
      vertex 30.551 -16.162522446721763 7.821128941981943
      vertex 28.001 -16.162522446721763 7.821128941981943
    endloop
  endfacet
  facet normal 0 -0.9601464958246295 -0.2794972389052968
    outer loop
      vertex 28.001 -16.178068765345703 7.874534633602414
      vertex 28.001 -16.162522446721763 7.821128941981943
      vertex 30.551 -16.162522446721763 7.821128941981943
    endloop
  endfacet
  facet normal 0 -0.6430522884899986 -0.7658222732904649
    outer loop
      vertex 28.001 -15.922208291606179 7.452560904324621
      vertex 28.001 -15.87961138754904 7.4167927664786975
      vertex 30.551 -15.87961138754904 7.4167927664786975
    endloop
  endfacet
  facet normal 0 -0.537591021768175 -0.843205724194428
    outer loop
      vertex 28.001 -15.787865178117716 7.353985057001058
      vertex 30.551 -15.834766338591429 7.3838871817823675
      vertex 28.001 -15.834766338591429 7.3838871817823675
    endloop
  endfacet
  facet normal 0 -0.4812917051772511 -0.8765604910829452
    outer loop
      vertex 28.001 -15.73910874409745 7.3272144376237405
      vertex 30.551 -15.787865178117716 7.353985057001058
      vertex 28.001 -15.787865178117716 7.353985057001058
    endloop
  endfacet
  facet normal 0 -0.5915882910714194 -0.8062402209436078
    outer loop
      vertex 28.001 -15.87961138754904 7.4167927664786975
      vertex 28.001 -15.834766338591429 7.3838871817823675
      vertex 30.551 -15.834766338591429 7.3838871817823675
    endloop
  endfacet
  facet normal 0 -0.6917626372860857 -0.7221249570919146
    outer loop
      vertex 28.001 -15.922208291606179 7.452560904324621
      vertex 30.551 -15.962374644280073 7.491038430662655
      vertex 28.001 -15.962374644280073 7.491038430662655
    endloop
  endfacet
  facet normal 0 -0.737510752267986 -0.6753353909644523
    outer loop
      vertex 28.001 -15.999938447082126 7.532060578817847
      vertex 28.001 -15.962374644280073 7.491038430662655
      vertex 30.551 -15.962374644280073 7.491038430662655
    endloop
  endfacet
  facet normal 0 -0.737510752267986 -0.6753353909644523
    outer loop
      vertex 28.001 -15.999938447082126 7.532060578817847
      vertex 30.551 -15.962374644280073 7.491038430662655
      vertex 30.551 -15.999938447082126 7.532060578817847
    endloop
  endfacet
  facet normal 0 -0.7801007329839698 -0.6256539350134969
    outer loop
      vertex 28.001 -16.034738846041837 7.5754516856539595
      vertex 30.551 -15.999938447082126 7.532060578817847
      vertex 30.551 -16.034738846041837 7.5754516856539595
    endloop
  endfacet
  facet normal 0 -0.8193502025980712 -0.5732933328606741
    outer loop
      vertex 28.001 -16.034738846041837 7.5754516856539595
      vertex 30.551 -16.034738846041837 7.5754516856539595
      vertex 30.551 -16.066626820508205 7.621025943789996
    endloop
  endfacet
  facet normal 1 0 0
    outer loop
      vertex 30.551 -15.999938447082126 7.532060578817847
      vertex 30.551 -16.09546582127904 7.66858819725593
      vertex 30.551 -16.034738846041837 7.5754516856539595
    endloop
  endfacet
  facet normal 0 -0.8550910888556886 -0.5184778006429906
    outer loop
      vertex 28.001 -16.09546582127904 7.66858819725593
      vertex 30.551 -16.066626820508205 7.621025943789996
      vertex 30.551 -16.09546582127904 7.66858819725593
    endloop
  endfacet
  facet normal 0 -0.8871703437948906 -0.4614420668847341
    outer loop
      vertex 28.001 -16.12113235532559 7.717934777180533
      vertex 30.551 -16.09546582127904 7.66858819725593
      vertex 30.551 -16.12113235532559 7.717934777180533
    endloop
  endfacet
  facet normal 0 -0.915450599121066 -0.4024303673542558
    outer loop
      vertex 28.001 -16.143516514608674 7.768854373932741
      vertex 30.551 -16.12113235532559 7.717934777180533
      vertex 30.551 -16.143516514608674 7.768854373932741
    endloop
  endfacet
  facet normal 0 -0.9398107544392883 -0.3416953992084992
    outer loop
      vertex 28.001 -16.143516514608674 7.768854373932741
      vertex 30.551 -16.143516514608674 7.768854373932741
      vertex 30.551 -16.162522446721763 7.821128941981943
    endloop
  endfacet
  facet normal 0 -0.9601464958246295 -0.2794972389052968
    outer loop
      vertex 28.001 -16.178068765345703 7.874534633602414
      vertex 30.551 -16.162522446721763 7.821128941981943
      vertex 30.551 -16.178068765345703 7.874534633602414
    endloop
  endfacet
  facet normal 1 0 0
    outer loop
      vertex 30.551 -16.12113235532559 7.717934777180533
      vertex 30.551 -16.09546582127904 7.66858819725593
      vertex 30.551 -16.143516514608674 7.768854373932741
    endloop
  endfacet
  facet normal 1 0 0
    outer loop
      vertex 30.551 -16.034738846041837 7.5754516856539595
      vertex 30.551 -16.09546582127904 7.66858819725593
      vertex 30.551 -16.066626820508205 7.621025943789996
    endloop
  endfacet
  facet normal 1 0 0
    outer loop
      vertex 30.551 -15.999938447082126 7.532060578817847
      vertex 30.551 -16.19853137490032 7.983820757721897
      vertex 30.551 -16.09546582127904 7.66858819725593
    endloop
  endfacet
  facet normal 1 0 0
    outer loop
      vertex 30.551 -16.09546582127904 7.66858819725593
      vertex 30.551 -16.162522446721763 7.821128941981943
      vertex 30.551 -16.143516514608674 7.768854373932741
    endloop
  endfacet
  facet normal 1 0 0
    outer loop
      vertex 30.551 -16.09546582127904 7.66858819725593
      vertex 30.551 -16.19853137490032 7.983820757721897
      vertex 30.551 -16.162522446721763 7.821128941981943
    endloop
  endfacet
  facet normal 1 0 0
    outer loop
      vertex 30.551 -16.178068765345703 7.874534633602414
      vertex 30.551 -16.162522446721763 7.821128941981943
      vertex 30.551 -16.190088898757434 7.928842757423645
    endloop
  endfacet
  facet normal 0 -0.5915882910714194 -0.8062402209436078
    outer loop
      vertex 28.001 -15.87961138754904 7.4167927664786975
      vertex 30.551 -15.834766338591429 7.3838871817823675
      vertex 30.551 -15.87961138754904 7.4167927664786975
    endloop
  endfacet
  facet normal 0 -0.6430522884899986 -0.7658222732904649
    outer loop
      vertex 28.001 -15.922208291606179 7.452560904324621
      vertex 30.551 -15.87961138754904 7.4167927664786975
      vertex 30.551 -15.922208291606179 7.452560904324621
    endloop
  endfacet
  facet normal 0 -0.537591021768175 -0.843205724194428
    outer loop
      vertex 28.001 -15.787865178117716 7.353985057001058
      vertex 30.551 -15.787865178117716 7.353985057001058
      vertex 30.551 -15.834766338591429 7.3838871817823675
    endloop
  endfacet
  facet normal 0 -0.4812917051772511 -0.8765604910829452
    outer loop
      vertex 28.001 -15.73910874409745 7.3272144376237405
      vertex 30.551 -15.73910874409745 7.3272144376237405
      vertex 30.551 -15.787865178117716 7.353985057001058
    endloop
  endfacet
  facet normal 0 -0.6917626372860857 -0.7221249570919146
    outer loop
      vertex 28.001 -15.922208291606179 7.452560904324621
      vertex 30.551 -15.922208291606179 7.452560904324621
      vertex 30.551 -15.962374644280073 7.491038430662655
    endloop
  endfacet
  facet normal 0 -0.4229314236154981 -0.9061616913766374
    outer loop
      vertex 28.001 -15.73910874409745 7.3272144376237405
      vertex 30.551 -15.688705819066325 7.303689959552488
      vertex 30.551 -15.73910874409745 7.3272144376237405
    endloop
  endfacet
  facet normal 1 0 0
    outer loop
      vertex 30.551 -15.922208291606179 7.452560904324621
      vertex 30.551 -15.87961138754904 7.4167927664786975
      vertex 30.551 -15.787865178117716 7.353985057001058
    endloop
  endfacet
  facet normal 1 0 0
    outer loop
      vertex 30.551 -15.999938447082126 7.532060578817847
      vertex 30.551 -15.922208291606179 7.452560904324621
      vertex 30.551 -15.787865178117716 7.353985057001058
    endloop
  endfacet
  facet normal 1 0 0
    outer loop
      vertex 30.551 -15.688705819066325 7.303689959552488
      vertex 30.551 -15.787865178117716 7.353985057001058
      vertex 30.551 -15.73910874409745 7.3272144376237405
    endloop
  endfacet
  facet normal 1 0 0
    outer loop
      vertex 30.551 -15.529806109558429 7.253528698248191
      vertex 30.551 -15.999938447082126 7.532060578817847
      vertex 30.551 -15.787865178117716 7.353985057001058
    endloop
  endfacet
  facet normal 1 0 0
    outer loop
      vertex 30.551 -15.87961138754904 7.4167927664786975
      vertex 30.551 -15.834766338591429 7.3838871817823675
      vertex 30.551 -15.787865178117716 7.353985057001058
    endloop
  endfacet
  facet normal 1 0 0
    outer loop
      vertex 30.551 -15.999938447082126 7.532060578817847
      vertex 30.551 -15.962374644280073 7.491038430662655
      vertex 30.551 -15.922208291606179 7.452560904324621
    endloop
  endfacet
  facet normal 1 0 0
    outer loop
      vertex 30.551 -15.529806109558429 7.253528698248191
      vertex 30.551 -11.87715192955744 6.794288085545185
      vertex 30.551 -15.999938447082126 7.532060578817847
    endloop
  endfacet
  facet normal -1 0 0
    outer loop
      vertex 28.001 -16.143516514608674 7.768854373932741
      vertex 28.001 -16.178068765345703 7.874534633602414
      vertex 28.001 -16.203360041795406 8.03923321025952
    endloop
  endfacet
  facet normal -1 0 0
    outer loop
      vertex 28.001 -16.178068765345703 7.874534633602414
      vertex 28.001 -16.190088898757434 7.928842757423645
      vertex 28.001 -16.203360041795406 8.03923321025952
    endloop
  endfacet
  facet normal -1 0 0
    outer loop
      vertex 28.001 -16.190088898757434 7.928842757423645
      vertex 28.001 -16.19853137490032 7.983820757721897
      vertex 28.001 -16.203360041795406 8.03923321025952
    endloop
  endfacet
  facet normal -1 0 0
    outer loop
      vertex 28.001 -16.203360041795406 8.03923321025952
      vertex 28.001 -16.20455422234974 8.09484283040767
      vertex 28.001 -16.196034255104255 8.205701233214944
    endloop
  endfacet
  facet normal -1 0 0
    outer loop
      vertex 28.001 -16.20455422234974 8.09484283040767
      vertex 28.001 -16.20210880289885 8.15041148923553
      vertex 28.001 -16.196034255104255 8.205701233214944
    endloop
  endfacet
  facet normal -1 0 0
    outer loop
      vertex 28.001 -16.203360041795406 8.03923321025952
      vertex 28.001 -16.196034255104255 8.205701233214944
      vertex 28.001 -16.143854005796783 8.55744925866754
    endloop
  endfacet
  facet normal -1 0 0
    outer loop
      vertex 28.001 -16.196034255104255 8.205701233214944
      vertex 28.001 -16.153531669788844 8.50267518870853
      vertex 28.001 -16.143854005796783 8.55744925866754
    endloop
  endfacet
  facet normal -1 0 0
    outer loop
      vertex 28.001 -15.636872236087326 7.283512358213946
      vertex 28.001 -16.203360041795406 8.03923321025952
      vertex 28.001 -15.776356760254977 9.094269969617319
    endloop
  endfacet
  facet normal -1 0 0
    outer loop
      vertex 28.001 -16.203360041795406 8.03923321025952
      vertex 28.001 -16.143854005796783 8.55744925866754
      vertex 28.001 -16.093692744492483 8.716348968175438
    endloop
  endfacet
  facet normal -1 0 0
    outer loop
      vertex 28.001 -16.143854005796783 8.55744925866754
      vertex 28.001 -16.130614666850207 8.611473103629518
      vertex 28.001 -16.113870345831025 8.66451538519644
    endloop
  endfacet
  facet normal -1 0 0
    outer loop
      vertex 28.001 -16.143854005796783 8.55744925866754
      vertex 28.001 -16.113870345831025 8.66451538519644
      vertex 28.001 -16.093692744492483 8.716348968175438
    endloop
  endfacet
  facet normal -1 0 0
    outer loop
      vertex 28.001 -16.203360041795406 8.03923321025952
      vertex 28.001 -16.093692744492483 8.716348968175438
      vertex 28.001 -15.776356760254977 9.094269969617319
    endloop
  endfacet
  facet normal -1 0 0
    outer loop
      vertex 28.001 -16.093692744492483 8.716348968175438
      vertex 28.001 -16.07016826642123 8.766751893206562
      vertex 28.001 -16.043397647043914 8.81550832722683
    endloop
  endfacet
  facet normal -1 0 0
    outer loop
      vertex 28.001 -16.093692744492483 8.716348968175438
      vertex 28.001 -16.043397647043914 8.81550832722683
      vertex 28.001 -15.980589937566275 8.907254536658154
    endloop
  endfacet
  facet normal -1 0 0
    outer loop
      vertex 28.001 -16.043397647043914 8.81550832722683
      vertex 28.001 -16.013495522262605 8.862409487700543
      vertex 28.001 -15.980589937566275 8.907254536658154
    endloop
  endfacet
  facet normal -1 0 0
    outer loop
      vertex 28.001 -16.093692744492483 8.716348968175438
      vertex 28.001 -15.980589937566275 8.907254536658154
      vertex 28.001 -15.776356760254977 9.094269969617319
    endloop
  endfacet
  facet normal -1 0 0
    outer loop
      vertex 28.001 -15.980589937566275 8.907254536658154
      vertex 28.001 -15.944821799720351 8.949851440715292
      vertex 28.001 -15.906344273382317 8.990017793389187
    endloop
  endfacet
  facet normal -1 0 0
    outer loop
      vertex 28.001 -15.980589937566275 8.907254536658154
      vertex 28.001 -15.906344273382317 8.990017793389187
      vertex 28.001 -15.776356760254977 9.094269969617319
    endloop
  endfacet
  facet normal 0 -0.9763707425104722 -0.21610222851592484
    outer loop
      vertex 28.001 -16.178068765345703 7.874534633602414
      vertex 30.551 -16.190088898757434 7.928842757423645
      vertex 28.001 -16.190088898757434 7.928842757423645
    endloop
  endfacet
  facet normal 0 -0.9884140197817298 -0.15178183520738578
    outer loop
      vertex 28.001 -16.190088898757434 7.928842757423645
      vertex 30.551 -16.19853137490032 7.983820757721897
      vertex 28.001 -16.19853137490032 7.983820757721897
    endloop
  endfacet
  facet normal 0 -0.9962247564761931 -0.08681148877855964
    outer loop
      vertex 28.001 -16.19853137490032 7.983820757721897
      vertex 30.551 -16.19853137490032 7.983820757721897
      vertex 28.001 -16.203360041795406 8.03923321025952
    endloop
  endfacet
  facet normal 0 -0.9997695058202188 -0.02146940222724439
    outer loop
      vertex 28.001 -16.203360041795406 8.03923321025952
      vertex 30.551 -16.20455422234974 8.09484283040767
      vertex 28.001 -16.20455422234974 8.09484283040767
    endloop
  endfacet
  facet normal 0 -0.9990330886529171 0.04396461960045541
    outer loop
      vertex 28.001 -16.20455422234974 8.09484283040767
      vertex 30.551 -16.20210880289885 8.15041148923553
      vertex 28.001 -16.20210880289885 8.15041148923553
    endloop
  endfacet
  facet normal 0 -0.994018658425658 0.10921037817742013
    outer loop
      vertex 28.001 -16.20210880289885 8.15041148923553
      vertex 30.551 -16.20210880289885 8.15041148923553
      vertex 28.001 -16.196034255104255 8.205701233214944
    endloop
  endfacet
  facet normal 0 -0.9899131849786189 0.14167528438470342
    outer loop
      vertex 28.001 -16.196034255104255 8.205701233214944
      vertex 30.551 -16.153531669788844 8.50267518870853
      vertex 28.001 -16.153531669788844 8.50267518870853
    endloop
  endfacet
  facet normal 0 -0.9763707425104722 -0.21610222851592484
    outer loop
      vertex 28.001 -16.178068765345703 7.874534633602414
      vertex 30.551 -16.178068765345703 7.874534633602414
      vertex 30.551 -16.190088898757434 7.928842757423645
    endloop
  endfacet
  facet normal 0 -0.9884140197817298 -0.15178183520738578
    outer loop
      vertex 28.001 -16.190088898757434 7.928842757423645
      vertex 30.551 -16.190088898757434 7.928842757423645
      vertex 30.551 -16.19853137490032 7.983820757721897
    endloop
  endfacet
  facet normal 0 -0.9962247564761931 -0.08681148877855964
    outer loop
      vertex 28.001 -16.203360041795406 8.03923321025952
      vertex 30.551 -16.19853137490032 7.983820757721897
      vertex 30.551 -16.203360041795406 8.03923321025952
    endloop
  endfacet
  facet normal 0 -0.9997695058202188 -0.02146940222724439
    outer loop
      vertex 28.001 -16.203360041795406 8.03923321025952
      vertex 30.551 -16.203360041795406 8.03923321025952
      vertex 30.551 -16.20455422234974 8.09484283040767
    endloop
  endfacet
  facet normal 0 -0.9990330886529171 0.04396461960045541
    outer loop
      vertex 28.001 -16.20455422234974 8.09484283040767
      vertex 30.551 -16.20455422234974 8.09484283040767
      vertex 30.551 -16.20210880289885 8.15041148923553
    endloop
  endfacet
  facet normal 1 0 0
    outer loop
      vertex 30.551 -16.162522446721763 7.821128941981943
      vertex 30.551 -16.19853137490032 7.983820757721897
      vertex 30.551 -16.190088898757434 7.928842757423645
    endloop
  endfacet
  facet normal 1 0 0
    outer loop
      vertex 30.551 -16.19853137490032 7.983820757721897
      vertex 30.551 -16.20210880289885 8.15041148923553
      vertex 30.551 -16.203360041795406 8.03923321025952
    endloop
  endfacet
  facet normal 1 0 0
    outer loop
      vertex 30.551 -16.203360041795406 8.03923321025952
      vertex 30.551 -16.20210880289885 8.15041148923553
      vertex 30.551 -16.20455422234974 8.09484283040767
    endloop
  endfacet
  facet normal 1 0 0
    outer loop
      vertex 30.551 -15.999938447082126 7.532060578817847
      vertex 30.551 -16.130614666850207 8.611473103629518
      vertex 30.551 -16.19853137490032 7.983820757721897
    endloop
  endfacet
  facet normal 0 -0.994018658425658 0.10921037817742013
    outer loop
      vertex 28.001 -16.196034255104255 8.205701233214944
      vertex 30.551 -16.20210880289885 8.15041148923553
      vertex 30.551 -16.196034255104255 8.205701233214944
    endloop
  endfacet
  facet normal 0 -0.9899131849786189 0.14167528438470342
    outer loop
      vertex 28.001 -16.196034255104255 8.205701233214944
      vertex 30.551 -16.196034255104255 8.205701233214944
      vertex 30.551 -16.153531669788844 8.50267518870853
    endloop
  endfacet
  facet normal 1 0 0
    outer loop
      vertex 30.551 -16.20210880289885 8.15041148923553
      vertex 30.551 -16.153531669788844 8.50267518870853
      vertex 30.551 -16.196034255104255 8.205701233214944
    endloop
  endfacet
  facet normal 1 0 0
    outer loop
      vertex 30.551 -16.19853137490032 7.983820757721897
      vertex 30.551 -16.130614666850207 8.611473103629518
      vertex 30.551 -16.20210880289885 8.15041148923553
    endloop
  endfacet
  facet normal 1 0 0
    outer loop
      vertex 30.551 -16.20210880289885 8.15041148923553
      vertex 30.551 -16.130614666850207 8.611473103629518
      vertex 30.551 -16.153531669788844 8.50267518870853
    endloop
  endfacet
  facet normal 0 -0.9847476876984992 0.17398848114877993
    outer loop
      vertex 28.001 -16.153531669788844 8.50267518870853
      vertex 30.551 -16.153531669788844 8.50267518870853
      vertex 28.001 -16.143854005796783 8.55744925866754
    endloop
  endfacet
  facet normal 0 -0.9712598761913881 0.23802153873271545
    outer loop
      vertex 28.001 -16.143854005796783 8.55744925866754
      vertex 30.551 -16.130614666850207 8.611473103629518
      vertex 28.001 -16.130614666850207 8.611473103629518
    endloop
  endfacet
  facet normal 0 -0.953612980783887 0.3010353515460769
    outer loop
      vertex 28.001 -16.130614666850207 8.611473103629518
      vertex 30.551 -16.130614666850207 8.611473103629518
      vertex 28.001 -16.113870345831025 8.66451538519644
    endloop
  endfacet
  facet normal 0 -0.9318825681913748 0.3627600847682218
    outer loop
      vertex 28.001 -16.113870345831025 8.66451538519644
      vertex 30.551 -16.093692744492483 8.716348968175438
      vertex 28.001 -16.093692744492483 8.716348968175438
    endloop
  endfacet
  facet normal 0 -0.9061616913766377 0.4229314236154973
    outer loop
      vertex 28.001 -16.093692744492483 8.716348968175438
      vertex 30.551 -16.093692744492483 8.716348968175438
      vertex 28.001 -16.07016826642123 8.766751893206562
    endloop
  endfacet
  facet normal 0 -0.8765604910829593 0.48129170517722536
    outer loop
      vertex 28.001 -16.07016826642123 8.766751893206562
      vertex 30.551 -16.043397647043914 8.81550832722683
      vertex 28.001 -16.043397647043914 8.81550832722683
    endloop
  endfacet
  facet normal 0 -0.8432057241944352 0.5375910217681636
    outer loop
      vertex 28.001 -16.043397647043914 8.81550832722683
      vertex 30.551 -16.013495522262605 8.862409487700543
      vertex 28.001 -16.013495522262605 8.862409487700543
    endloop
  endfacet
  facet normal 0 -0.8062402209436078 0.5915882910714194
    outer loop
      vertex 28.001 -16.013495522262605 8.862409487700543
      vertex 30.551 -16.013495522262605 8.862409487700543
      vertex 28.001 -15.980589937566275 8.907254536658154
    endloop
  endfacet
  facet normal 0 -0.765822273290457 0.6430522884900081
    outer loop
      vertex 28.001 -15.980589937566275 8.907254536658154
      vertex 30.551 -15.980589937566275 8.907254536658154
      vertex 28.001 -15.944821799720351 8.949851440715292
    endloop
  endfacet
  facet normal 0 -0.7221249570919146 0.6917626372860857
    outer loop
      vertex 28.001 -15.944821799720351 8.949851440715292
      vertex 30.551 -15.906344273382317 8.990017793389187
      vertex 28.001 -15.906344273382317 8.990017793389187
    endloop
  endfacet
  facet normal 0 -0.9847476876984992 0.17398848114877993
    outer loop
      vertex 28.001 -16.143854005796783 8.55744925866754
      vertex 30.551 -16.153531669788844 8.50267518870853
      vertex 30.551 -16.143854005796783 8.55744925866754
    endloop
  endfacet
  facet normal 0 -0.9712598761913881 0.23802153873271545
    outer loop
      vertex 28.001 -16.143854005796783 8.55744925866754
      vertex 30.551 -16.143854005796783 8.55744925866754
      vertex 30.551 -16.130614666850207 8.611473103629518
    endloop
  endfacet
  facet normal 0 -0.953612980783887 0.3010353515460769
    outer loop
      vertex 28.001 -16.113870345831025 8.66451538519644
      vertex 30.551 -16.130614666850207 8.611473103629518
      vertex 30.551 -16.113870345831025 8.66451538519644
    endloop
  endfacet
  facet normal 0 -0.9318825681913748 0.3627600847682218
    outer loop
      vertex 28.001 -16.113870345831025 8.66451538519644
      vertex 30.551 -16.113870345831025 8.66451538519644
      vertex 30.551 -16.093692744492483 8.716348968175438
    endloop
  endfacet
  facet normal 1 0 0
    outer loop
      vertex 30.551 -16.153531669788844 8.50267518870853
      vertex 30.551 -16.130614666850207 8.611473103629518
      vertex 30.551 -16.143854005796783 8.55744925866754
    endloop
  endfacet
  facet normal 1 0 0
    outer loop
      vertex 30.551 -16.130614666850207 8.611473103629518
      vertex 30.551 -16.093692744492483 8.716348968175438
      vertex 30.551 -16.113870345831025 8.66451538519644
    endloop
  endfacet
  facet normal 1 0 0
    outer loop
      vertex 30.551 -16.130614666850207 8.611473103629518
      vertex 30.551 -16.043397647043914 8.81550832722683
      vertex 30.551 -16.093692744492483 8.716348968175438
    endloop
  endfacet
  facet normal 0 -0.9061616913766377 0.4229314236154973
    outer loop
      vertex 28.001 -16.07016826642123 8.766751893206562
      vertex 30.551 -16.093692744492483 8.716348968175438
      vertex 30.551 -16.07016826642123 8.766751893206562
    endloop
  endfacet
  facet normal 0 -0.8765604910829593 0.48129170517722536
    outer loop
      vertex 28.001 -16.07016826642123 8.766751893206562
      vertex 30.551 -16.07016826642123 8.766751893206562
      vertex 30.551 -16.043397647043914 8.81550832722683
    endloop
  endfacet
  facet normal 0 -0.8432057241944352 0.5375910217681636
    outer loop
      vertex 28.001 -16.043397647043914 8.81550832722683
      vertex 30.551 -16.043397647043914 8.81550832722683
      vertex 30.551 -16.013495522262605 8.862409487700543
    endloop
  endfacet
  facet normal 0 -0.8062402209436078 0.5915882910714194
    outer loop
      vertex 28.001 -15.980589937566275 8.907254536658154
      vertex 30.551 -16.013495522262605 8.862409487700543
      vertex 30.551 -15.980589937566275 8.907254536658154
    endloop
  endfacet
  facet normal 1 0 0
    outer loop
      vertex 30.551 -16.093692744492483 8.716348968175438
      vertex 30.551 -16.043397647043914 8.81550832722683
      vertex 30.551 -16.07016826642123 8.766751893206562
    endloop
  endfacet
  facet normal 1 0 0
    outer loop
      vertex 30.551 -16.130614666850207 8.611473103629518
      vertex 30.551 -15.906344273382317 8.990017793389187
      vertex 30.551 -16.043397647043914 8.81550832722683
    endloop
  endfacet
  facet normal 1 0 0
    outer loop
      vertex 30.551 -16.043397647043914 8.81550832722683
      vertex 30.551 -15.980589937566275 8.907254536658154
      vertex 30.551 -16.013495522262605 8.862409487700543
    endloop
  endfacet
  facet normal 1 0 0
    outer loop
      vertex 30.551 -15.999938447082126 7.532060578817847
      vertex 30.551 -15.522848070442558 9.205711914454815
      vertex 30.551 -16.130614666850207 8.611473103629518
    endloop
  endfacet
  facet normal 0 -0.765822273290457 0.6430522884900081
    outer loop
      vertex 28.001 -15.944821799720351 8.949851440715292
      vertex 30.551 -15.980589937566275 8.907254536658154
      vertex 30.551 -15.944821799720351 8.949851440715292
    endloop
  endfacet
  facet normal 0 -0.7221249570919146 0.6917626372860857
    outer loop
      vertex 28.001 -15.944821799720351 8.949851440715292
      vertex 30.551 -15.944821799720351 8.949851440715292
      vertex 30.551 -15.906344273382317 8.990017793389187
    endloop
  endfacet
  facet normal 1 0 0
    outer loop
      vertex 30.551 -16.043397647043914 8.81550832722683
      vertex 30.551 -15.906344273382317 8.990017793389187
      vertex 30.551 -15.980589937566275 8.907254536658154
    endloop
  endfacet
  facet normal 1 0 0
    outer loop
      vertex 30.551 -15.980589937566275 8.907254536658154
      vertex 30.551 -15.906344273382317 8.990017793389187
      vertex 30.551 -15.944821799720351 8.949851440715292
    endloop
  endfacet
  facet normal 1 0 0
    outer loop
      vertex 30.551 -16.130614666850207 8.611473103629518
      vertex 30.551 -15.522848070442558 9.205711914454815
      vertex 30.551 -15.906344273382317 8.990017793389187
    endloop
  endfacet
  facet normal -1 0 0
    outer loop
      vertex 28.001 -15.636872236087326 7.283512358213946
      vertex 28.001 -12.041850506214546 6.76899680909548
      vertex 28.001 -12.20831852916997 6.776322595786633
    endloop
  endfacet
  facet normal -1 0 0
    outer loop
      vertex 28.001 -15.636872236087326 7.283512358213946
      vertex 28.001 -11.246468330211153 7.497324811291469
      vertex 28.001 -12.041850506214546 6.76899680909548
    endloop
  endfacet
  facet normal 0 -0.1416752843846949 -0.98991318497862
    outer loop
      vertex 28.001 -15.475032039599418 7.243851034256126
      vertex 30.551 -12.20831852916997 6.776322595786633
      vertex 30.551 -15.475032039599418 7.243851034256126
    endloop
  endfacet
  facet normal 1 0 0
    outer loop
      vertex 30.551 -15.529806109558429 7.253528698248191
      vertex 30.551 -15.475032039599418 7.243851034256126
      vertex 30.551 -12.20831852916997 6.776322595786633
    endloop
  endfacet
  facet normal 0 -0.1416752843846949 -0.98991318497862
    outer loop
      vertex 28.001 -15.475032039599418 7.243851034256126
      vertex 28.001 -12.20831852916997 6.776322595786633
      vertex 30.551 -12.20831852916997 6.776322595786633
    endloop
  endfacet
  facet normal 1 0 0
    outer loop
      vertex 30.551 -15.529806109558429 7.253528698248191
      vertex 30.551 -12.20831852916997 6.776322595786633
      vertex 30.551 -12.153028785190557 6.7702480479920375
    endloop
  endfacet
  facet normal 1 0 0
    outer loop
      vertex 30.551 -15.529806109558429 7.253528698248191
      vertex 30.551 -12.153028785190557 6.7702480479920375
      vertex 30.551 -11.87715192955744 6.794288085545185
    endloop
  endfacet
  facet normal 1 0 0
    outer loop
      vertex 30.551 -15.999938447082126 7.532060578817847
      vertex 30.551 -11.87715192955744 6.794288085545185
      vertex 30.551 -11.763127763912673 8.716487641786054
    endloop
  endfacet
  facet normal -1 0 0
    outer loop
      vertex 28.001 -15.636872236087326 7.283512358213946
      vertex 28.001 -15.776356760254977 9.094269969617319
      vertex 28.001 -11.246468330211153 7.497324811291469
    endloop
  endfacet
  facet normal -1 0 0
    outer loop
      vertex 28.001 -11.246468330211153 7.497324811291469
      vertex 28.001 -15.776356760254977 9.094269969617319
      vertex 28.001 -11.763127763912673 8.716487641786054
    endloop
  endfacet
  facet normal -1 0 0
    outer loop
      vertex 28.001 -11.924967960400581 8.756148965743874
      vertex 28.001 -11.763127763912673 8.716487641786054
      vertex 28.001 -15.246971214809442 9.229751952007963
    endloop
  endfacet
  facet normal 1 0 0
    outer loop
      vertex 30.551 -15.999938447082126 7.532060578817847
      vertex 30.551 -11.763127763912673 8.716487641786054
      vertex 30.551 -15.522848070442558 9.205711914454815
    endloop
  endfacet
  facet normal 0 0.1416752843846949 0.98991318497862
    outer loop
      vertex 28.001 -11.924967960400581 8.756148965743874
      vertex 30.551 -15.191681470830028 9.223677404213367
      vertex 30.551 -11.924967960400581 8.756148965743874
    endloop
  endfacet
  facet normal 1 0 0
    outer loop
      vertex 30.551 -11.924967960400581 8.756148965743874
      vertex 30.551 -15.191681470830028 9.223677404213367
      vertex 30.551 -11.763127763912673 8.716487641786054
    endloop
  endfacet
  facet normal -1 0 0
    outer loop
      vertex 28.001 -12.20831852916997 6.776322595786633
      vertex 28.001 -12.041850506214546 6.76899680909548
      vertex 28.001 -12.153028785190557 6.7702480479920375
    endloop
  endfacet
  facet normal -1 0 0
    outer loop
      vertex 28.001 -12.153028785190557 6.7702480479920375
      vertex 28.001 -12.041850506214546 6.76899680909548
      vertex 28.001 -12.097460126362698 6.767802628541148
    endloop
  endfacet
  facet normal -1 0 0
    outer loop
      vertex 28.001 -12.041850506214546 6.76899680909548
      vertex 28.001 -11.931460053378672 6.782267952133454
      vertex 28.001 -11.986438053676924 6.773825475990567
    endloop
  endfacet
  facet normal -1 0 0
    outer loop
      vertex 28.001 -12.041850506214546 6.76899680909548
      vertex 28.001 -11.82374623793697 6.809834404169125
      vertex 28.001 -11.931460053378672 6.782267952133454
    endloop
  endfacet
  facet normal -1 0 0
    outer loop
      vertex 28.001 -11.931460053378672 6.782267952133454
      vertex 28.001 -11.82374623793697 6.809834404169125
      vertex 28.001 -11.87715192955744 6.794288085545185
    endloop
  endfacet
  facet normal -1 0 0
    outer loop
      vertex 28.001 -12.041850506214546 6.76899680909548
      vertex 28.001 -11.623643239745022 6.9057300303826805
      vertex 28.001 -11.82374623793697 6.809834404169125
    endloop
  endfacet
  facet normal -1 0 0
    outer loop
      vertex 28.001 -11.82374623793697 6.809834404169125
      vertex 28.001 -11.72055207313556 6.8512244955652974
      vertex 28.001 -11.771471669887768 6.828840336282213
    endloop
  endfacet
  facet normal -1 0 0
    outer loop
      vertex 28.001 -11.82374623793697 6.809834404169125
      vertex 28.001 -11.623643239745022 6.9057300303826805
      vertex 28.001 -11.72055207313556 6.8512244955652974
    endloop
  endfacet
  facet normal -1 0 0
    outer loop
      vertex 28.001 -11.72055207313556 6.8512244955652974
      vertex 28.001 -11.623643239745022 6.9057300303826805
      vertex 28.001 -11.671205493210957 6.876891029611848
    endloop
  endfacet
  facet normal -1 0 0
    outer loop
      vertex 28.001 -11.623643239745022 6.9057300303826805
      vertex 28.001 -11.493655726617682 7.009982206610813
      vertex 28.001 -11.578068981608986 6.93761800484905
    endloop
  endfacet
  facet normal -1 0 0
    outer loop
      vertex 28.001 -11.578068981608986 6.93761800484905
      vertex 28.001 -11.493655726617682 7.009982206610813
      vertex 28.001 -11.534677874772875 6.972418403808761
    endloop
  endfacet
  facet normal -1 0 0
    outer loop
      vertex 28.001 -11.623643239745022 6.9057300303826805
      vertex 28.001 -11.386504477737395 7.137590512299457
      vertex 28.001 -11.493655726617682 7.009982206610813
    endloop
  endfacet
  facet normal -1 0 0
    outer loop
      vertex 28.001 -12.041850506214546 6.76899680909548
      vertex 28.001 -11.246468330211153 7.497324811291469
      vertex 28.001 -11.623643239745022 6.9057300303826805
    endloop
  endfacet
  facet normal -1 0 0
    outer loop
      vertex 28.001 -11.493655726617682 7.009982206610813
      vertex 28.001 -11.419410062433723 7.092745463341846
      vertex 28.001 -11.455178200279647 7.050148559284708
    endloop
  endfacet
  facet normal -1 0 0
    outer loop
      vertex 28.001 -11.493655726617682 7.009982206610813
      vertex 28.001 -11.386504477737395 7.137590512299457
      vertex 28.001 -11.419410062433723 7.092745463341846
    endloop
  endfacet
  facet normal -1 0 0
    outer loop
      vertex 28.001 -11.623643239745022 6.9057300303826805
      vertex 28.001 -11.246468330211153 7.497324811291469
      vertex 28.001 -11.386504477737395 7.137590512299457
    endloop
  endfacet
  facet normal -1 0 0
    outer loop
      vertex 28.001 -11.386504477737395 7.137590512299457
      vertex 28.001 -11.329831733578766 7.233248106793438
      vertex 28.001 -11.356602352956084 7.18449167277317
    endloop
  endfacet
  facet normal -1 0 0
    outer loop
      vertex 28.001 -11.386504477737395 7.137590512299457
      vertex 28.001 -11.286129654168972 7.335484614803561
      vertex 28.001 -11.329831733578766 7.233248106793438
    endloop
  endfacet
  facet normal -1 0 0
    outer loop
      vertex 28.001 -11.329831733578766 7.233248106793438
      vertex 28.001 -11.286129654168972 7.335484614803561
      vertex 28.001 -11.306307255507514 7.2836510318245615
    endloop
  endfacet
  facet normal -1 0 0
    outer loop
      vertex 28.001 -11.386504477737395 7.137590512299457
      vertex 28.001 -11.246468330211153 7.497324811291469
      vertex 28.001 -11.286129654168972 7.335484614803561
    endloop
  endfacet
  facet normal -1 0 0
    outer loop
      vertex 28.001 -11.286129654168972 7.335484614803561
      vertex 28.001 -11.246468330211153 7.497324811291469
      vertex 28.001 -11.269385333149794 7.388526896370482
    endloop
  endfacet
  facet normal -1 0 0
    outer loop
      vertex 28.001 -11.269385333149794 7.388526896370482
      vertex 28.001 -11.246468330211153 7.497324811291469
      vertex 28.001 -11.256145994203218 7.442550741332458
    endloop
  endfacet
  facet normal -1 0 0
    outer loop
      vertex 28.001 -11.246468330211153 7.497324811291469
      vertex 28.001 -11.19544577765026 7.9051571695923295
      vertex 28.001 -11.203965744895745 7.794298766785055
    endloop
  endfacet
  facet normal -1 0 0
    outer loop
      vertex 28.001 -11.203965744895745 7.794298766785055
      vertex 28.001 -11.19544577765026 7.9051571695923295
      vertex 28.001 -11.19789119710115 7.84958851076447
    endloop
  endfacet
  facet normal 0 -0.10921037817745169 -0.9940186584256544
    outer loop
      vertex 28.001 -12.20831852916997 6.776322595786633
      vertex 28.001 -12.153028785190557 6.7702480479920375
      vertex 30.551 -12.20831852916997 6.776322595786633
    endloop
  endfacet
  facet normal 0 -0.04396461960045681 -0.9990330886529171
    outer loop
      vertex 28.001 -12.153028785190557 6.7702480479920375
      vertex 28.001 -12.097460126362698 6.767802628541148
      vertex 30.551 -12.153028785190557 6.7702480479920375
    endloop
  endfacet
  facet normal 0 0.021469402227243705 -0.9997695058202188
    outer loop
      vertex 28.001 -12.097460126362698 6.767802628541148
      vertex 28.001 -12.041850506214546 6.76899680909548
      vertex 30.551 -12.041850506214546 6.76899680909548
    endloop
  endfacet
  facet normal 0 0.08681148877857549 -0.9962247564761917
    outer loop
      vertex 28.001 -12.041850506214546 6.76899680909548
      vertex 28.001 -11.986438053676924 6.773825475990567
      vertex 30.551 -11.986438053676924 6.773825475990567
    endloop
  endfacet
  facet normal 0 0.15178183520740138 -0.9884140197817275
    outer loop
      vertex 28.001 -11.986438053676924 6.773825475990567
      vertex 28.001 -11.931460053378672 6.782267952133454
      vertex 30.551 -11.986438053676924 6.773825475990567
    endloop
  endfacet
  facet normal 0 0.21610222851592484 -0.9763707425104722
    outer loop
      vertex 28.001 -11.931460053378672 6.782267952133454
      vertex 28.001 -11.87715192955744 6.794288085545185
      vertex 30.551 -11.87715192955744 6.794288085545185
    endloop
  endfacet
  facet normal 0 0.2794972389052968 -0.9601464958246295
    outer loop
      vertex 28.001 -11.87715192955744 6.794288085545185
      vertex 28.001 -11.82374623793697 6.809834404169125
      vertex 30.551 -11.87715192955744 6.794288085545185
    endloop
  endfacet
  facet normal 0 0.3416953992084902 -0.9398107544392915
    outer loop
      vertex 28.001 -11.82374623793697 6.809834404169125
      vertex 28.001 -11.771471669887768 6.828840336282213
      vertex 30.551 -11.82374623793697 6.809834404169125
    endloop
  endfacet
  facet normal 0 0.4024303673542366 -0.9154505991210745
    outer loop
      vertex 28.001 -11.771471669887768 6.828840336282213
      vertex 28.001 -11.72055207313556 6.8512244955652974
      vertex 30.551 -11.72055207313556 6.8512244955652974
    endloop
  endfacet
  facet normal 0 0.4614420668847341 -0.8871703437948906
    outer loop
      vertex 28.001 -11.72055207313556 6.8512244955652974
      vertex 28.001 -11.671205493210957 6.876891029611848
      vertex 30.551 -11.671205493210957 6.876891029611848
    endloop
  endfacet
  facet normal 0 0.5184778006429719 -0.8550910888557
    outer loop
      vertex 28.001 -11.671205493210957 6.876891029611848
      vertex 28.001 -11.623643239745022 6.9057300303826805
      vertex 30.551 -11.671205493210957 6.876891029611848
    endloop
  endfacet
  facet normal 0 0.5732933328606924 -0.8193502025980586
    outer loop
      vertex 28.001 -11.623643239745022 6.9057300303826805
      vertex 28.001 -11.578068981608986 6.93761800484905
      vertex 30.551 -11.578068981608986 6.93761800484905
    endloop
  endfacet
  facet normal 0 0.6256539350135144 -0.7801007329839558
    outer loop
      vertex 28.001 -11.578068981608986 6.93761800484905
      vertex 28.001 -11.534677874772875 6.972418403808761
      vertex 30.551 -11.534677874772875 6.972418403808761
    endloop
  endfacet
  facet normal 0 0.6753353909644355 -0.7375107522680012
    outer loop
      vertex 28.001 -11.534677874772875 6.972418403808761
      vertex 28.001 -11.493655726617682 7.009982206610813
      vertex 30.551 -11.534677874772875 6.972418403808761
    endloop
  endfacet
  facet normal 0 0.7221249570919223 -0.6917626372860777
    outer loop
      vertex 28.001 -11.493655726617682 7.009982206610813
      vertex 28.001 -11.455178200279647 7.050148559284708
      vertex 30.551 -11.455178200279647 7.050148559284708
    endloop
  endfacet
  facet normal 0 0.7658222732904505 -0.6430522884900159
    outer loop
      vertex 28.001 -11.455178200279647 7.050148559284708
      vertex 28.001 -11.419410062433723 7.092745463341846
      vertex 30.551 -11.455178200279647 7.050148559284708
    endloop
  endfacet
  facet normal 0 0.8062402209436229 -0.5915882910713987
    outer loop
      vertex 28.001 -11.419410062433723 7.092745463341846
      vertex 28.001 -11.386504477737395 7.137590512299457
      vertex 30.551 -11.419410062433723 7.092745463341846
    endloop
  endfacet
  facet normal 0 0.8432057241944206 -0.5375910217681864
    outer loop
      vertex 28.001 -11.386504477737395 7.137590512299457
      vertex 28.001 -11.356602352956084 7.18449167277317
      vertex 30.551 -11.356602352956084 7.18449167277317
    endloop
  endfacet
  facet normal 0 0.876560491082946 -0.48129170517724995
    outer loop
      vertex 28.001 -11.356602352956084 7.18449167277317
      vertex 28.001 -11.329831733578766 7.233248106793438
      vertex 30.551 -11.356602352956084 7.18449167277317
    endloop
  endfacet
  facet normal 0 -0.10921037817745169 -0.9940186584256544
    outer loop
      vertex 28.001 -12.153028785190557 6.7702480479920375
      vertex 30.551 -12.153028785190557 6.7702480479920375
      vertex 30.551 -12.20831852916997 6.776322595786633
    endloop
  endfacet
  facet normal 0 -0.04396461960045681 -0.9990330886529171
    outer loop
      vertex 28.001 -12.097460126362698 6.767802628541148
      vertex 30.551 -12.097460126362698 6.767802628541148
      vertex 30.551 -12.153028785190557 6.7702480479920375
    endloop
  endfacet
  facet normal 0 0.021469402227243705 -0.9997695058202188
    outer loop
      vertex 28.001 -12.097460126362698 6.767802628541148
      vertex 30.551 -12.041850506214546 6.76899680909548
      vertex 30.551 -12.097460126362698 6.767802628541148
    endloop
  endfacet
  facet normal 0 0.08681148877857549 -0.9962247564761917
    outer loop
      vertex 28.001 -12.041850506214546 6.76899680909548
      vertex 30.551 -11.986438053676924 6.773825475990567
      vertex 30.551 -12.041850506214546 6.76899680909548
    endloop
  endfacet
  facet normal 0 0.15178183520740138 -0.9884140197817275
    outer loop
      vertex 28.001 -11.931460053378672 6.782267952133454
      vertex 30.551 -11.931460053378672 6.782267952133454
      vertex 30.551 -11.986438053676924 6.773825475990567
    endloop
  endfacet
  facet normal 0 0.21610222851592484 -0.9763707425104722
    outer loop
      vertex 28.001 -11.931460053378672 6.782267952133454
      vertex 30.551 -11.87715192955744 6.794288085545185
      vertex 30.551 -11.931460053378672 6.782267952133454
    endloop
  endfacet
  facet normal 1 0 0
    outer loop
      vertex 30.551 -12.153028785190557 6.7702480479920375
      vertex 30.551 -12.097460126362698 6.767802628541148
      vertex 30.551 -12.041850506214546 6.76899680909548
    endloop
  endfacet
  facet normal 1 0 0
    outer loop
      vertex 30.551 -12.153028785190557 6.7702480479920375
      vertex 30.551 -12.041850506214546 6.76899680909548
      vertex 30.551 -11.87715192955744 6.794288085545185
    endloop
  endfacet
  facet normal 1 0 0
    outer loop
      vertex 30.551 -12.041850506214546 6.76899680909548
      vertex 30.551 -11.986438053676924 6.773825475990567
      vertex 30.551 -11.87715192955744 6.794288085545185
    endloop
  endfacet
  facet normal 1 0 0
    outer loop
      vertex 30.551 -11.986438053676924 6.773825475990567
      vertex 30.551 -11.931460053378672 6.782267952133454
      vertex 30.551 -11.87715192955744 6.794288085545185
    endloop
  endfacet
  facet normal 0 0.2794972389052968 -0.9601464958246295
    outer loop
      vertex 28.001 -11.82374623793697 6.809834404169125
      vertex 30.551 -11.82374623793697 6.809834404169125
      vertex 30.551 -11.87715192955744 6.794288085545185
    endloop
  endfacet
  facet normal 0 0.3416953992084902 -0.9398107544392915
    outer loop
      vertex 28.001 -11.771471669887768 6.828840336282213
      vertex 30.551 -11.771471669887768 6.828840336282213
      vertex 30.551 -11.82374623793697 6.809834404169125
    endloop
  endfacet
  facet normal 0 0.4024303673542366 -0.9154505991210745
    outer loop
      vertex 28.001 -11.771471669887768 6.828840336282213
      vertex 30.551 -11.72055207313556 6.8512244955652974
      vertex 30.551 -11.771471669887768 6.828840336282213
    endloop
  endfacet
  facet normal 0 0.4614420668847341 -0.8871703437948906
    outer loop
      vertex 28.001 -11.72055207313556 6.8512244955652974
      vertex 30.551 -11.671205493210957 6.876891029611848
      vertex 30.551 -11.72055207313556 6.8512244955652974
    endloop
  endfacet
  facet normal 0 0.5184778006429719 -0.8550910888557
    outer loop
      vertex 28.001 -11.623643239745022 6.9057300303826805
      vertex 30.551 -11.623643239745022 6.9057300303826805
      vertex 30.551 -11.671205493210957 6.876891029611848
    endloop
  endfacet
  facet normal 0 0.5732933328606924 -0.8193502025980586
    outer loop
      vertex 28.001 -11.623643239745022 6.9057300303826805
      vertex 30.551 -11.578068981608986 6.93761800484905
      vertex 30.551 -11.623643239745022 6.9057300303826805
    endloop
  endfacet
  facet normal 0 0.6256539350135144 -0.7801007329839558
    outer loop
      vertex 28.001 -11.578068981608986 6.93761800484905
      vertex 30.551 -11.534677874772875 6.972418403808761
      vertex 30.551 -11.578068981608986 6.93761800484905
    endloop
  endfacet
  facet normal 0 0.6753353909644355 -0.7375107522680012
    outer loop
      vertex 28.001 -11.493655726617682 7.009982206610813
      vertex 30.551 -11.493655726617682 7.009982206610813
      vertex 30.551 -11.534677874772875 6.972418403808761
    endloop
  endfacet
  facet normal 0 0.7221249570919223 -0.6917626372860777
    outer loop
      vertex 28.001 -11.493655726617682 7.009982206610813
      vertex 30.551 -11.455178200279647 7.050148559284708
      vertex 30.551 -11.493655726617682 7.009982206610813
    endloop
  endfacet
  facet normal 1 0 0
    outer loop
      vertex 30.551 -11.87715192955744 6.794288085545185
      vertex 30.551 -11.82374623793697 6.809834404169125
      vertex 30.551 -11.72055207313556 6.8512244955652974
    endloop
  endfacet
  facet normal 1 0 0
    outer loop
      vertex 30.551 -11.82374623793697 6.809834404169125
      vertex 30.551 -11.771471669887768 6.828840336282213
      vertex 30.551 -11.72055207313556 6.8512244955652974
    endloop
  endfacet
  facet normal 1 0 0
    outer loop
      vertex 30.551 -11.87715192955744 6.794288085545185
      vertex 30.551 -11.72055207313556 6.8512244955652974
      vertex 30.551 -11.623643239745022 6.9057300303826805
    endloop
  endfacet
  facet normal 1 0 0
    outer loop
      vertex 30.551 -11.72055207313556 6.8512244955652974
      vertex 30.551 -11.671205493210957 6.876891029611848
      vertex 30.551 -11.623643239745022 6.9057300303826805
    endloop
  endfacet
  facet normal 1 0 0
    outer loop
      vertex 30.551 -11.87715192955744 6.794288085545185
      vertex 30.551 -11.623643239745022 6.9057300303826805
      vertex 30.551 -11.386504477737395 7.137590512299457
    endloop
  endfacet
  facet normal 1 0 0
    outer loop
      vertex 30.551 -11.623643239745022 6.9057300303826805
      vertex 30.551 -11.578068981608986 6.93761800484905
      vertex 30.551 -11.493655726617682 7.009982206610813
    endloop
  endfacet
  facet normal 1 0 0
    outer loop
      vertex 30.551 -11.578068981608986 6.93761800484905
      vertex 30.551 -11.534677874772875 6.972418403808761
      vertex 30.551 -11.493655726617682 7.009982206610813
    endloop
  endfacet
  facet normal 1 0 0
    outer loop
      vertex 30.551 -11.623643239745022 6.9057300303826805
      vertex 30.551 -11.493655726617682 7.009982206610813
      vertex 30.551 -11.386504477737395 7.137590512299457
    endloop
  endfacet
  facet normal 0 0.7658222732904505 -0.6430522884900159
    outer loop
      vertex 28.001 -11.419410062433723 7.092745463341846
      vertex 30.551 -11.419410062433723 7.092745463341846
      vertex 30.551 -11.455178200279647 7.050148559284708
    endloop
  endfacet
  facet normal 0 0.8062402209436229 -0.5915882910713987
    outer loop
      vertex 28.001 -11.386504477737395 7.137590512299457
      vertex 30.551 -11.386504477737395 7.137590512299457
      vertex 30.551 -11.419410062433723 7.092745463341846
    endloop
  endfacet
  facet normal 0 0.8432057241944206 -0.5375910217681864
    outer loop
      vertex 28.001 -11.386504477737395 7.137590512299457
      vertex 30.551 -11.356602352956084 7.18449167277317
      vertex 30.551 -11.386504477737395 7.137590512299457
    endloop
  endfacet
  facet normal 1 0 0
    outer loop
      vertex 30.551 -11.493655726617682 7.009982206610813
      vertex 30.551 -11.455178200279647 7.050148559284708
      vertex 30.551 -11.419410062433723 7.092745463341846
    endloop
  endfacet
  facet normal 1 0 0
    outer loop
      vertex 30.551 -11.493655726617682 7.009982206610813
      vertex 30.551 -11.419410062433723 7.092745463341846
      vertex 30.551 -11.386504477737395 7.137590512299457
    endloop
  endfacet
  facet normal 1 0 0
    outer loop
      vertex 30.551 -11.87715192955744 6.794288085545185
      vertex 30.551 -11.386504477737395 7.137590512299457
      vertex 30.551 -11.19789119710115 7.84958851076447
    endloop
  endfacet
  facet normal 1 0 0
    outer loop
      vertex 30.551 -11.386504477737395 7.137590512299457
      vertex 30.551 -11.356602352956084 7.18449167277317
      vertex 30.551 -11.329831733578766 7.233248106793438
    endloop
  endfacet
  facet normal 1 0 0
    outer loop
      vertex 30.551 -11.87715192955744 6.794288085545185
      vertex 30.551 -11.19789119710115 7.84958851076447
      vertex 30.551 -11.763127763912673 8.716487641786054
    endloop
  endfacet
  facet normal 0 0.9061616913766377 -0.4229314236154973
    outer loop
      vertex 28.001 -11.329831733578766 7.233248106793438
      vertex 28.001 -11.306307255507514 7.2836510318245615
      vertex 30.551 -11.306307255507514 7.2836510318245615
    endloop
  endfacet
  facet normal 0 0.931882568191377 -0.3627600847682164
    outer loop
      vertex 28.001 -11.306307255507514 7.2836510318245615
      vertex 28.001 -11.286129654168972 7.335484614803561
      vertex 30.551 -11.306307255507514 7.2836510318245615
    endloop
  endfacet
  facet normal 0 0.876560491082946 -0.48129170517724995
    outer loop
      vertex 28.001 -11.329831733578766 7.233248106793438
      vertex 30.551 -11.329831733578766 7.233248106793438
      vertex 30.551 -11.356602352956084 7.18449167277317
    endloop
  endfacet
  facet normal 0 0.9061616913766377 -0.4229314236154973
    outer loop
      vertex 28.001 -11.329831733578766 7.233248106793438
      vertex 30.551 -11.306307255507514 7.2836510318245615
      vertex 30.551 -11.329831733578766 7.233248106793438
    endloop
  endfacet
  facet normal 1 0 0
    outer loop
      vertex 30.551 -11.386504477737395 7.137590512299457
      vertex 30.551 -11.329831733578766 7.233248106793438
      vertex 30.551 -11.269385333149794 7.388526896370482
    endloop
  endfacet
  facet normal 1 0 0
    outer loop
      vertex 30.551 -11.329831733578766 7.233248106793438
      vertex 30.551 -11.306307255507514 7.2836510318245615
      vertex 30.551 -11.269385333149794 7.388526896370482
    endloop
  endfacet
  facet normal 0 0.9536129807839038 -0.3010353515460234
    outer loop
      vertex 28.001 -11.286129654168972 7.335484614803561
      vertex 28.001 -11.269385333149794 7.388526896370482
      vertex 30.551 -11.269385333149794 7.388526896370482
    endloop
  endfacet
  facet normal 0 0.9712598761913871 -0.23802153873271908
    outer loop
      vertex 28.001 -11.269385333149794 7.388526896370482
      vertex 28.001 -11.256145994203218 7.442550741332458
      vertex 30.551 -11.256145994203218 7.442550741332458
    endloop
  endfacet
  facet normal 0 0.9847476876984882 -0.17398848114884186
    outer loop
      vertex 28.001 -11.256145994203218 7.442550741332458
      vertex 28.001 -11.246468330211153 7.497324811291469
      vertex 30.551 -11.256145994203218 7.442550741332458
    endloop
  endfacet
  facet normal 0 0.9899131849786206 -0.14167528438469182
    outer loop
      vertex 28.001 -11.246468330211153 7.497324811291469
      vertex 28.001 -11.203965744895745 7.794298766785055
      vertex 30.551 -11.246468330211153 7.497324811291469
    endloop
  endfacet
  facet normal 0 0.9940186584256547 -0.10921037817744998
    outer loop
      vertex 28.001 -11.203965744895745 7.794298766785055
      vertex 28.001 -11.19789119710115 7.84958851076447
      vertex 30.551 -11.19789119710115 7.84958851076447
    endloop
  endfacet
  facet normal 0 0.9990330886529171 -0.043964619600456105
    outer loop
      vertex 28.001 -11.19789119710115 7.84958851076447
      vertex 28.001 -11.19544577765026 7.9051571695923295
      vertex 30.551 -11.19789119710115 7.84958851076447
    endloop
  endfacet
  facet normal 0 0.931882568191377 -0.3627600847682164
    outer loop
      vertex 28.001 -11.286129654168972 7.335484614803561
      vertex 30.551 -11.286129654168972 7.335484614803561
      vertex 30.551 -11.306307255507514 7.2836510318245615
    endloop
  endfacet
  facet normal 0 0.9536129807839038 -0.3010353515460234
    outer loop
      vertex 28.001 -11.286129654168972 7.335484614803561
      vertex 30.551 -11.269385333149794 7.388526896370482
      vertex 30.551 -11.286129654168972 7.335484614803561
    endloop
  endfacet
  facet normal 0 0.9712598761913871 -0.23802153873271908
    outer loop
      vertex 28.001 -11.269385333149794 7.388526896370482
      vertex 30.551 -11.256145994203218 7.442550741332458
      vertex 30.551 -11.269385333149794 7.388526896370482
    endloop
  endfacet
  facet normal 0 0.9847476876984882 -0.17398848114884186
    outer loop
      vertex 28.001 -11.246468330211153 7.497324811291469
      vertex 30.551 -11.246468330211153 7.497324811291469
      vertex 30.551 -11.256145994203218 7.442550741332458
    endloop
  endfacet
  facet normal 1 0 0
    outer loop
      vertex 30.551 -11.306307255507514 7.2836510318245615
      vertex 30.551 -11.286129654168972 7.335484614803561
      vertex 30.551 -11.269385333149794 7.388526896370482
    endloop
  endfacet
  facet normal 1 0 0
    outer loop
      vertex 30.551 -11.269385333149794 7.388526896370482
      vertex 30.551 -11.256145994203218 7.442550741332458
      vertex 30.551 -11.246468330211153 7.497324811291469
    endloop
  endfacet
  facet normal 1 0 0
    outer loop
      vertex 30.551 -11.386504477737395 7.137590512299457
      vertex 30.551 -11.269385333149794 7.388526896370482
      vertex 30.551 -11.19789119710115 7.84958851076447
    endloop
  endfacet
  facet normal 1 0 0
    outer loop
      vertex 30.551 -11.269385333149794 7.388526896370482
      vertex 30.551 -11.246468330211153 7.497324811291469
      vertex 30.551 -11.19789119710115 7.84958851076447
    endloop
  endfacet
  facet normal 0 0.9899131849786206 -0.14167528438469182
    outer loop
      vertex 28.001 -11.203965744895745 7.794298766785055
      vertex 30.551 -11.203965744895745 7.794298766785055
      vertex 30.551 -11.246468330211153 7.497324811291469
    endloop
  endfacet
  facet normal 0 0.9940186584256547 -0.10921037817744998
    outer loop
      vertex 28.001 -11.203965744895745 7.794298766785055
      vertex 30.551 -11.19789119710115 7.84958851076447
      vertex 30.551 -11.203965744895745 7.794298766785055
    endloop
  endfacet
  facet normal 1 0 0
    outer loop
      vertex 30.551 -11.246468330211153 7.497324811291469
      vertex 30.551 -11.203965744895745 7.794298766785055
      vertex 30.551 -11.19789119710115 7.84958851076447
    endloop
  endfacet
  facet normal -1 0 0
    outer loop
      vertex 28.001 -11.246468330211153 7.497324811291469
      vertex 28.001 -11.763127763912673 8.716487641786054
      vertex 28.001 -11.256483485391325 8.231145626067258
    endloop
  endfacet
  facet normal -1 0 0
    outer loop
      vertex 28.001 -11.365261153958162 8.42454831434604
      vertex 28.001 -11.333373179491792 8.378974056210005
      vertex 28.001 -11.400061552917872 8.467939421182153
    endloop
  endfacet
  facet normal -1 0 0
    outer loop
      vertex 28.001 -11.763127763912673 8.716487641786054
      vertex 28.001 -11.612134821882282 8.646014942998942
      vertex 28.001 -11.437625355719925 8.508961569337345
    endloop
  endfacet
  facet normal -1 0 0
    outer loop
      vertex 28.001 -11.763127763912673 8.716487641786054
      vertex 28.001 -11.711294180933674 8.696310040447512
      vertex 28.001 -11.612134821882282 8.646014942998942
    endloop
  endfacet
  facet normal -1 0 0
    outer loop
      vertex 28.001 -11.612134821882282 8.646014942998942
      vertex 28.001 -11.711294180933674 8.696310040447512
      vertex 28.001 -11.660891255902548 8.67278556237626
    endloop
  endfacet
  facet normal -1 0 0
    outer loop
      vertex 28.001 -11.763127763912673 8.716487641786054
      vertex 28.001 -11.437625355719925 8.508961569337345
      vertex 28.001 -11.256483485391325 8.231145626067258
    endloop
  endfacet
  facet normal -1 0 0
    outer loop
      vertex 28.001 -11.47779170839382 8.54743909567538
      vertex 28.001 -11.437625355719925 8.508961569337345
      vertex 28.001 -11.520388612450958 8.583207233521303
    endloop
  endfacet
  facet normal -1 0 0
    outer loop
      vertex 28.001 -11.400061552917872 8.467939421182153
      vertex 28.001 -11.333373179491792 8.378974056210005
      vertex 28.001 -11.437625355719925 8.508961569337345
    endloop
  endfacet
  facet normal -1 0 0
    outer loop
      vertex 28.001 -11.612134821882282 8.646014942998942
      vertex 28.001 -11.56523366140857 8.616112818217633
      vertex 28.001 -11.520388612450958 8.583207233521303
    endloop
  endfacet
  facet normal -1 0 0
    outer loop
      vertex 28.001 -11.612134821882282 8.646014942998942
      vertex 28.001 -11.520388612450958 8.583207233521303
      vertex 28.001 -11.437625355719925 8.508961569337345
    endloop
  endfacet
  facet normal -1 0 0
    outer loop
      vertex 28.001 -11.924967960400581 8.756148965743874
      vertex 28.001 -11.87019389044157 8.746471301751809
      vertex 28.001 -11.763127763912673 8.716487641786054
    endloop
  endfacet
  facet normal -1 0 0
    outer loop
      vertex 28.001 -11.87019389044157 8.746471301751809
      vertex 28.001 -11.816170045479595 8.733231962805233
      vertex 28.001 -11.763127763912673 8.716487641786054
    endloop
  endfacet
  facet normal -1 0 0
    outer loop
      vertex 28.001 -11.246468330211153 7.497324811291469
      vertex 28.001 -11.256483485391325 8.231145626067258
      vertex 28.001 -11.19544577765026 7.9051571695923295
    endloop
  endfacet
  facet normal -1 0 0
    outer loop
      vertex 28.001 -11.19544577765026 7.9051571695923295
      vertex 28.001 -11.209911101242566 8.071157242576355
      vertex 28.001 -11.196639958204592 7.96076678974048
    endloop
  endfacet
  facet normal -1 0 0
    outer loop
      vertex 28.001 -11.19544577765026 7.9051571695923295
      vertex 28.001 -11.256483485391325 8.231145626067258
      vertex 28.001 -11.209911101242566 8.071157242576355
    endloop
  endfacet
  facet normal -1 0 0
    outer loop
      vertex 28.001 -11.221931234654296 8.125465366397586
      vertex 28.001 -11.209911101242566 8.071157242576355
      vertex 28.001 -11.256483485391325 8.231145626067258
    endloop
  endfacet
  facet normal -1 0 0
    outer loop
      vertex 28.001 -11.196639958204592 7.96076678974048
      vertex 28.001 -11.209911101242566 8.071157242576355
      vertex 28.001 -11.201468625099679 8.016179242278103
    endloop
  endfacet
  facet normal -1 0 0
    outer loop
      vertex 28.001 -11.221931234654296 8.125465366397586
      vertex 28.001 -11.256483485391325 8.231145626067258
      vertex 28.001 -11.237477553278238 8.178871058018057
    endloop
  endfacet
  facet normal -1 0 0
    outer loop
      vertex 28.001 -11.256483485391325 8.231145626067258
      vertex 28.001 -11.30453417872096 8.33141180274407
      vertex 28.001 -11.27886764467441 8.282065222819467
    endloop
  endfacet
  facet normal -1 0 0
    outer loop
      vertex 28.001 -11.256483485391325 8.231145626067258
      vertex 28.001 -11.333373179491792 8.378974056210005
      vertex 28.001 -11.30453417872096 8.33141180274407
    endloop
  endfacet
  facet normal -1 0 0
    outer loop
      vertex 28.001 -11.437625355719925 8.508961569337345
      vertex 28.001 -11.333373179491792 8.378974056210005
      vertex 28.001 -11.256483485391325 8.231145626067258
    endloop
  endfacet
  facet normal 0 0.819350202598051 0.5732933328607032
    outer loop
      vertex 28.001 -11.365261153958162 8.42454831434604
      vertex 30.551 -11.365261153958162 8.42454831434604
      vertex 28.001 -11.333373179491792 8.378974056210005
    endloop
  endfacet
  facet normal 0 0.819350202598051 0.5732933328607032
    outer loop
      vertex 28.001 -11.333373179491792 8.378974056210005
      vertex 30.551 -11.365261153958162 8.42454831434604
      vertex 30.551 -11.333373179491792 8.378974056210005
    endloop
  endfacet
  facet normal 1 0 0
    outer loop
      vertex 30.551 -11.19789119710115 7.84958851076447
      vertex 30.551 -11.333373179491792 8.378974056210005
      vertex 30.551 -11.763127763912673 8.716487641786054
    endloop
  endfacet
  facet normal 1 0 0
    outer loop
      vertex 30.551 -11.365261153958162 8.42454831434604
      vertex 30.551 -11.400061552917872 8.467939421182153
      vertex 30.551 -11.333373179491792 8.378974056210005
    endloop
  endfacet
  facet normal 0 0.17398848114884186 0.9847476876984882
    outer loop
      vertex 28.001 -11.924967960400581 8.756148965743874
      vertex 30.551 -11.87019389044157 8.746471301751809
      vertex 28.001 -11.87019389044157 8.746471301751809
    endloop
  endfacet
  facet normal 0 0.3627600847682218 0.9318825681913748
    outer loop
      vertex 28.001 -11.763127763912673 8.716487641786054
      vertex 30.551 -11.763127763912673 8.716487641786054
      vertex 28.001 -11.711294180933674 8.696310040447512
    endloop
  endfacet
  facet normal 0 0.422931423615485 0.9061616913766434
    outer loop
      vertex 28.001 -11.711294180933674 8.696310040447512
      vertex 30.551 -11.660891255902548 8.67278556237626
      vertex 28.001 -11.660891255902548 8.67278556237626
    endloop
  endfacet
  facet normal 0 0.4812917051772634 0.8765604910829385
    outer loop
      vertex 28.001 -11.612134821882282 8.646014942998942
      vertex 28.001 -11.660891255902548 8.67278556237626
      vertex 30.551 -11.660891255902548 8.67278556237626
    endloop
  endfacet
  facet normal 0 0.6430522884900081 0.765822273290457
    outer loop
      vertex 28.001 -11.47779170839382 8.54743909567538
      vertex 28.001 -11.520388612450958 8.583207233521303
      vertex 30.551 -11.47779170839382 8.54743909567538
    endloop
  endfacet
  facet normal 0 0.7375107522679786 0.6753353909644602
    outer loop
      vertex 28.001 -11.400061552917872 8.467939421182153
      vertex 28.001 -11.437625355719925 8.508961569337345
      vertex 30.551 -11.400061552917872 8.467939421182153
    endloop
  endfacet
  facet normal 0 0.7801007329839761 0.6256539350134891
    outer loop
      vertex 28.001 -11.365261153958162 8.42454831434604
      vertex 28.001 -11.400061552917872 8.467939421182153
      vertex 30.551 -11.365261153958162 8.42454831434604
    endloop
  endfacet
  facet normal 0 0.6917626372860857 0.7221249570919146
    outer loop
      vertex 28.001 -11.47779170839382 8.54743909567538
      vertex 30.551 -11.47779170839382 8.54743909567538
      vertex 28.001 -11.437625355719925 8.508961569337345
    endloop
  endfacet
  facet normal 0 0.5915882910714194 0.8062402209436078
    outer loop
      vertex 28.001 -11.56523366140857 8.616112818217633
      vertex 30.551 -11.56523366140857 8.616112818217633
      vertex 28.001 -11.520388612450958 8.583207233521303
    endloop
  endfacet
  facet normal 0 0.5375910217681636 0.8432057241944352
    outer loop
      vertex 28.001 -11.612134821882282 8.646014942998942
      vertex 30.551 -11.56523366140857 8.616112818217633
      vertex 28.001 -11.56523366140857 8.616112818217633
    endloop
  endfacet
  facet normal 0 0.2380215387327228 0.9712598761913863
    outer loop
      vertex 28.001 -11.87019389044157 8.746471301751809
      vertex 30.551 -11.87019389044157 8.746471301751809
      vertex 28.001 -11.816170045479595 8.733231962805233
    endloop
  endfacet
  facet normal 0 0.30103535154601885 0.9536129807839052
    outer loop
      vertex 28.001 -11.763127763912673 8.716487641786054
      vertex 28.001 -11.816170045479595 8.733231962805233
      vertex 30.551 -11.816170045479595 8.733231962805233
    endloop
  endfacet
  facet normal 0 0.17398848114884186 0.9847476876984882
    outer loop
      vertex 28.001 -11.924967960400581 8.756148965743874
      vertex 30.551 -11.924967960400581 8.756148965743874
      vertex 30.551 -11.87019389044157 8.746471301751809
    endloop
  endfacet
  facet normal 0 0.3627600847682218 0.9318825681913748
    outer loop
      vertex 28.001 -11.711294180933674 8.696310040447512
      vertex 30.551 -11.763127763912673 8.716487641786054
      vertex 30.551 -11.711294180933674 8.696310040447512
    endloop
  endfacet
  facet normal 0 0.422931423615485 0.9061616913766434
    outer loop
      vertex 28.001 -11.711294180933674 8.696310040447512
      vertex 30.551 -11.711294180933674 8.696310040447512
      vertex 30.551 -11.660891255902548 8.67278556237626
    endloop
  endfacet
  facet normal 0 0.4812917051772634 0.8765604910829385
    outer loop
      vertex 28.001 -11.612134821882282 8.646014942998942
      vertex 30.551 -11.660891255902548 8.67278556237626
      vertex 30.551 -11.612134821882282 8.646014942998942
    endloop
  endfacet
  facet normal 0 0.6430522884900081 0.765822273290457
    outer loop
      vertex 28.001 -11.520388612450958 8.583207233521303
      vertex 30.551 -11.520388612450958 8.583207233521303
      vertex 30.551 -11.47779170839382 8.54743909567538
    endloop
  endfacet
  facet normal 0 0.7375107522679786 0.6753353909644602
    outer loop
      vertex 28.001 -11.437625355719925 8.508961569337345
      vertex 30.551 -11.437625355719925 8.508961569337345
      vertex 30.551 -11.400061552917872 8.467939421182153
    endloop
  endfacet
  facet normal 0 0.7801007329839761 0.6256539350134891
    outer loop
      vertex 28.001 -11.400061552917872 8.467939421182153
      vertex 30.551 -11.400061552917872 8.467939421182153
      vertex 30.551 -11.365261153958162 8.42454831434604
    endloop
  endfacet
  facet normal 0 0.6917626372860857 0.7221249570919146
    outer loop
      vertex 28.001 -11.437625355719925 8.508961569337345
      vertex 30.551 -11.47779170839382 8.54743909567538
      vertex 30.551 -11.437625355719925 8.508961569337345
    endloop
  endfacet
  facet normal 0 0.5375910217681636 0.8432057241944352
    outer loop
      vertex 28.001 -11.612134821882282 8.646014942998942
      vertex 30.551 -11.612134821882282 8.646014942998942
      vertex 30.551 -11.56523366140857 8.616112818217633
    endloop
  endfacet
  facet normal 0 0.5915882910714194 0.8062402209436078
    outer loop
      vertex 28.001 -11.520388612450958 8.583207233521303
      vertex 30.551 -11.56523366140857 8.616112818217633
      vertex 30.551 -11.520388612450958 8.583207233521303
    endloop
  endfacet
  facet normal 1 0 0
    outer loop
      vertex 30.551 -11.763127763912673 8.716487641786054
      vertex 30.551 -11.612134821882282 8.646014942998942
      vertex 30.551 -11.660891255902548 8.67278556237626
    endloop
  endfacet
  facet normal 1 0 0
    outer loop
      vertex 30.551 -11.763127763912673 8.716487641786054
      vertex 30.551 -11.660891255902548 8.67278556237626
      vertex 30.551 -11.711294180933674 8.696310040447512
    endloop
  endfacet
  facet normal 1 0 0
    outer loop
      vertex 30.551 -11.763127763912673 8.716487641786054
      vertex 30.551 -11.520388612450958 8.583207233521303
      vertex 30.551 -11.612134821882282 8.646014942998942
    endloop
  endfacet
  facet normal 1 0 0
    outer loop
      vertex 30.551 -11.763127763912673 8.716487641786054
      vertex 30.551 -11.333373179491792 8.378974056210005
      vertex 30.551 -11.520388612450958 8.583207233521303
    endloop
  endfacet
  facet normal 1 0 0
    outer loop
      vertex 30.551 -11.400061552917872 8.467939421182153
      vertex 30.551 -11.520388612450958 8.583207233521303
      vertex 30.551 -11.333373179491792 8.378974056210005
    endloop
  endfacet
  facet normal 1 0 0
    outer loop
      vertex 30.551 -11.47779170839382 8.54743909567538
      vertex 30.551 -11.520388612450958 8.583207233521303
      vertex 30.551 -11.400061552917872 8.467939421182153
    endloop
  endfacet
  facet normal 1 0 0
    outer loop
      vertex 30.551 -11.47779170839382 8.54743909567538
      vertex 30.551 -11.400061552917872 8.467939421182153
      vertex 30.551 -11.437625355719925 8.508961569337345
    endloop
  endfacet
  facet normal 1 0 0
    outer loop
      vertex 30.551 -11.612134821882282 8.646014942998942
      vertex 30.551 -11.520388612450958 8.583207233521303
      vertex 30.551 -11.56523366140857 8.616112818217633
    endloop
  endfacet
  facet normal 0 0.2380215387327228 0.9712598761913863
    outer loop
      vertex 28.001 -11.816170045479595 8.733231962805233
      vertex 30.551 -11.87019389044157 8.746471301751809
      vertex 30.551 -11.816170045479595 8.733231962805233
    endloop
  endfacet
  facet normal 0 0.30103535154601885 0.9536129807839052
    outer loop
      vertex 28.001 -11.763127763912673 8.716487641786054
      vertex 30.551 -11.816170045479595 8.733231962805233
      vertex 30.551 -11.763127763912673 8.716487641786054
    endloop
  endfacet
  facet normal 1 0 0
    outer loop
      vertex 30.551 -11.924967960400581 8.756148965743874
      vertex 30.551 -11.763127763912673 8.716487641786054
      vertex 30.551 -11.87019389044157 8.746471301751809
    endloop
  endfacet
  facet normal 1 0 0
    outer loop
      vertex 30.551 -11.87019389044157 8.746471301751809
      vertex 30.551 -11.763127763912673 8.716487641786054
      vertex 30.551 -11.816170045479595 8.733231962805233
    endloop
  endfacet
  facet normal 0 0.9997695058202188 0.02146940222724439
    outer loop
      vertex 28.001 -11.19544577765026 7.9051571695923295
      vertex 28.001 -11.196639958204592 7.96076678974048
      vertex 30.551 -11.196639958204592 7.96076678974048
    endloop
  endfacet
  facet normal 0 0.9962247564761931 0.08681148877855824
    outer loop
      vertex 28.001 -11.196639958204592 7.96076678974048
      vertex 28.001 -11.201468625099679 8.016179242278103
      vertex 30.551 -11.201468625099679 8.016179242278103
    endloop
  endfacet
  facet normal 0 0.9763707425104791 0.21610222851589442
    outer loop
      vertex 28.001 -11.221931234654296 8.125465366397586
      vertex 30.551 -11.221931234654296 8.125465366397586
      vertex 28.001 -11.209911101242566 8.071157242576355
    endloop
  endfacet
  facet normal 0 0.9884140197817252 0.15178183520741698
    outer loop
      vertex 28.001 -11.201468625099679 8.016179242278103
      vertex 28.001 -11.209911101242566 8.071157242576355
      vertex 30.551 -11.201468625099679 8.016179242278103
    endloop
  endfacet
  facet normal 0 0.9601464958246211 0.27949723890532624
    outer loop
      vertex 28.001 -11.221931234654296 8.125465366397586
      vertex 28.001 -11.237477553278238 8.178871058018057
      vertex 30.551 -11.237477553278238 8.178871058018057
    endloop
  endfacet
  facet normal 0 0.9398107544392967 0.34169539920847614
    outer loop
      vertex 28.001 -11.237477553278238 8.178871058018057
      vertex 28.001 -11.256483485391325 8.231145626067258
      vertex 30.551 -11.237477553278238 8.178871058018057
    endloop
  endfacet
  facet normal 0 0.9154505991210685 0.40243036735425
    outer loop
      vertex 28.001 -11.256483485391325 8.231145626067258
      vertex 28.001 -11.27886764467441 8.282065222819467
      vertex 30.551 -11.256483485391325 8.231145626067258
    endloop
  endfacet
  facet normal 0 0.8871703437948906 0.4614420668847341
    outer loop
      vertex 28.001 -11.27886764467441 8.282065222819467
      vertex 28.001 -11.30453417872096 8.33141180274407
      vertex 30.551 -11.30453417872096 8.33141180274407
    endloop
  endfacet
  facet normal 0 0.8550910888557071 0.5184778006429601
    outer loop
      vertex 28.001 -11.30453417872096 8.33141180274407
      vertex 28.001 -11.333373179491792 8.378974056210005
      vertex 30.551 -11.333373179491792 8.378974056210005
    endloop
  endfacet
  facet normal 0 0.9990330886529171 -0.043964619600456105
    outer loop
      vertex 30.551 -11.19789119710115 7.84958851076447
      vertex 28.001 -11.19544577765026 7.9051571695923295
      vertex 30.551 -11.19544577765026 7.9051571695923295
    endloop
  endfacet
  facet normal 0 0.9997695058202188 0.02146940222724439
    outer loop
      vertex 28.001 -11.19544577765026 7.9051571695923295
      vertex 30.551 -11.196639958204592 7.96076678974048
      vertex 30.551 -11.19544577765026 7.9051571695923295
    endloop
  endfacet
  facet normal 0 0.9962247564761931 0.08681148877855824
    outer loop
      vertex 28.001 -11.196639958204592 7.96076678974048
      vertex 30.551 -11.201468625099679 8.016179242278103
      vertex 30.551 -11.196639958204592 7.96076678974048
    endloop
  endfacet
  facet normal 0 0.9601464958246211 0.27949723890532624
    outer loop
      vertex 28.001 -11.221931234654296 8.125465366397586
      vertex 30.551 -11.237477553278238 8.178871058018057
      vertex 30.551 -11.221931234654296 8.125465366397586
    endloop
  endfacet
  facet normal 0 0.9884140197817252 0.15178183520741698
    outer loop
      vertex 28.001 -11.209911101242566 8.071157242576355
      vertex 30.551 -11.209911101242566 8.071157242576355
      vertex 30.551 -11.201468625099679 8.016179242278103
    endloop
  endfacet
  facet normal 0 0.9763707425104791 0.21610222851589442
    outer loop
      vertex 28.001 -11.209911101242566 8.071157242576355
      vertex 30.551 -11.221931234654296 8.125465366397586
      vertex 30.551 -11.209911101242566 8.071157242576355
    endloop
  endfacet
  facet normal 1 0 0
    outer loop
      vertex 30.551 -11.19789119710115 7.84958851076447
      vertex 30.551 -11.19544577765026 7.9051571695923295
      vertex 30.551 -11.196639958204592 7.96076678974048
    endloop
  endfacet
  facet normal 1 0 0
    outer loop
      vertex 30.551 -11.19789119710115 7.84958851076447
      vertex 30.551 -11.196639958204592 7.96076678974048
      vertex 30.551 -11.221931234654296 8.125465366397586
    endloop
  endfacet
  facet normal 1 0 0
    outer loop
      vertex 30.551 -11.19789119710115 7.84958851076447
      vertex 30.551 -11.221931234654296 8.125465366397586
      vertex 30.551 -11.333373179491792 8.378974056210005
    endloop
  endfacet
  facet normal 1 0 0
    outer loop
      vertex 30.551 -11.196639958204592 7.96076678974048
      vertex 30.551 -11.201468625099679 8.016179242278103
      vertex 30.551 -11.221931234654296 8.125465366397586
    endloop
  endfacet
  facet normal 1 0 0
    outer loop
      vertex 30.551 -11.221931234654296 8.125465366397586
      vertex 30.551 -11.201468625099679 8.016179242278103
      vertex 30.551 -11.209911101242566 8.071157242576355
    endloop
  endfacet
  facet normal 0 0.9398107544392967 0.34169539920847614
    outer loop
      vertex 28.001 -11.256483485391325 8.231145626067258
      vertex 30.551 -11.256483485391325 8.231145626067258
      vertex 30.551 -11.237477553278238 8.178871058018057
    endloop
  endfacet
  facet normal 0 0.9154505991210685 0.40243036735425
    outer loop
      vertex 28.001 -11.27886764467441 8.282065222819467
      vertex 30.551 -11.27886764467441 8.282065222819467
      vertex 30.551 -11.256483485391325 8.231145626067258
    endloop
  endfacet
  facet normal 0 0.8871703437948906 0.4614420668847341
    outer loop
      vertex 28.001 -11.27886764467441 8.282065222819467
      vertex 30.551 -11.30453417872096 8.33141180274407
      vertex 30.551 -11.27886764467441 8.282065222819467
    endloop
  endfacet
  facet normal 0 0.8550910888557071 0.5184778006429601
    outer loop
      vertex 28.001 -11.30453417872096 8.33141180274407
      vertex 30.551 -11.333373179491792 8.378974056210005
      vertex 30.551 -11.30453417872096 8.33141180274407
    endloop
  endfacet
  facet normal 1 0 0
    outer loop
      vertex 30.551 -11.221931234654296 8.125465366397586
      vertex 30.551 -11.237477553278238 8.178871058018057
      vertex 30.551 -11.256483485391325 8.231145626067258
    endloop
  endfacet
  facet normal 1 0 0
    outer loop
      vertex 30.551 -11.256483485391325 8.231145626067258
      vertex 30.551 -11.27886764467441 8.282065222819467
      vertex 30.551 -11.30453417872096 8.33141180274407
    endloop
  endfacet
  facet normal 1 0 0
    outer loop
      vertex 30.551 -11.221931234654296 8.125465366397586
      vertex 30.551 -11.256483485391325 8.231145626067258
      vertex 30.551 -11.333373179491792 8.378974056210005
    endloop
  endfacet
  facet normal 1 0 0
    outer loop
      vertex 30.551 -11.256483485391325 8.231145626067258
      vertex 30.551 -11.30453417872096 8.33141180274407
      vertex 30.551 -11.333373179491792 8.378974056210005
    endloop
  endfacet
  facet normal -1 0 0
    outer loop
      vertex 28.001 -15.906344273382317 8.990017793389187
      vertex 28.001 -15.865322125227124 9.027581596191238
      vertex 28.001 -15.821931018391012 9.06238199515095
    endloop
  endfacet
  facet normal -1 0 0
    outer loop
      vertex 28.001 -15.906344273382317 8.990017793389187
      vertex 28.001 -15.821931018391012 9.06238199515095
      vertex 28.001 -15.776356760254977 9.094269969617319
    endloop
  endfacet
  facet normal -1 0 0
    outer loop
      vertex 28.001 -15.776356760254977 9.094269969617319
      vertex 28.001 -15.728794506789042 9.123108970388152
      vertex 28.001 -15.679447926864439 9.148775504434703
    endloop
  endfacet
  facet normal -1 0 0
    outer loop
      vertex 28.001 -15.776356760254977 9.094269969617319
      vertex 28.001 -15.679447926864439 9.148775504434703
      vertex 28.001 -15.522848070442558 9.205711914454815
    endloop
  endfacet
  facet normal -1 0 0
    outer loop
      vertex 28.001 -15.679447926864439 9.148775504434703
      vertex 28.001 -15.62852833011223 9.171159663717788
      vertex 28.001 -15.522848070442558 9.205711914454815
    endloop
  endfacet
  facet normal -1 0 0
    outer loop
      vertex 28.001 -15.62852833011223 9.171159663717788
      vertex 28.001 -15.576253762063029 9.190165595830875
      vertex 28.001 -15.522848070442558 9.205711914454815
    endloop
  endfacet
  facet normal -1 0 0
    outer loop
      vertex 28.001 -15.776356760254977 9.094269969617319
      vertex 28.001 -15.522848070442558 9.205711914454815
      vertex 28.001 -15.246971214809442 9.229751952007963
    endloop
  endfacet
  facet normal -1 0 0
    outer loop
      vertex 28.001 -15.522848070442558 9.205711914454815
      vertex 28.001 -15.468539946621327 9.217732047866546
      vertex 28.001 -15.246971214809442 9.229751952007963
    endloop
  endfacet
  facet normal -1 0 0
    outer loop
      vertex 28.001 -15.468539946621327 9.217732047866546
      vertex 28.001 -15.413561946323075 9.226174524009433
      vertex 28.001 -15.358149493785453 9.23100319090452
    endloop
  endfacet
  facet normal -1 0 0
    outer loop
      vertex 28.001 -15.468539946621327 9.217732047866546
      vertex 28.001 -15.358149493785453 9.23100319090452
      vertex 28.001 -15.246971214809442 9.229751952007963
    endloop
  endfacet
  facet normal -1 0 0
    outer loop
      vertex 28.001 -15.358149493785453 9.23100319090452
      vertex 28.001 -15.3025398736373 9.232197371458852
      vertex 28.001 -15.246971214809442 9.229751952007963
    endloop
  endfacet
  facet normal 0 -0.6753353909644269 0.7375107522680092
    outer loop
      vertex 28.001 -15.906344273382317 8.990017793389187
      vertex 30.551 -15.865322125227124 9.027581596191238
      vertex 28.001 -15.865322125227124 9.027581596191238
    endloop
  endfacet
  facet normal 0 -0.6256539350135241 0.780100732983948
    outer loop
      vertex 28.001 -15.865322125227124 9.027581596191238
      vertex 30.551 -15.865322125227124 9.027581596191238
      vertex 28.001 -15.821931018391012 9.06238199515095
    endloop
  endfacet
  facet normal 0 -0.5732933328606816 0.8193502025980661
    outer loop
      vertex 28.001 -15.821931018391012 9.06238199515095
      vertex 30.551 -15.821931018391012 9.06238199515095
      vertex 28.001 -15.776356760254977 9.094269969617319
    endloop
  endfacet
  facet normal 0 -0.5184778006429835 0.855091088855693
    outer loop
      vertex 28.001 -15.776356760254977 9.094269969617319
      vertex 30.551 -15.728794506789042 9.123108970388152
      vertex 28.001 -15.728794506789042 9.123108970388152
    endloop
  endfacet
  facet normal 0 -0.4614420668847341 0.8871703437948906
    outer loop
      vertex 28.001 -15.728794506789042 9.123108970388152
      vertex 30.551 -15.728794506789042 9.123108970388152
      vertex 28.001 -15.679447926864439 9.148775504434703
    endloop
  endfacet
  facet normal 0 -0.40243036735425 0.9154505991210685
    outer loop
      vertex 28.001 -15.679447926864439 9.148775504434703
      vertex 30.551 -15.62852833011223 9.171159663717788
      vertex 28.001 -15.62852833011223 9.171159663717788
    endloop
  endfacet
  facet normal 0 -0.34169539920847614 0.9398107544392967
    outer loop
      vertex 28.001 -15.62852833011223 9.171159663717788
      vertex 30.551 -15.62852833011223 9.171159663717788
      vertex 28.001 -15.576253762063029 9.190165595830875
    endloop
  endfacet
  facet normal 0 -0.2794972389052968 0.9601464958246295
    outer loop
      vertex 28.001 -15.576253762063029 9.190165595830875
      vertex 30.551 -15.522848070442558 9.205711914454815
      vertex 28.001 -15.522848070442558 9.205711914454815
    endloop
  endfacet
  facet normal 0 -0.21610222851592484 0.9763707425104722
    outer loop
      vertex 28.001 -15.522848070442558 9.205711914454815
      vertex 30.551 -15.522848070442558 9.205711914454815
      vertex 28.001 -15.468539946621327 9.217732047866546
    endloop
  endfacet
  facet normal 0 -0.6753353909644269 0.7375107522680092
    outer loop
      vertex 28.001 -15.906344273382317 8.990017793389187
      vertex 30.551 -15.906344273382317 8.990017793389187
      vertex 30.551 -15.865322125227124 9.027581596191238
    endloop
  endfacet
  facet normal 0 -0.6256539350135241 0.780100732983948
    outer loop
      vertex 28.001 -15.821931018391012 9.06238199515095
      vertex 30.551 -15.865322125227124 9.027581596191238
      vertex 30.551 -15.821931018391012 9.06238199515095
    endloop
  endfacet
  facet normal 0 -0.5732933328606816 0.8193502025980661
    outer loop
      vertex 28.001 -15.776356760254977 9.094269969617319
      vertex 30.551 -15.821931018391012 9.06238199515095
      vertex 30.551 -15.776356760254977 9.094269969617319
    endloop
  endfacet
  facet normal 0 -0.5184778006429835 0.855091088855693
    outer loop
      vertex 28.001 -15.776356760254977 9.094269969617319
      vertex 30.551 -15.776356760254977 9.094269969617319
      vertex 30.551 -15.728794506789042 9.123108970388152
    endloop
  endfacet
  facet normal 0 -0.4614420668847341 0.8871703437948906
    outer loop
      vertex 28.001 -15.679447926864439 9.148775504434703
      vertex 30.551 -15.728794506789042 9.123108970388152
      vertex 30.551 -15.679447926864439 9.148775504434703
    endloop
  endfacet
  facet normal 0 -0.40243036735425 0.9154505991210685
    outer loop
      vertex 28.001 -15.679447926864439 9.148775504434703
      vertex 30.551 -15.679447926864439 9.148775504434703
      vertex 30.551 -15.62852833011223 9.171159663717788
    endloop
  endfacet
  facet normal 0 -0.34169539920847614 0.9398107544392967
    outer loop
      vertex 28.001 -15.576253762063029 9.190165595830875
      vertex 30.551 -15.62852833011223 9.171159663717788
      vertex 30.551 -15.576253762063029 9.190165595830875
    endloop
  endfacet
  facet normal 0 -0.2794972389052968 0.9601464958246295
    outer loop
      vertex 28.001 -15.576253762063029 9.190165595830875
      vertex 30.551 -15.576253762063029 9.190165595830875
      vertex 30.551 -15.522848070442558 9.205711914454815
    endloop
  endfacet
  facet normal 0 -0.21610222851592484 0.9763707425104722
    outer loop
      vertex 28.001 -15.468539946621327 9.217732047866546
      vertex 30.551 -15.522848070442558 9.205711914454815
      vertex 30.551 -15.468539946621327 9.217732047866546
    endloop
  endfacet
  facet normal 1 0 0
    outer loop
      vertex 30.551 -15.906344273382317 8.990017793389187
      vertex 30.551 -15.821931018391012 9.06238199515095
      vertex 30.551 -15.865322125227124 9.027581596191238
    endloop
  endfacet
  facet normal 1 0 0
    outer loop
      vertex 30.551 -15.906344273382317 8.990017793389187
      vertex 30.551 -15.728794506789042 9.123108970388152
      vertex 30.551 -15.821931018391012 9.06238199515095
    endloop
  endfacet
  facet normal 1 0 0
    outer loop
      vertex 30.551 -15.821931018391012 9.06238199515095
      vertex 30.551 -15.728794506789042 9.123108970388152
      vertex 30.551 -15.776356760254977 9.094269969617319
    endloop
  endfacet
  facet normal 1 0 0
    outer loop
      vertex 30.551 -15.906344273382317 8.990017793389187
      vertex 30.551 -15.522848070442558 9.205711914454815
      vertex 30.551 -15.728794506789042 9.123108970388152
    endloop
  endfacet
  facet normal 1 0 0
    outer loop
      vertex 30.551 -15.728794506789042 9.123108970388152
      vertex 30.551 -15.62852833011223 9.171159663717788
      vertex 30.551 -15.679447926864439 9.148775504434703
    endloop
  endfacet
  facet normal 1 0 0
    outer loop
      vertex 30.551 -15.728794506789042 9.123108970388152
      vertex 30.551 -15.522848070442558 9.205711914454815
      vertex 30.551 -15.62852833011223 9.171159663717788
    endloop
  endfacet
  facet normal 1 0 0
    outer loop
      vertex 30.551 -15.62852833011223 9.171159663717788
      vertex 30.551 -15.522848070442558 9.205711914454815
      vertex 30.551 -15.576253762063029 9.190165595830875
    endloop
  endfacet
  facet normal 0 -0.15178183520741698 0.9884140197817252
    outer loop
      vertex 28.001 -15.468539946621327 9.217732047866546
      vertex 30.551 -15.413561946323075 9.226174524009433
      vertex 28.001 -15.413561946323075 9.226174524009433
    endloop
  endfacet
  facet normal 0 -0.08681148877855964 0.9962247564761931
    outer loop
      vertex 28.001 -15.413561946323075 9.226174524009433
      vertex 30.551 -15.413561946323075 9.226174524009433
      vertex 28.001 -15.358149493785453 9.23100319090452
    endloop
  endfacet
  facet normal 0 -0.021469402227243705 0.9997695058202188
    outer loop
      vertex 28.001 -15.358149493785453 9.23100319090452
      vertex 30.551 -15.3025398736373 9.232197371458852
      vertex 28.001 -15.3025398736373 9.232197371458852
    endloop
  endfacet
  facet normal 0 0.04396461960045681 0.9990330886529171
    outer loop
      vertex 28.001 -15.3025398736373 9.232197371458852
      vertex 30.551 -15.246971214809442 9.229751952007963
      vertex 28.001 -15.246971214809442 9.229751952007963
    endloop
  endfacet
  facet normal 0 0.10921037817745169 0.9940186584256544
    outer loop
      vertex 28.001 -15.246971214809442 9.229751952007963
      vertex 30.551 -15.246971214809442 9.229751952007963
      vertex 28.001 -15.191681470830028 9.223677404213367
    endloop
  endfacet
  facet normal 0 -0.15178183520741698 0.9884140197817252
    outer loop
      vertex 28.001 -15.468539946621327 9.217732047866546
      vertex 30.551 -15.468539946621327 9.217732047866546
      vertex 30.551 -15.413561946323075 9.226174524009433
    endloop
  endfacet
  facet normal 0 -0.08681148877855964 0.9962247564761931
    outer loop
      vertex 28.001 -15.358149493785453 9.23100319090452
      vertex 30.551 -15.413561946323075 9.226174524009433
      vertex 30.551 -15.358149493785453 9.23100319090452
    endloop
  endfacet
  facet normal 0 -0.021469402227243705 0.9997695058202188
    outer loop
      vertex 28.001 -15.358149493785453 9.23100319090452
      vertex 30.551 -15.358149493785453 9.23100319090452
      vertex 30.551 -15.3025398736373 9.232197371458852
    endloop
  endfacet
  facet normal 0 0.04396461960045681 0.9990330886529171
    outer loop
      vertex 28.001 -15.3025398736373 9.232197371458852
      vertex 30.551 -15.3025398736373 9.232197371458852
      vertex 30.551 -15.246971214809442 9.229751952007963
    endloop
  endfacet
  facet normal 0 0.10921037817745169 0.9940186584256544
    outer loop
      vertex 28.001 -15.191681470830028 9.223677404213367
      vertex 30.551 -15.246971214809442 9.229751952007963
      vertex 30.551 -15.191681470830028 9.223677404213367
    endloop
  endfacet
  facet normal 1 0 0
    outer loop
      vertex 30.551 -15.522848070442558 9.205711914454815
      vertex 30.551 -15.358149493785453 9.23100319090452
      vertex 30.551 -15.468539946621327 9.217732047866546
    endloop
  endfacet
  facet normal 1 0 0
    outer loop
      vertex 30.551 -15.468539946621327 9.217732047866546
      vertex 30.551 -15.358149493785453 9.23100319090452
      vertex 30.551 -15.413561946323075 9.226174524009433
    endloop
  endfacet
  facet normal 1 0 0
    outer loop
      vertex 30.551 -15.522848070442558 9.205711914454815
      vertex 30.551 -15.191681470830028 9.223677404213367
      vertex 30.551 -15.358149493785453 9.23100319090452
    endloop
  endfacet
  facet normal 1 0 0
    outer loop
      vertex 30.551 -15.358149493785453 9.23100319090452
      vertex 30.551 -15.191681470830028 9.223677404213367
      vertex 30.551 -15.3025398736373 9.232197371458852
    endloop
  endfacet
  facet normal 1 0 0
    outer loop
      vertex 30.551 -15.3025398736373 9.232197371458852
      vertex 30.551 -15.191681470830028 9.223677404213367
      vertex 30.551 -15.246971214809442 9.229751952007963
    endloop
  endfacet
  facet normal -1 0 0
    outer loop
      vertex 28.001 -11.763127763912673 8.716487641786054
      vertex 28.001 -15.776356760254977 9.094269969617319
      vertex 28.001 -15.246971214809442 9.229751952007963
    endloop
  endfacet
  facet normal -1 0 0
    outer loop
      vertex 28.001 -11.924967960400581 8.756148965743874
      vertex 28.001 -15.246971214809442 9.229751952007963
      vertex 28.001 -15.191681470830028 9.223677404213367
    endloop
  endfacet
  facet normal 0 0.1416752843846949 0.98991318497862
    outer loop
      vertex 28.001 -11.924967960400581 8.756148965743874
      vertex 28.001 -15.191681470830028 9.223677404213367
      vertex 30.551 -15.191681470830028 9.223677404213367
    endloop
  endfacet
  facet normal 1 0 0
    outer loop
      vertex 30.551 -11.763127763912673 8.716487641786054
      vertex 30.551 -15.191681470830028 9.223677404213367
      vertex 30.551 -15.522848070442558 9.205711914454815
    endloop
  endfacet
  facet normal -1 0 0
    outer loop
      vertex 28.001 11.329831733578766 7.233248106793438
      vertex 28.001 11.286129654168972 7.335484614803561
      vertex 28.001 11.356602352956084 7.18449167277317
    endloop
  endfacet
  facet normal -1 0 0
    outer loop
      vertex 28.001 11.329831733578766 7.233248106793438
      vertex 28.001 11.306307255507514 7.2836510318245615
      vertex 28.001 11.286129654168972 7.335484614803561
    endloop
  endfacet
  facet normal -1 0 0
    outer loop
      vertex 28.001 11.286129654168972 7.335484614803561
      vertex 28.001 11.269385333149794 7.388526896370482
      vertex 28.001 11.246468330211153 7.497324811291469
    endloop
  endfacet
  facet normal -1 0 0
    outer loop
      vertex 28.001 11.269385333149794 7.388526896370482
      vertex 28.001 11.256145994203218 7.442550741332458
      vertex 28.001 11.246468330211153 7.497324811291469
    endloop
  endfacet
  facet normal -1 0 0
    outer loop
      vertex 28.001 11.286129654168972 7.335484614803561
      vertex 28.001 11.246468330211153 7.497324811291469
      vertex 28.001 11.19789119710115 7.84958851076447
    endloop
  endfacet
  facet normal -1 0 0
    outer loop
      vertex 28.001 11.246468330211153 7.497324811291469
      vertex 28.001 11.203965744895745 7.794298766785055
      vertex 28.001 11.19789119710115 7.84958851076447
    endloop
  endfacet
  facet normal -1 0 0
    outer loop
      vertex 28.001 11.286129654168972 7.335484614803561
      vertex 28.001 11.19789119710115 7.84958851076447
      vertex 28.001 11.201468625099679 8.016179242278103
    endloop
  endfacet
  facet normal -1 0 0
    outer loop
      vertex 28.001 11.578068981608986 6.937618004849051
      vertex 28.001 11.534677874772875 6.972418403808762
      vertex 28.001 11.493655726617682 7.009982206610813
    endloop
  endfacet
  facet normal -1 0 0
    outer loop
      vertex 28.001 11.578068981608986 6.937618004849051
      vertex 28.001 11.493655726617682 7.009982206610813
      vertex 28.001 11.419410062433723 7.092745463341846
    endloop
  endfacet
  facet normal -1 0 0
    outer loop
      vertex 28.001 11.72055207313556 6.8512244955652974
      vertex 28.001 11.671205493210957 6.876891029611848
      vertex 28.001 11.623643239745022 6.9057300303826805
    endloop
  endfacet
  facet normal -1 0 0
    outer loop
      vertex 28.001 11.82374623793697 6.809834404169125
      vertex 28.001 11.771471669887768 6.828840336282213
      vertex 28.001 11.87715192955744 6.794288085545185
    endloop
  endfacet
  facet normal -1 0 0
    outer loop
      vertex 28.001 11.72055207313556 6.8512244955652974
      vertex 28.001 11.87715192955744 6.794288085545185
      vertex 28.001 11.771471669887768 6.828840336282213
    endloop
  endfacet
  facet normal -1 0 0
    outer loop
      vertex 28.001 11.578068981608986 6.937618004849051
      vertex 28.001 12.041850506214546 6.76899680909548
      vertex 28.001 11.72055207313556 6.8512244955652974
    endloop
  endfacet
  facet normal -1 0 0
    outer loop
      vertex 28.001 11.578068981608986 6.937618004849051
      vertex 28.001 11.72055207313556 6.8512244955652974
      vertex 28.001 11.623643239745022 6.9057300303826805
    endloop
  endfacet
  facet normal -1 0 0
    outer loop
      vertex 28.001 11.286129654168972 7.335484614803561
      vertex 28.001 12.041850506214546 6.76899680909548
      vertex 28.001 11.578068981608986 6.937618004849051
    endloop
  endfacet
  facet normal -1 0 0
    outer loop
      vertex 28.001 11.493655726617682 7.009982206610813
      vertex 28.001 11.455178200279647 7.050148559284708
      vertex 28.001 11.419410062433723 7.092745463341846
    endloop
  endfacet
  facet normal -1 0 0
    outer loop
      vertex 28.001 11.419410062433723 7.092745463341846
      vertex 28.001 11.386504477737395 7.137590512299457
      vertex 28.001 11.356602352956084 7.18449167277317
    endloop
  endfacet
  facet normal -1 0 0
    outer loop
      vertex 28.001 11.286129654168972 7.335484614803561
      vertex 28.001 11.578068981608986 6.937618004849051
      vertex 28.001 11.419410062433723 7.092745463341846
    endloop
  endfacet
  facet normal -1 0 0
    outer loop
      vertex 28.001 11.286129654168972 7.335484614803561
      vertex 28.001 11.419410062433723 7.092745463341846
      vertex 28.001 11.356602352956084 7.18449167277317
    endloop
  endfacet
  facet normal -1 0 0
    outer loop
      vertex 28.001 11.72055207313556 6.8512244955652974
      vertex 28.001 12.041850506214546 6.76899680909548
      vertex 28.001 11.87715192955744 6.794288085545185
    endloop
  endfacet
  facet normal -1 0 0
    outer loop
      vertex 28.001 11.87715192955744 6.794288085545185
      vertex 28.001 12.041850506214546 6.76899680909548
      vertex 28.001 11.931460053378672 6.782267952133454
    endloop
  endfacet
  facet normal -1 0 0
    outer loop
      vertex 28.001 11.931460053378672 6.782267952133454
      vertex 28.001 12.041850506214546 6.76899680909548
      vertex 28.001 11.986438053676924 6.773825475990567
    endloop
  endfacet
  facet normal -1 0 0
    outer loop
      vertex 28.001 12.041850506214546 6.76899680909548
      vertex 28.001 12.20831852916997 6.776322595786633
      vertex 28.001 12.097460126362698 6.767802628541148
    endloop
  endfacet
  facet normal -1 0 0
    outer loop
      vertex 28.001 12.097460126362698 6.767802628541148
      vertex 28.001 12.20831852916997 6.776322595786633
      vertex 28.001 12.153028785190557 6.7702480479920375
    endloop
  endfacet
  facet normal -1 0 0
    outer loop
      vertex 28.001 11.286129654168972 7.335484614803561
      vertex 28.001 11.400061552917872 8.467939421182153
      vertex 28.001 12.041850506214546 6.76899680909548
    endloop
  endfacet
  facet normal 0 -0.876560491082946 -0.48129170517724995
    outer loop
      vertex 28.001 11.329831733578766 7.233248106793438
      vertex 28.001 11.356602352956084 7.18449167277317
      vertex 30.551 11.329831733578766 7.233248106793438
    endloop
  endfacet
  facet normal 0 -0.9061616913766377 -0.4229314236154973
    outer loop
      vertex 28.001 11.329831733578766 7.233248106793438
      vertex 30.551 11.306307255507514 7.2836510318245615
      vertex 28.001 11.306307255507514 7.2836510318245615
    endloop
  endfacet
  facet normal 0 -0.931882568191377 -0.3627600847682164
    outer loop
      vertex 28.001 11.306307255507514 7.2836510318245615
      vertex 30.551 11.306307255507514 7.2836510318245615
      vertex 28.001 11.286129654168972 7.335484614803561
    endloop
  endfacet
  facet normal 0 -0.9061616913766377 -0.4229314236154973
    outer loop
      vertex 28.001 11.329831733578766 7.233248106793438
      vertex 30.551 11.329831733578766 7.233248106793438
      vertex 30.551 11.306307255507514 7.2836510318245615
    endloop
  endfacet
  facet normal 1 0 0
    outer loop
      vertex 30.551 11.329831733578766 7.233248106793438
      vertex 30.551 11.386504477737395 7.137590512299457
      vertex 30.551 11.306307255507514 7.2836510318245615
    endloop
  endfacet
  facet normal 0 -0.9536129807839038 -0.3010353515460234
    outer loop
      vertex 28.001 11.286129654168972 7.335484614803561
      vertex 30.551 11.269385333149794 7.388526896370482
      vertex 28.001 11.269385333149794 7.388526896370482
    endloop
  endfacet
  facet normal 0 -0.9712598761913871 -0.23802153873271908
    outer loop
      vertex 28.001 11.269385333149794 7.388526896370482
      vertex 30.551 11.256145994203218 7.442550741332458
      vertex 28.001 11.256145994203218 7.442550741332458
    endloop
  endfacet
  facet normal 0 -0.9847476876984882 -0.17398848114884186
    outer loop
      vertex 28.001 11.256145994203218 7.442550741332458
      vertex 30.551 11.256145994203218 7.442550741332458
      vertex 28.001 11.246468330211153 7.497324811291469
    endloop
  endfacet
  facet normal 0 -0.9899131849786206 -0.14167528438469182
    outer loop
      vertex 28.001 11.246468330211153 7.497324811291469
      vertex 30.551 11.203965744895745 7.794298766785055
      vertex 28.001 11.203965744895745 7.794298766785055
    endloop
  endfacet
  facet normal 0 -0.9940186584256547 -0.10921037817744998
    outer loop
      vertex 28.001 11.203965744895745 7.794298766785055
      vertex 30.551 11.203965744895745 7.794298766785055
      vertex 28.001 11.19789119710115 7.84958851076447
    endloop
  endfacet
  facet normal 0 -0.931882568191377 -0.3627600847682164
    outer loop
      vertex 28.001 11.286129654168972 7.335484614803561
      vertex 30.551 11.306307255507514 7.2836510318245615
      vertex 30.551 11.286129654168972 7.335484614803561
    endloop
  endfacet
  facet normal 0 -0.9536129807839038 -0.3010353515460234
    outer loop
      vertex 28.001 11.286129654168972 7.335484614803561
      vertex 30.551 11.286129654168972 7.335484614803561
      vertex 30.551 11.269385333149794 7.388526896370482
    endloop
  endfacet
  facet normal 0 -0.9712598761913871 -0.23802153873271908
    outer loop
      vertex 28.001 11.269385333149794 7.388526896370482
      vertex 30.551 11.269385333149794 7.388526896370482
      vertex 30.551 11.256145994203218 7.442550741332458
    endloop
  endfacet
  facet normal 0 -0.9847476876984882 -0.17398848114884186
    outer loop
      vertex 28.001 11.246468330211153 7.497324811291469
      vertex 30.551 11.256145994203218 7.442550741332458
      vertex 30.551 11.246468330211153 7.497324811291469
    endloop
  endfacet
  facet normal 1 0 0
    outer loop
      vertex 30.551 11.306307255507514 7.2836510318245615
      vertex 30.551 11.256145994203218 7.442550741332458
      vertex 30.551 11.286129654168972 7.335484614803561
    endloop
  endfacet
  facet normal 1 0 0
    outer loop
      vertex 30.551 11.286129654168972 7.335484614803561
      vertex 30.551 11.256145994203218 7.442550741332458
      vertex 30.551 11.269385333149794 7.388526896370482
    endloop
  endfacet
  facet normal 1 0 0
    outer loop
      vertex 30.551 11.306307255507514 7.2836510318245615
      vertex 30.551 11.19544577765026 7.9051571695923295
      vertex 30.551 11.256145994203218 7.442550741332458
    endloop
  endfacet
  facet normal 1 0 0
    outer loop
      vertex 30.551 11.256145994203218 7.442550741332458
      vertex 30.551 11.203965744895745 7.794298766785055
      vertex 30.551 11.246468330211153 7.497324811291469
    endloop
  endfacet
  facet normal 0 -0.9899131849786206 -0.14167528438469182
    outer loop
      vertex 28.001 11.246468330211153 7.497324811291469
      vertex 30.551 11.246468330211153 7.497324811291469
      vertex 30.551 11.203965744895745 7.794298766785055
    endloop
  endfacet
  facet normal 0 -0.9940186584256547 -0.10921037817744998
    outer loop
      vertex 28.001 11.19789119710115 7.84958851076447
      vertex 30.551 11.203965744895745 7.794298766785055
      vertex 30.551 11.19789119710115 7.84958851076447
    endloop
  endfacet
  facet normal 0 -0.9990330886529171 -0.043964619600456105
    outer loop
      vertex 28.001 11.19789119710115 7.84958851076447
      vertex 30.551 11.19789119710115 7.84958851076447
      vertex 30.551 11.19544577765026 7.9051571695923295
    endloop
  endfacet
  facet normal 1 0 0
    outer loop
      vertex 30.551 11.256145994203218 7.442550741332458
      vertex 30.551 11.19544577765026 7.9051571695923295
      vertex 30.551 11.203965744895745 7.794298766785055
    endloop
  endfacet
  facet normal 1 0 0
    outer loop
      vertex 30.551 11.203965744895745 7.794298766785055
      vertex 30.551 11.19544577765026 7.9051571695923295
      vertex 30.551 11.19789119710115 7.84958851076447
    endloop
  endfacet
  facet normal 0 -0.6256539350135144 -0.7801007329839558
    outer loop
      vertex 28.001 11.578068981608986 6.937618004849051
      vertex 30.551 11.534677874772875 6.972418403808762
      vertex 28.001 11.534677874772875 6.972418403808762
    endloop
  endfacet
  facet normal 0 -0.6753353909644269 -0.7375107522680092
    outer loop
      vertex 28.001 11.534677874772875 6.972418403808762
      vertex 30.551 11.534677874772875 6.972418403808762
      vertex 28.001 11.493655726617682 7.009982206610813
    endloop
  endfacet
  facet normal 0 -0.7221249570919223 -0.6917626372860777
    outer loop
      vertex 28.001 11.493655726617682 7.009982206610813
      vertex 30.551 11.493655726617682 7.009982206610813
      vertex 28.001 11.455178200279647 7.050148559284708
    endloop
  endfacet
  facet normal 0 -0.5184778006429719 -0.8550910888557
    outer loop
      vertex 28.001 11.671205493210957 6.876891029611848
      vertex 30.551 11.671205493210957 6.876891029611848
      vertex 28.001 11.623643239745022 6.9057300303826805
    endloop
  endfacet
  facet normal 0 -0.4614420668847341 -0.8871703437948906
    outer loop
      vertex 28.001 11.72055207313556 6.8512244955652974
      vertex 30.551 11.671205493210957 6.876891029611848
      vertex 28.001 11.671205493210957 6.876891029611848
    endloop
  endfacet
  facet normal 0 -0.3416953992084902 -0.9398107544392915
    outer loop
      vertex 28.001 11.82374623793697 6.809834404169125
      vertex 30.551 11.82374623793697 6.809834404169125
      vertex 28.001 11.771471669887768 6.828840336282213
    endloop
  endfacet
  facet normal 0 -0.2794972389052968 -0.9601464958246295
    outer loop
      vertex 28.001 11.82374623793697 6.809834404169125
      vertex 28.001 11.87715192955744 6.794288085545185
      vertex 30.551 11.82374623793697 6.809834404169125
    endloop
  endfacet
  facet normal 0 -0.4024303673542366 -0.9154505991210745
    outer loop
      vertex 28.001 11.72055207313556 6.8512244955652974
      vertex 28.001 11.771471669887768 6.828840336282213
      vertex 30.551 11.771471669887768 6.828840336282213
    endloop
  endfacet
  facet normal 0 -0.5732933328607032 -0.819350202598051
    outer loop
      vertex 28.001 11.578068981608986 6.937618004849051
      vertex 28.001 11.623643239745022 6.9057300303826805
      vertex 30.551 11.623643239745022 6.9057300303826805
    endloop
  endfacet
  facet normal 0 -0.7658222732904505 -0.6430522884900159
    outer loop
      vertex 28.001 11.455178200279647 7.050148559284708
      vertex 30.551 11.455178200279647 7.050148559284708
      vertex 28.001 11.419410062433723 7.092745463341846
    endloop
  endfacet
  facet normal 0 -0.8062402209436229 -0.5915882910713987
    outer loop
      vertex 28.001 11.419410062433723 7.092745463341846
      vertex 30.551 11.386504477737395 7.137590512299457
      vertex 28.001 11.386504477737395 7.137590512299457
    endloop
  endfacet
  facet normal 0 -0.8432057241944206 -0.5375910217681864
    outer loop
      vertex 28.001 11.386504477737395 7.137590512299457
      vertex 30.551 11.386504477737395 7.137590512299457
      vertex 28.001 11.356602352956084 7.18449167277317
    endloop
  endfacet
  facet normal 0 -0.21610222851592484 -0.9763707425104722
    outer loop
      vertex 28.001 11.87715192955744 6.794288085545185
      vertex 28.001 11.931460053378672 6.782267952133454
      vertex 30.551 11.87715192955744 6.794288085545185
    endloop
  endfacet
  facet normal 0 -0.15178183520740138 -0.9884140197817275
    outer loop
      vertex 28.001 11.931460053378672 6.782267952133454
      vertex 28.001 11.986438053676924 6.773825475990567
      vertex 30.551 11.986438053676924 6.773825475990567
    endloop
  endfacet
  facet normal 0 -0.08681148877857549 -0.9962247564761917
    outer loop
      vertex 28.001 11.986438053676924 6.773825475990567
      vertex 28.001 12.041850506214546 6.76899680909548
      vertex 30.551 11.986438053676924 6.773825475990567
    endloop
  endfacet
  facet normal 0 -0.021469402227243705 -0.9997695058202188
    outer loop
      vertex 28.001 12.041850506214546 6.76899680909548
      vertex 28.001 12.097460126362698 6.767802628541148
      vertex 30.551 12.041850506214546 6.76899680909548
    endloop
  endfacet
  facet normal 0 0.04396461960045681 -0.9990330886529171
    outer loop
      vertex 28.001 12.097460126362698 6.767802628541148
      vertex 28.001 12.153028785190557 6.7702480479920375
      vertex 30.551 12.097460126362698 6.767802628541148
    endloop
  endfacet
  facet normal 0 0.10921037817745169 -0.9940186584256544
    outer loop
      vertex 28.001 12.153028785190557 6.7702480479920375
      vertex 28.001 12.20831852916997 6.776322595786633
      vertex 30.551 12.153028785190557 6.7702480479920375
    endloop
  endfacet
  facet normal 0 -0.6256539350135144 -0.7801007329839558
    outer loop
      vertex 28.001 11.578068981608986 6.937618004849051
      vertex 30.551 11.578068981608986 6.937618004849051
      vertex 30.551 11.534677874772875 6.972418403808762
    endloop
  endfacet
  facet normal 0 -0.5732933328607032 -0.819350202598051
    outer loop
      vertex 28.001 11.578068981608986 6.937618004849051
      vertex 30.551 11.623643239745022 6.9057300303826805
      vertex 30.551 11.578068981608986 6.937618004849051
    endloop
  endfacet
  facet normal 0 -0.6753353909644269 -0.7375107522680092
    outer loop
      vertex 28.001 11.493655726617682 7.009982206610813
      vertex 30.551 11.534677874772875 6.972418403808762
      vertex 30.551 11.493655726617682 7.009982206610813
    endloop
  endfacet
  facet normal 0 -0.4614420668847341 -0.8871703437948906
    outer loop
      vertex 28.001 11.72055207313556 6.8512244955652974
      vertex 30.551 11.72055207313556 6.8512244955652974
      vertex 30.551 11.671205493210957 6.876891029611848
    endloop
  endfacet
  facet normal 0 -0.2794972389052968 -0.9601464958246295
    outer loop
      vertex 28.001 11.87715192955744 6.794288085545185
      vertex 30.551 11.87715192955744 6.794288085545185
      vertex 30.551 11.82374623793697 6.809834404169125
    endloop
  endfacet
  facet normal 0 -0.4024303673542366 -0.9154505991210745
    outer loop
      vertex 28.001 11.72055207313556 6.8512244955652974
      vertex 30.551 11.771471669887768 6.828840336282213
      vertex 30.551 11.72055207313556 6.8512244955652974
    endloop
  endfacet
  facet normal 0 -0.3416953992084902 -0.9398107544392915
    outer loop
      vertex 28.001 11.771471669887768 6.828840336282213
      vertex 30.551 11.82374623793697 6.809834404169125
      vertex 30.551 11.771471669887768 6.828840336282213
    endloop
  endfacet
  facet normal 0 -0.5184778006429719 -0.8550910888557
    outer loop
      vertex 28.001 11.623643239745022 6.9057300303826805
      vertex 30.551 11.671205493210957 6.876891029611848
      vertex 30.551 11.623643239745022 6.9057300303826805
    endloop
  endfacet
  facet normal 1 0 0
    outer loop
      vertex 30.551 11.578068981608986 6.937618004849051
      vertex 30.551 11.623643239745022 6.9057300303826805
      vertex 30.551 11.493655726617682 7.009982206610813
    endloop
  endfacet
  facet normal 1 0 0
    outer loop
      vertex 30.551 11.578068981608986 6.937618004849051
      vertex 30.551 11.493655726617682 7.009982206610813
      vertex 30.551 11.534677874772875 6.972418403808762
    endloop
  endfacet
  facet normal 1 0 0
    outer loop
      vertex 30.551 11.72055207313556 6.8512244955652974
      vertex 30.551 11.623643239745022 6.9057300303826805
      vertex 30.551 11.671205493210957 6.876891029611848
    endloop
  endfacet
  facet normal 1 0 0
    outer loop
      vertex 30.551 11.82374623793697 6.809834404169125
      vertex 30.551 11.87715192955744 6.794288085545185
      vertex 30.551 11.771471669887768 6.828840336282213
    endloop
  endfacet
  facet normal 1 0 0
    outer loop
      vertex 30.551 11.72055207313556 6.8512244955652974
      vertex 30.551 11.87715192955744 6.794288085545185
      vertex 30.551 11.623643239745022 6.9057300303826805
    endloop
  endfacet
  facet normal 1 0 0
    outer loop
      vertex 30.551 11.72055207313556 6.8512244955652974
      vertex 30.551 11.771471669887768 6.828840336282213
      vertex 30.551 11.87715192955744 6.794288085545185
    endloop
  endfacet
  facet normal 0 -0.7221249570919223 -0.6917626372860777
    outer loop
      vertex 28.001 11.455178200279647 7.050148559284708
      vertex 30.551 11.493655726617682 7.009982206610813
      vertex 30.551 11.455178200279647 7.050148559284708
    endloop
  endfacet
  facet normal 0 -0.7658222732904505 -0.6430522884900159
    outer loop
      vertex 28.001 11.419410062433723 7.092745463341846
      vertex 30.551 11.455178200279647 7.050148559284708
      vertex 30.551 11.419410062433723 7.092745463341846
    endloop
  endfacet
  facet normal 0 -0.8432057241944206 -0.5375910217681864
    outer loop
      vertex 28.001 11.356602352956084 7.18449167277317
      vertex 30.551 11.386504477737395 7.137590512299457
      vertex 30.551 11.356602352956084 7.18449167277317
    endloop
  endfacet
  facet normal 0 -0.8062402209436229 -0.5915882910713987
    outer loop
      vertex 28.001 11.419410062433723 7.092745463341846
      vertex 30.551 11.419410062433723 7.092745463341846
      vertex 30.551 11.386504477737395 7.137590512299457
    endloop
  endfacet
  facet normal 0 -0.876560491082946 -0.48129170517724995
    outer loop
      vertex 28.001 11.356602352956084 7.18449167277317
      vertex 30.551 11.356602352956084 7.18449167277317
      vertex 30.551 11.329831733578766 7.233248106793438
    endloop
  endfacet
  facet normal 1 0 0
    outer loop
      vertex 30.551 11.493655726617682 7.009982206610813
      vertex 30.551 11.419410062433723 7.092745463341846
      vertex 30.551 11.455178200279647 7.050148559284708
    endloop
  endfacet
  facet normal 1 0 0
    outer loop
      vertex 30.551 11.493655726617682 7.009982206610813
      vertex 30.551 11.386504477737395 7.137590512299457
      vertex 30.551 11.419410062433723 7.092745463341846
    endloop
  endfacet
  facet normal 1 0 0
    outer loop
      vertex 30.551 11.306307255507514 7.2836510318245615
      vertex 30.551 11.386504477737395 7.137590512299457
      vertex 30.551 11.493655726617682 7.009982206610813
    endloop
  endfacet
  facet normal 1 0 0
    outer loop
      vertex 30.551 11.306307255507514 7.2836510318245615
      vertex 30.551 11.493655726617682 7.009982206610813
      vertex 30.551 11.623643239745022 6.9057300303826805
    endloop
  endfacet
  facet normal 1 0 0
    outer loop
      vertex 30.551 11.329831733578766 7.233248106793438
      vertex 30.551 11.356602352956084 7.18449167277317
      vertex 30.551 11.386504477737395 7.137590512299457
    endloop
  endfacet
  facet normal 0 -0.21610222851592484 -0.9763707425104722
    outer loop
      vertex 28.001 11.931460053378672 6.782267952133454
      vertex 30.551 11.931460053378672 6.782267952133454
      vertex 30.551 11.87715192955744 6.794288085545185
    endloop
  endfacet
  facet normal 0 -0.15178183520740138 -0.9884140197817275
    outer loop
      vertex 28.001 11.931460053378672 6.782267952133454
      vertex 30.551 11.986438053676924 6.773825475990567
      vertex 30.551 11.931460053378672 6.782267952133454
    endloop
  endfacet
  facet normal 0 -0.08681148877857549 -0.9962247564761917
    outer loop
      vertex 28.001 12.041850506214546 6.76899680909548
      vertex 30.551 12.041850506214546 6.76899680909548
      vertex 30.551 11.986438053676924 6.773825475990567
    endloop
  endfacet
  facet normal 0 -0.021469402227243705 -0.9997695058202188
    outer loop
      vertex 28.001 12.097460126362698 6.767802628541148
      vertex 30.551 12.097460126362698 6.767802628541148
      vertex 30.551 12.041850506214546 6.76899680909548
    endloop
  endfacet
  facet normal 0 0.04396461960045681 -0.9990330886529171
    outer loop
      vertex 28.001 12.153028785190557 6.7702480479920375
      vertex 30.551 12.153028785190557 6.7702480479920375
      vertex 30.551 12.097460126362698 6.767802628541148
    endloop
  endfacet
  facet normal 0 0.10921037817745169 -0.9940186584256544
    outer loop
      vertex 28.001 12.20831852916997 6.776322595786633
      vertex 30.551 12.20831852916997 6.776322595786633
      vertex 30.551 12.153028785190557 6.7702480479920375
    endloop
  endfacet
  facet normal 1 0 0
    outer loop
      vertex 30.551 11.87715192955744 6.794288085545185
      vertex 30.551 11.931460053378672 6.782267952133454
      vertex 30.551 11.986438053676924 6.773825475990567
    endloop
  endfacet
  facet normal 1 0 0
    outer loop
      vertex 30.551 11.623643239745022 6.9057300303826805
      vertex 30.551 11.87715192955744 6.794288085545185
      vertex 30.551 12.153028785190557 6.7702480479920375
    endloop
  endfacet
  facet normal 1 0 0
    outer loop
      vertex 30.551 11.87715192955744 6.794288085545185
      vertex 30.551 11.986438053676924 6.773825475990567
      vertex 30.551 12.153028785190557 6.7702480479920375
    endloop
  endfacet
  facet normal 1 0 0
    outer loop
      vertex 30.551 11.986438053676924 6.773825475990567
      vertex 30.551 12.041850506214546 6.76899680909548
      vertex 30.551 12.153028785190557 6.7702480479920375
    endloop
  endfacet
  facet normal 1 0 0
    outer loop
      vertex 30.551 12.041850506214546 6.76899680909548
      vertex 30.551 12.097460126362698 6.767802628541148
      vertex 30.551 12.153028785190557 6.7702480479920375
    endloop
  endfacet
  facet normal 1 0 0
    outer loop
      vertex 30.551 11.306307255507514 7.2836510318245615
      vertex 30.551 11.623643239745022 6.9057300303826805
      vertex 30.551 11.19544577765026 7.9051571695923295
    endloop
  endfacet
  facet normal 1 0 0
    outer loop
      vertex 30.551 11.623643239745022 6.9057300303826805
      vertex 30.551 11.612134821882282 8.646014942998942
      vertex 30.551 11.19544577765026 7.9051571695923295
    endloop
  endfacet
  facet normal -1 0 0
    outer loop
      vertex 28.001 11.19789119710115 7.84958851076447
      vertex 28.001 11.19544577765026 7.9051571695923295
      vertex 28.001 11.196639958204592 7.960766789740481
    endloop
  endfacet
  facet normal -1 0 0
    outer loop
      vertex 28.001 11.19789119710115 7.84958851076447
      vertex 28.001 11.196639958204592 7.960766789740481
      vertex 28.001 11.201468625099679 8.016179242278103
    endloop
  endfacet
  facet normal -1 0 0
    outer loop
      vertex 28.001 11.286129654168972 7.335484614803561
      vertex 28.001 11.201468625099679 8.016179242278103
      vertex 28.001 11.400061552917872 8.467939421182153
    endloop
  endfacet
  facet normal -1 0 0
    outer loop
      vertex 28.001 11.201468625099679 8.016179242278103
      vertex 28.001 11.209911101242566 8.071157242576355
      vertex 28.001 11.221931234654296 8.125465366397586
    endloop
  endfacet
  facet normal -1 0 0
    outer loop
      vertex 28.001 11.201468625099679 8.016179242278103
      vertex 28.001 11.221931234654296 8.125465366397586
      vertex 28.001 11.256483485391325 8.231145626067258
    endloop
  endfacet
  facet normal -1 0 0
    outer loop
      vertex 28.001 11.221931234654296 8.125465366397586
      vertex 28.001 11.237477553278238 8.178871058018057
      vertex 28.001 11.256483485391325 8.231145626067258
    endloop
  endfacet
  facet normal -1 0 0
    outer loop
      vertex 28.001 11.201468625099679 8.016179242278103
      vertex 28.001 11.256483485391325 8.231145626067258
      vertex 28.001 11.400061552917872 8.467939421182153
    endloop
  endfacet
  facet normal -1 0 0
    outer loop
      vertex 28.001 11.256483485391325 8.231145626067258
      vertex 28.001 11.27886764467441 8.282065222819467
      vertex 28.001 11.30453417872096 8.33141180274407
    endloop
  endfacet
  facet normal -1 0 0
    outer loop
      vertex 28.001 11.256483485391325 8.231145626067258
      vertex 28.001 11.30453417872096 8.33141180274407
      vertex 28.001 11.400061552917872 8.467939421182153
    endloop
  endfacet
  facet normal -1 0 0
    outer loop
      vertex 28.001 11.30453417872096 8.33141180274407
      vertex 28.001 11.333373179491792 8.378974056210005
      vertex 28.001 11.365261153958162 8.42454831434604
    endloop
  endfacet
  facet normal -1 0 0
    outer loop
      vertex 28.001 11.30453417872096 8.33141180274407
      vertex 28.001 11.365261153958162 8.42454831434604
      vertex 28.001 11.400061552917872 8.467939421182153
    endloop
  endfacet
  facet normal -1 0 0
    outer loop
      vertex 28.001 11.400061552917872 8.467939421182153
      vertex 28.001 11.437625355719925 8.508961569337345
      vertex 28.001 11.47779170839382 8.54743909567538
    endloop
  endfacet
  facet normal -1 0 0
    outer loop
      vertex 28.001 11.400061552917872 8.467939421182153
      vertex 28.001 11.47779170839382 8.54743909567538
      vertex 28.001 11.612134821882282 8.646014942998942
    endloop
  endfacet
  facet normal -1 0 0
    outer loop
      vertex 28.001 11.47779170839382 8.54743909567538
      vertex 28.001 11.520388612450958 8.583207233521303
      vertex 28.001 11.612134821882282 8.646014942998942
    endloop
  endfacet
  facet normal -1 0 0
    outer loop
      vertex 28.001 11.520388612450958 8.583207233521303
      vertex 28.001 11.56523366140857 8.616112818217633
      vertex 28.001 11.612134821882282 8.646014942998942
    endloop
  endfacet
  facet normal -1 0 0
    outer loop
      vertex 28.001 11.400061552917872 8.467939421182153
      vertex 28.001 11.612134821882282 8.646014942998942
      vertex 28.001 11.87019389044157 8.746471301751809
    endloop
  endfacet
  facet normal -1 0 0
    outer loop
      vertex 28.001 11.612134821882282 8.646014942998942
      vertex 28.001 11.660891255902548 8.67278556237626
      vertex 28.001 11.87019389044157 8.746471301751809
    endloop
  endfacet
  facet normal -1 0 0
    outer loop
      vertex 28.001 11.660891255902548 8.67278556237626
      vertex 28.001 11.711294180933674 8.696310040447512
      vertex 28.001 11.763127763912673 8.716487641786054
    endloop
  endfacet
  facet normal -1 0 0
    outer loop
      vertex 28.001 11.660891255902548 8.67278556237626
      vertex 28.001 11.763127763912673 8.716487641786054
      vertex 28.001 11.87019389044157 8.746471301751809
    endloop
  endfacet
  facet normal -1 0 0
    outer loop
      vertex 28.001 11.763127763912673 8.716487641786054
      vertex 28.001 11.816170045479595 8.733231962805233
      vertex 28.001 11.87019389044157 8.746471301751809
    endloop
  endfacet
  facet normal 0 -0.9990330886529171 -0.043964619600456105
    outer loop
      vertex 28.001 11.19789119710115 7.84958851076447
      vertex 30.551 11.19544577765026 7.9051571695923295
      vertex 28.001 11.19544577765026 7.9051571695923295
    endloop
  endfacet
  facet normal 0 -0.9997695058202188 0.021469402227244045
    outer loop
      vertex 28.001 11.19544577765026 7.9051571695923295
      vertex 30.551 11.19544577765026 7.9051571695923295
      vertex 28.001 11.196639958204592 7.960766789740481
    endloop
  endfacet
  facet normal 0 -0.9962247564761931 0.08681148877855964
    outer loop
      vertex 28.001 11.196639958204592 7.960766789740481
      vertex 30.551 11.201468625099679 8.016179242278103
      vertex 28.001 11.201468625099679 8.016179242278103
    endloop
  endfacet
  facet normal 0 -0.9884140197817252 0.15178183520741698
    outer loop
      vertex 28.001 11.201468625099679 8.016179242278103
      vertex 30.551 11.201468625099679 8.016179242278103
      vertex 28.001 11.209911101242566 8.071157242576355
    endloop
  endfacet
  facet normal 0 -0.9763707425104791 0.21610222851589442
    outer loop
      vertex 28.001 11.209911101242566 8.071157242576355
      vertex 30.551 11.221931234654296 8.125465366397586
      vertex 28.001 11.221931234654296 8.125465366397586
    endloop
  endfacet
  facet normal 0 -0.9601464958246211 0.27949723890532624
    outer loop
      vertex 28.001 11.221931234654296 8.125465366397586
      vertex 30.551 11.237477553278238 8.178871058018057
      vertex 28.001 11.237477553278238 8.178871058018057
    endloop
  endfacet
  facet normal 0 -0.9398107544392967 0.34169539920847614
    outer loop
      vertex 28.001 11.237477553278238 8.178871058018057
      vertex 30.551 11.237477553278238 8.178871058018057
      vertex 28.001 11.256483485391325 8.231145626067258
    endloop
  endfacet
  facet normal 0 -0.9154505991210685 0.40243036735425
    outer loop
      vertex 28.001 11.256483485391325 8.231145626067258
      vertex 30.551 11.256483485391325 8.231145626067258
      vertex 28.001 11.27886764467441 8.282065222819467
    endloop
  endfacet
  facet normal 0 -0.8871703437948906 0.4614420668847341
    outer loop
      vertex 28.001 11.27886764467441 8.282065222819467
      vertex 30.551 11.30453417872096 8.33141180274407
      vertex 28.001 11.30453417872096 8.33141180274407
    endloop
  endfacet
  facet normal 0 -0.8550910888557071 0.5184778006429601
    outer loop
      vertex 28.001 11.30453417872096 8.33141180274407
      vertex 30.551 11.333373179491792 8.378974056210005
      vertex 28.001 11.333373179491792 8.378974056210005
    endloop
  endfacet
  facet normal 0 -0.9997695058202188 0.021469402227244045
    outer loop
      vertex 28.001 11.196639958204592 7.960766789740481
      vertex 30.551 11.19544577765026 7.9051571695923295
      vertex 30.551 11.196639958204592 7.960766789740481
    endloop
  endfacet
  facet normal 0 -0.9962247564761931 0.08681148877855964
    outer loop
      vertex 28.001 11.196639958204592 7.960766789740481
      vertex 30.551 11.196639958204592 7.960766789740481
      vertex 30.551 11.201468625099679 8.016179242278103
    endloop
  endfacet
  facet normal 0 -0.9884140197817252 0.15178183520741698
    outer loop
      vertex 28.001 11.209911101242566 8.071157242576355
      vertex 30.551 11.201468625099679 8.016179242278103
      vertex 30.551 11.209911101242566 8.071157242576355
    endloop
  endfacet
  facet normal 0 -0.9763707425104791 0.21610222851589442
    outer loop
      vertex 28.001 11.209911101242566 8.071157242576355
      vertex 30.551 11.209911101242566 8.071157242576355
      vertex 30.551 11.221931234654296 8.125465366397586
    endloop
  endfacet
  facet normal 0 -0.9601464958246211 0.27949723890532624
    outer loop
      vertex 28.001 11.221931234654296 8.125465366397586
      vertex 30.551 11.221931234654296 8.125465366397586
      vertex 30.551 11.237477553278238 8.178871058018057
    endloop
  endfacet
  facet normal 1 0 0
    outer loop
      vertex 30.551 11.19544577765026 7.9051571695923295
      vertex 30.551 11.201468625099679 8.016179242278103
      vertex 30.551 11.196639958204592 7.960766789740481
    endloop
  endfacet
  facet normal 1 0 0
    outer loop
      vertex 30.551 11.19544577765026 7.9051571695923295
      vertex 30.551 11.221931234654296 8.125465366397586
      vertex 30.551 11.201468625099679 8.016179242278103
    endloop
  endfacet
  facet normal 1 0 0
    outer loop
      vertex 30.551 11.201468625099679 8.016179242278103
      vertex 30.551 11.221931234654296 8.125465366397586
      vertex 30.551 11.209911101242566 8.071157242576355
    endloop
  endfacet
  facet normal 1 0 0
    outer loop
      vertex 30.551 11.19544577765026 7.9051571695923295
      vertex 30.551 11.30453417872096 8.33141180274407
      vertex 30.551 11.221931234654296 8.125465366397586
    endloop
  endfacet
  facet normal 0 -0.9398107544392967 0.34169539920847614
    outer loop
      vertex 28.001 11.256483485391325 8.231145626067258
      vertex 30.551 11.237477553278238 8.178871058018057
      vertex 30.551 11.256483485391325 8.231145626067258
    endloop
  endfacet
  facet normal 0 -0.9154505991210685 0.40243036735425
    outer loop
      vertex 28.001 11.27886764467441 8.282065222819467
      vertex 30.551 11.256483485391325 8.231145626067258
      vertex 30.551 11.27886764467441 8.282065222819467
    endloop
  endfacet
  facet normal 0 -0.8871703437948906 0.4614420668847341
    outer loop
      vertex 28.001 11.27886764467441 8.282065222819467
      vertex 30.551 11.27886764467441 8.282065222819467
      vertex 30.551 11.30453417872096 8.33141180274407
    endloop
  endfacet
  facet normal 0 -0.8550910888557071 0.5184778006429601
    outer loop
      vertex 28.001 11.30453417872096 8.33141180274407
      vertex 30.551 11.30453417872096 8.33141180274407
      vertex 30.551 11.333373179491792 8.378974056210005
    endloop
  endfacet
  facet normal 1 0 0
    outer loop
      vertex 30.551 11.221931234654296 8.125465366397586
      vertex 30.551 11.256483485391325 8.231145626067258
      vertex 30.551 11.237477553278238 8.178871058018057
    endloop
  endfacet
  facet normal 1 0 0
    outer loop
      vertex 30.551 11.221931234654296 8.125465366397586
      vertex 30.551 11.30453417872096 8.33141180274407
      vertex 30.551 11.256483485391325 8.231145626067258
    endloop
  endfacet
  facet normal 1 0 0
    outer loop
      vertex 30.551 11.256483485391325 8.231145626067258
      vertex 30.551 11.30453417872096 8.33141180274407
      vertex 30.551 11.27886764467441 8.282065222819467
    endloop
  endfacet
  facet normal 1 0 0
    outer loop
      vertex 30.551 11.30453417872096 8.33141180274407
      vertex 30.551 11.365261153958162 8.42454831434604
      vertex 30.551 11.333373179491792 8.378974056210005
    endloop
  endfacet
  facet normal 0 -0.819350202598051 0.5732933328607032
    outer loop
      vertex 28.001 11.333373179491792 8.378974056210005
      vertex 30.551 11.333373179491792 8.378974056210005
      vertex 28.001 11.365261153958162 8.42454831434604
    endloop
  endfacet
  facet normal 0 -0.819350202598051 0.5732933328607032
    outer loop
      vertex 28.001 11.365261153958162 8.42454831434604
      vertex 30.551 11.333373179491792 8.378974056210005
      vertex 30.551 11.365261153958162 8.42454831434604
    endloop
  endfacet
  facet normal 1 0 0
    outer loop
      vertex 30.551 11.19544577765026 7.9051571695923295
      vertex 30.551 11.612134821882282 8.646014942998942
      vertex 30.551 11.30453417872096 8.33141180274407
    endloop
  endfacet
  facet normal 1 0 0
    outer loop
      vertex 30.551 11.30453417872096 8.33141180274407
      vertex 30.551 11.437625355719925 8.508961569337345
      vertex 30.551 11.365261153958162 8.42454831434604
    endloop
  endfacet
  facet normal 0 -0.7801007329839761 0.6256539350134891
    outer loop
      vertex 28.001 11.365261153958162 8.42454831434604
      vertex 30.551 11.365261153958162 8.42454831434604
      vertex 28.001 11.400061552917872 8.467939421182153
    endloop
  endfacet
  facet normal 0 -0.7375107522679786 0.6753353909644602
    outer loop
      vertex 28.001 11.400061552917872 8.467939421182153
      vertex 30.551 11.437625355719925 8.508961569337345
      vertex 28.001 11.437625355719925 8.508961569337345
    endloop
  endfacet
  facet normal 0 -0.6917626372860857 0.7221249570919146
    outer loop
      vertex 28.001 11.437625355719925 8.508961569337345
      vertex 30.551 11.437625355719925 8.508961569337345
      vertex 28.001 11.47779170839382 8.54743909567538
    endloop
  endfacet
  facet normal 0 -0.6430522884900081 0.765822273290457
    outer loop
      vertex 28.001 11.47779170839382 8.54743909567538
      vertex 30.551 11.520388612450958 8.583207233521303
      vertex 28.001 11.520388612450958 8.583207233521303
    endloop
  endfacet
  facet normal 0 -0.5915882910714194 0.8062402209436078
    outer loop
      vertex 28.001 11.520388612450958 8.583207233521303
      vertex 30.551 11.520388612450958 8.583207233521303
      vertex 28.001 11.56523366140857 8.616112818217633
    endloop
  endfacet
  facet normal 0 -0.5375910217681636 0.8432057241944352
    outer loop
      vertex 28.001 11.56523366140857 8.616112818217633
      vertex 30.551 11.612134821882282 8.646014942998942
      vertex 28.001 11.612134821882282 8.646014942998942
    endloop
  endfacet
  facet normal 0 -0.4812917051772634 0.8765604910829385
    outer loop
      vertex 28.001 11.612134821882282 8.646014942998942
      vertex 30.551 11.612134821882282 8.646014942998942
      vertex 28.001 11.660891255902548 8.67278556237626
    endloop
  endfacet
  facet normal 0 -0.422931423615485 0.9061616913766434
    outer loop
      vertex 28.001 11.660891255902548 8.67278556237626
      vertex 30.551 11.711294180933674 8.696310040447512
      vertex 28.001 11.711294180933674 8.696310040447512
    endloop
  endfacet
  facet normal 0 -0.3627600847682218 0.9318825681913748
    outer loop
      vertex 28.001 11.711294180933674 8.696310040447512
      vertex 30.551 11.711294180933674 8.696310040447512
      vertex 28.001 11.763127763912673 8.716487641786054
    endloop
  endfacet
  facet normal 0 -0.30103535154601885 0.9536129807839052
    outer loop
      vertex 28.001 11.763127763912673 8.716487641786054
      vertex 30.551 11.816170045479595 8.733231962805233
      vertex 28.001 11.816170045479595 8.733231962805233
    endloop
  endfacet
  facet normal 0 -0.2380215387327228 0.9712598761913863
    outer loop
      vertex 28.001 11.816170045479595 8.733231962805233
      vertex 30.551 11.87019389044157 8.746471301751809
      vertex 28.001 11.87019389044157 8.746471301751809
    endloop
  endfacet
  facet normal 0 -0.17398848114884186 0.9847476876984882
    outer loop
      vertex 28.001 11.87019389044157 8.746471301751809
      vertex 30.551 11.87019389044157 8.746471301751809
      vertex 28.001 11.924967960400581 8.756148965743874
    endloop
  endfacet
  facet normal 0 -0.7801007329839761 0.6256539350134891
    outer loop
      vertex 28.001 11.400061552917872 8.467939421182153
      vertex 30.551 11.365261153958162 8.42454831434604
      vertex 30.551 11.400061552917872 8.467939421182153
    endloop
  endfacet
  facet normal 0 -0.7375107522679786 0.6753353909644602
    outer loop
      vertex 28.001 11.400061552917872 8.467939421182153
      vertex 30.551 11.400061552917872 8.467939421182153
      vertex 30.551 11.437625355719925 8.508961569337345
    endloop
  endfacet
  facet normal 0 -0.6917626372860857 0.7221249570919146
    outer loop
      vertex 28.001 11.47779170839382 8.54743909567538
      vertex 30.551 11.437625355719925 8.508961569337345
      vertex 30.551 11.47779170839382 8.54743909567538
    endloop
  endfacet
  facet normal 0 -0.6430522884900081 0.765822273290457
    outer loop
      vertex 28.001 11.47779170839382 8.54743909567538
      vertex 30.551 11.47779170839382 8.54743909567538
      vertex 30.551 11.520388612450958 8.583207233521303
    endloop
  endfacet
  facet normal 0 -0.5915882910714194 0.8062402209436078
    outer loop
      vertex 28.001 11.56523366140857 8.616112818217633
      vertex 30.551 11.520388612450958 8.583207233521303
      vertex 30.551 11.56523366140857 8.616112818217633
    endloop
  endfacet
  facet normal 0 -0.5375910217681636 0.8432057241944352
    outer loop
      vertex 28.001 11.56523366140857 8.616112818217633
      vertex 30.551 11.56523366140857 8.616112818217633
      vertex 30.551 11.612134821882282 8.646014942998942
    endloop
  endfacet
  facet normal 0 -0.4812917051772634 0.8765604910829385
    outer loop
      vertex 28.001 11.660891255902548 8.67278556237626
      vertex 30.551 11.612134821882282 8.646014942998942
      vertex 30.551 11.660891255902548 8.67278556237626
    endloop
  endfacet
  facet normal 0 -0.422931423615485 0.9061616913766434
    outer loop
      vertex 28.001 11.660891255902548 8.67278556237626
      vertex 30.551 11.660891255902548 8.67278556237626
      vertex 30.551 11.711294180933674 8.696310040447512
    endloop
  endfacet
  facet normal 0 -0.3627600847682218 0.9318825681913748
    outer loop
      vertex 28.001 11.763127763912673 8.716487641786054
      vertex 30.551 11.711294180933674 8.696310040447512
      vertex 30.551 11.763127763912673 8.716487641786054
    endloop
  endfacet
  facet normal 1 0 0
    outer loop
      vertex 30.551 11.365261153958162 8.42454831434604
      vertex 30.551 11.437625355719925 8.508961569337345
      vertex 30.551 11.400061552917872 8.467939421182153
    endloop
  endfacet
  facet normal 1 0 0
    outer loop
      vertex 30.551 11.30453417872096 8.33141180274407
      vertex 30.551 11.612134821882282 8.646014942998942
      vertex 30.551 11.437625355719925 8.508961569337345
    endloop
  endfacet
  facet normal 1 0 0
    outer loop
      vertex 30.551 11.437625355719925 8.508961569337345
      vertex 30.551 11.520388612450958 8.583207233521303
      vertex 30.551 11.47779170839382 8.54743909567538
    endloop
  endfacet
  facet normal 1 0 0
    outer loop
      vertex 30.551 11.437625355719925 8.508961569337345
      vertex 30.551 11.612134821882282 8.646014942998942
      vertex 30.551 11.520388612450958 8.583207233521303
    endloop
  endfacet
  facet normal 1 0 0
    outer loop
      vertex 30.551 11.520388612450958 8.583207233521303
      vertex 30.551 11.612134821882282 8.646014942998942
      vertex 30.551 11.56523366140857 8.616112818217633
    endloop
  endfacet
  facet normal 1 0 0
    outer loop
      vertex 30.551 11.612134821882282 8.646014942998942
      vertex 30.551 11.763127763912673 8.716487641786054
      vertex 30.551 11.660891255902548 8.67278556237626
    endloop
  endfacet
  facet normal 1 0 0
    outer loop
      vertex 30.551 11.660891255902548 8.67278556237626
      vertex 30.551 11.763127763912673 8.716487641786054
      vertex 30.551 11.711294180933674 8.696310040447512
    endloop
  endfacet
  facet normal 1 0 0
    outer loop
      vertex 30.551 11.612134821882282 8.646014942998942
      vertex 30.551 11.924967960400581 8.756148965743874
      vertex 30.551 11.763127763912673 8.716487641786054
    endloop
  endfacet
  facet normal 0 -0.30103535154601885 0.9536129807839052
    outer loop
      vertex 28.001 11.763127763912673 8.716487641786054
      vertex 30.551 11.763127763912673 8.716487641786054
      vertex 30.551 11.816170045479595 8.733231962805233
    endloop
  endfacet
  facet normal 0 -0.2380215387327228 0.9712598761913863
    outer loop
      vertex 28.001 11.816170045479595 8.733231962805233
      vertex 30.551 11.816170045479595 8.733231962805233
      vertex 30.551 11.87019389044157 8.746471301751809
    endloop
  endfacet
  facet normal 1 0 0
    outer loop
      vertex 30.551 11.763127763912673 8.716487641786054
      vertex 30.551 11.924967960400581 8.756148965743874
      vertex 30.551 11.816170045479595 8.733231962805233
    endloop
  endfacet
  facet normal 0 -0.17398848114884186 0.9847476876984882
    outer loop
      vertex 28.001 11.924967960400581 8.756148965743874
      vertex 30.551 11.87019389044157 8.746471301751809
      vertex 30.551 11.924967960400581 8.756148965743874
    endloop
  endfacet
  facet normal 1 0 0
    outer loop
      vertex 30.551 11.816170045479595 8.733231962805233
      vertex 30.551 11.924967960400581 8.756148965743874
      vertex 30.551 11.87019389044157 8.746471301751809
    endloop
  endfacet
  facet normal -1 0 0
    outer loop
      vertex 28.001 12.041850506214546 6.76899680909548
      vertex 28.001 15.475032039599418 7.243851034256126
      vertex 28.001 12.20831852916997 6.776322595786633
    endloop
  endfacet
  facet normal -1 0 0
    outer loop
      vertex 28.001 12.041850506214546 6.76899680909548
      vertex 28.001 11.400061552917872 8.467939421182153
      vertex 28.001 16.196034255104255 8.205701233214944
    endloop
  endfacet
  facet normal -1 0 0
    outer loop
      vertex 28.001 12.041850506214546 6.76899680909548
      vertex 28.001 15.636872236087326 7.283512358213946
      vertex 28.001 15.475032039599418 7.243851034256126
    endloop
  endfacet
  facet normal 0 0.1416752843846949 -0.98991318497862
    outer loop
      vertex 28.001 12.20831852916997 6.776322595786633
      vertex 30.551 15.475032039599418 7.243851034256126
      vertex 30.551 12.20831852916997 6.776322595786633
    endloop
  endfacet
  facet normal 1 0 0
    outer loop
      vertex 30.551 11.623643239745022 6.9057300303826805
      vertex 30.551 12.153028785190557 6.7702480479920375
      vertex 30.551 15.787865178117716 7.353985057001058
    endloop
  endfacet
  facet normal 1 0 0
    outer loop
      vertex 30.551 12.153028785190557 6.7702480479920375
      vertex 30.551 12.20831852916997 6.776322595786633
      vertex 30.551 15.475032039599418 7.243851034256126
    endloop
  endfacet
  facet normal 0 0.1416752843846949 -0.98991318497862
    outer loop
      vertex 28.001 12.20831852916997 6.776322595786633
      vertex 28.001 15.475032039599418 7.243851034256126
      vertex 30.551 15.475032039599418 7.243851034256126
    endloop
  endfacet
  facet normal 1 0 0
    outer loop
      vertex 30.551 12.153028785190557 6.7702480479920375
      vertex 30.551 15.475032039599418 7.243851034256126
      vertex 30.551 15.529806109558429 7.253528698248191
    endloop
  endfacet
  facet normal 1 0 0
    outer loop
      vertex 30.551 11.623643239745022 6.9057300303826805
      vertex 30.551 15.787865178117716 7.353985057001058
      vertex 30.551 15.358149493785453 9.23100319090452
    endloop
  endfacet
  facet normal -1 0 0
    outer loop
      vertex 28.001 11.400061552917872 8.467939421182153
      vertex 28.001 11.87019389044157 8.746471301751809
      vertex 28.001 15.358149493785453 9.23100319090452
    endloop
  endfacet
  facet normal -1 0 0
    outer loop
      vertex 28.001 11.87019389044157 8.746471301751809
      vertex 28.001 11.924967960400581 8.756148965743874
      vertex 28.001 15.191681470830028 9.223677404213367
    endloop
  endfacet
  facet normal -1 0 0
    outer loop
      vertex 28.001 11.400061552917872 8.467939421182153
      vertex 28.001 15.358149493785453 9.23100319090452
      vertex 28.001 16.196034255104255 8.205701233214944
    endloop
  endfacet
  facet normal 1 0 0
    outer loop
      vertex 30.551 11.623643239745022 6.9057300303826805
      vertex 30.551 15.358149493785453 9.23100319090452
      vertex 30.551 11.612134821882282 8.646014942998942
    endloop
  endfacet
  facet normal 0 -0.1416752843846949 0.98991318497862
    outer loop
      vertex 28.001 11.924967960400581 8.756148965743874
      vertex 30.551 11.924967960400581 8.756148965743874
      vertex 28.001 15.191681470830028 9.223677404213367
    endloop
  endfacet
  facet normal 1 0 0
    outer loop
      vertex 30.551 11.612134821882282 8.646014942998942
      vertex 30.551 15.358149493785453 9.23100319090452
      vertex 30.551 11.924967960400581 8.756148965743874
    endloop
  endfacet
  facet normal -1 0 0
    outer loop
      vertex 28.001 12.041850506214546 6.76899680909548
      vertex 28.001 16.196034255104255 8.205701233214944
      vertex 28.001 15.636872236087326 7.283512358213946
    endloop
  endfacet
  facet normal -1 0 0
    outer loop
      vertex 28.001 15.475032039599418 7.243851034256126
      vertex 28.001 15.636872236087326 7.283512358213946
      vertex 28.001 15.529806109558429 7.253528698248191
    endloop
  endfacet
  facet normal -1 0 0
    outer loop
      vertex 28.001 15.529806109558429 7.253528698248191
      vertex 28.001 15.636872236087326 7.283512358213946
      vertex 28.001 15.583829954520404 7.266768037194767
    endloop
  endfacet
  facet normal -1 0 0
    outer loop
      vertex 28.001 15.636872236087326 7.283512358213946
      vertex 28.001 15.73910874409745 7.3272144376237405
      vertex 28.001 15.688705819066325 7.303689959552488
    endloop
  endfacet
  facet normal -1 0 0
    outer loop
      vertex 28.001 15.636872236087326 7.283512358213946
      vertex 28.001 15.834766338591429 7.3838871817823675
      vertex 28.001 15.73910874409745 7.3272144376237405
    endloop
  endfacet
  facet normal -1 0 0
    outer loop
      vertex 28.001 15.73910874409745 7.3272144376237405
      vertex 28.001 15.834766338591429 7.3838871817823675
      vertex 28.001 15.787865178117716 7.353985057001058
    endloop
  endfacet
  facet normal -1 0 0
    outer loop
      vertex 28.001 15.636872236087326 7.283512358213946
      vertex 28.001 15.999938447082126 7.532060578817847
      vertex 28.001 15.834766338591429 7.3838871817823675
    endloop
  endfacet
  facet normal -1 0 0
    outer loop
      vertex 28.001 15.834766338591429 7.3838871817823675
      vertex 28.001 15.922208291606179 7.452560904324621
      vertex 28.001 15.87961138754904 7.416792766478697
    endloop
  endfacet
  facet normal -1 0 0
    outer loop
      vertex 28.001 15.834766338591429 7.3838871817823675
      vertex 28.001 15.999938447082126 7.532060578817847
      vertex 28.001 15.922208291606179 7.452560904324621
    endloop
  endfacet
  facet normal -1 0 0
    outer loop
      vertex 28.001 15.922208291606179 7.452560904324621
      vertex 28.001 15.999938447082126 7.532060578817847
      vertex 28.001 15.962374644280073 7.491038430662655
    endloop
  endfacet
  facet normal -1 0 0
    outer loop
      vertex 28.001 15.636872236087326 7.283512358213946
      vertex 28.001 16.196034255104255 8.205701233214944
      vertex 28.001 15.999938447082126 7.532060578817847
    endloop
  endfacet
  facet normal -1 0 0
    outer loop
      vertex 28.001 15.999938447082126 7.532060578817847
      vertex 28.001 16.09546582127904 7.66858819725593
      vertex 28.001 16.034738846041837 7.5754516856539595
    endloop
  endfacet
  facet normal -1 0 0
    outer loop
      vertex 28.001 16.034738846041837 7.5754516856539595
      vertex 28.001 16.09546582127904 7.66858819725593
      vertex 28.001 16.066626820508205 7.621025943789996
    endloop
  endfacet
  facet normal -1 0 0
    outer loop
      vertex 28.001 15.999938447082126 7.532060578817847
      vertex 28.001 16.162522446721763 7.821128941981943
      vertex 28.001 16.09546582127904 7.66858819725593
    endloop
  endfacet
  facet normal -1 0 0
    outer loop
      vertex 28.001 16.09546582127904 7.66858819725593
      vertex 28.001 16.143516514608674 7.768854373932741
      vertex 28.001 16.12113235532559 7.717934777180533
    endloop
  endfacet
  facet normal -1 0 0
    outer loop
      vertex 28.001 16.09546582127904 7.66858819725593
      vertex 28.001 16.162522446721763 7.821128941981943
      vertex 28.001 16.143516514608674 7.768854373932741
    endloop
  endfacet
  facet normal -1 0 0
    outer loop
      vertex 28.001 15.999938447082126 7.532060578817847
      vertex 28.001 16.196034255104255 8.205701233214944
      vertex 28.001 16.162522446721763 7.821128941981943
    endloop
  endfacet
  facet normal -1 0 0
    outer loop
      vertex 28.001 16.162522446721763 7.821128941981943
      vertex 28.001 16.190088898757434 7.928842757423645
      vertex 28.001 16.178068765345703 7.874534633602414
    endloop
  endfacet
  facet normal 1 0 0
    outer loop
      vertex 30.551 12.153028785190557 6.7702480479920375
      vertex 30.551 15.529806109558429 7.253528698248191
      vertex 30.551 15.787865178117716 7.353985057001058
    endloop
  endfacet
  facet normal 0 0.17398848114884186 -0.9847476876984882
    outer loop
      vertex 28.001 15.475032039599418 7.243851034256126
      vertex 28.001 15.529806109558429 7.253528698248191
      vertex 30.551 15.475032039599418 7.243851034256126
    endloop
  endfacet
  facet normal 0 0.2380215387327228 -0.9712598761913863
    outer loop
      vertex 28.001 15.529806109558429 7.253528698248191
      vertex 28.001 15.583829954520404 7.266768037194767
      vertex 30.551 15.529806109558429 7.253528698248191
    endloop
  endfacet
  facet normal 0 0.30103535154601885 -0.9536129807839052
    outer loop
      vertex 28.001 15.583829954520404 7.266768037194767
      vertex 28.001 15.636872236087326 7.283512358213946
      vertex 30.551 15.636872236087326 7.283512358213946
    endloop
  endfacet
  facet normal 0 0.3627600847682218 -0.9318825681913748
    outer loop
      vertex 28.001 15.636872236087326 7.283512358213946
      vertex 28.001 15.688705819066325 7.303689959552488
      vertex 30.551 15.688705819066325 7.303689959552488
    endloop
  endfacet
  facet normal 0 0.4229314236154981 -0.9061616913766374
    outer loop
      vertex 28.001 15.688705819066325 7.303689959552488
      vertex 28.001 15.73910874409745 7.3272144376237405
      vertex 30.551 15.688705819066325 7.303689959552488
    endloop
  endfacet
  facet normal 0 0.17398848114884186 -0.9847476876984882
    outer loop
      vertex 28.001 15.529806109558429 7.253528698248191
      vertex 30.551 15.529806109558429 7.253528698248191
      vertex 30.551 15.475032039599418 7.243851034256126
    endloop
  endfacet
  facet normal 0 0.2380215387327228 -0.9712598761913863
    outer loop
      vertex 28.001 15.583829954520404 7.266768037194767
      vertex 30.551 15.583829954520404 7.266768037194767
      vertex 30.551 15.529806109558429 7.253528698248191
    endloop
  endfacet
  facet normal 0 0.30103535154601885 -0.9536129807839052
    outer loop
      vertex 28.001 15.583829954520404 7.266768037194767
      vertex 30.551 15.636872236087326 7.283512358213946
      vertex 30.551 15.583829954520404 7.266768037194767
    endloop
  endfacet
  facet normal 0 0.3627600847682218 -0.9318825681913748
    outer loop
      vertex 28.001 15.636872236087326 7.283512358213946
      vertex 30.551 15.688705819066325 7.303689959552488
      vertex 30.551 15.636872236087326 7.283512358213946
    endloop
  endfacet
  facet normal 1 0 0
    outer loop
      vertex 30.551 15.529806109558429 7.253528698248191
      vertex 30.551 15.583829954520404 7.266768037194767
      vertex 30.551 15.636872236087326 7.283512358213946
    endloop
  endfacet
  facet normal 1 0 0
    outer loop
      vertex 30.551 15.529806109558429 7.253528698248191
      vertex 30.551 15.636872236087326 7.283512358213946
      vertex 30.551 15.787865178117716 7.353985057001058
    endloop
  endfacet
  facet normal 0 0.4812917051772511 -0.8765604910829452
    outer loop
      vertex 28.001 15.73910874409745 7.3272144376237405
      vertex 28.001 15.787865178117716 7.353985057001058
      vertex 30.551 15.787865178117716 7.353985057001058
    endloop
  endfacet
  facet normal 0 0.537591021768175 -0.843205724194428
    outer loop
      vertex 28.001 15.787865178117716 7.353985057001058
      vertex 28.001 15.834766338591429 7.3838871817823675
      vertex 30.551 15.787865178117716 7.353985057001058
    endloop
  endfacet
  facet normal 0 0.5915882910714091 -0.8062402209436154
    outer loop
      vertex 28.001 15.834766338591429 7.3838871817823675
      vertex 28.001 15.87961138754904 7.416792766478697
      vertex 30.551 15.834766338591429 7.3838871817823675
    endloop
  endfacet
  facet normal 0 0.6430522884900081 -0.765822273290457
    outer loop
      vertex 28.001 15.87961138754904 7.416792766478697
      vertex 28.001 15.922208291606179 7.452560904324621
      vertex 30.551 15.922208291606179 7.452560904324621
    endloop
  endfacet
  facet normal 0 0.6917626372860857 -0.7221249570919146
    outer loop
      vertex 28.001 15.922208291606179 7.452560904324621
      vertex 28.001 15.962374644280073 7.491038430662655
      vertex 30.551 15.962374644280073 7.491038430662655
    endloop
  endfacet
  facet normal 0 0.737510752267986 -0.6753353909644523
    outer loop
      vertex 28.001 15.962374644280073 7.491038430662655
      vertex 28.001 15.999938447082126 7.532060578817847
      vertex 30.551 15.962374644280073 7.491038430662655
    endloop
  endfacet
  facet normal 0 0.7801007329839698 -0.6256539350134969
    outer loop
      vertex 28.001 15.999938447082126 7.532060578817847
      vertex 28.001 16.034738846041837 7.5754516856539595
      vertex 30.551 16.034738846041837 7.5754516856539595
    endloop
  endfacet
  facet normal 0 0.8193502025980712 -0.5732933328606741
    outer loop
      vertex 28.001 16.034738846041837 7.5754516856539595
      vertex 28.001 16.066626820508205 7.621025943789996
      vertex 30.551 16.066626820508205 7.621025943789996
    endloop
  endfacet
  facet normal 0 0.8550910888556886 -0.5184778006429906
    outer loop
      vertex 28.001 16.066626820508205 7.621025943789996
      vertex 28.001 16.09546582127904 7.66858819725593
      vertex 30.551 16.066626820508205 7.621025943789996
    endloop
  endfacet
  facet normal 0 0.8871703437948906 -0.4614420668847341
    outer loop
      vertex 28.001 16.09546582127904 7.66858819725593
      vertex 28.001 16.12113235532559 7.717934777180533
      vertex 30.551 16.12113235532559 7.717934777180533
    endloop
  endfacet
  facet normal 0 0.915450599121066 -0.4024303673542558
    outer loop
      vertex 28.001 16.12113235532559 7.717934777180533
      vertex 28.001 16.143516514608674 7.768854373932741
      vertex 30.551 16.12113235532559 7.717934777180533
    endloop
  endfacet
  facet normal 0 0.9398107544392883 -0.3416953992084992
    outer loop
      vertex 28.001 16.143516514608674 7.768854373932741
      vertex 28.001 16.162522446721763 7.821128941981943
      vertex 30.551 16.143516514608674 7.768854373932741
    endloop
  endfacet
  facet normal 0 0.9601464958246295 -0.2794972389052968
    outer loop
      vertex 28.001 16.162522446721763 7.821128941981943
      vertex 28.001 16.178068765345703 7.874534633602414
      vertex 30.551 16.178068765345703 7.874534633602414
    endloop
  endfacet
  facet normal 0 0.4229314236154981 -0.9061616913766374
    outer loop
      vertex 28.001 15.73910874409745 7.3272144376237405
      vertex 30.551 15.73910874409745 7.3272144376237405
      vertex 30.551 15.688705819066325 7.303689959552488
    endloop
  endfacet
  facet normal 0 0.4812917051772511 -0.8765604910829452
    outer loop
      vertex 28.001 15.73910874409745 7.3272144376237405
      vertex 30.551 15.787865178117716 7.353985057001058
      vertex 30.551 15.73910874409745 7.3272144376237405
    endloop
  endfacet
  facet normal 0 0.537591021768175 -0.843205724194428
    outer loop
      vertex 28.001 15.834766338591429 7.3838871817823675
      vertex 30.551 15.834766338591429 7.3838871817823675
      vertex 30.551 15.787865178117716 7.353985057001058
    endloop
  endfacet
  facet normal 0 0.5915882910714091 -0.8062402209436154
    outer loop
      vertex 28.001 15.87961138754904 7.416792766478697
      vertex 30.551 15.87961138754904 7.416792766478697
      vertex 30.551 15.834766338591429 7.3838871817823675
    endloop
  endfacet
  facet normal 0 0.6430522884900081 -0.765822273290457
    outer loop
      vertex 28.001 15.87961138754904 7.416792766478697
      vertex 30.551 15.922208291606179 7.452560904324621
      vertex 30.551 15.87961138754904 7.416792766478697
    endloop
  endfacet
  facet normal 0 0.6917626372860857 -0.7221249570919146
    outer loop
      vertex 28.001 15.922208291606179 7.452560904324621
      vertex 30.551 15.962374644280073 7.491038430662655
      vertex 30.551 15.922208291606179 7.452560904324621
    endloop
  endfacet
  facet normal 1 0 0
    outer loop
      vertex 30.551 15.636872236087326 7.283512358213946
      vertex 30.551 15.688705819066325 7.303689959552488
      vertex 30.551 15.787865178117716 7.353985057001058
    endloop
  endfacet
  facet normal 1 0 0
    outer loop
      vertex 30.551 15.688705819066325 7.303689959552488
      vertex 30.551 15.73910874409745 7.3272144376237405
      vertex 30.551 15.787865178117716 7.353985057001058
    endloop
  endfacet
  facet normal 1 0 0
    outer loop
      vertex 30.551 15.787865178117716 7.353985057001058
      vertex 30.551 15.834766338591429 7.3838871817823675
      vertex 30.551 15.922208291606179 7.452560904324621
    endloop
  endfacet
  facet normal 1 0 0
    outer loop
      vertex 30.551 15.834766338591429 7.3838871817823675
      vertex 30.551 15.87961138754904 7.416792766478697
      vertex 30.551 15.922208291606179 7.452560904324621
    endloop
  endfacet
  facet normal 1 0 0
    outer loop
      vertex 30.551 15.787865178117716 7.353985057001058
      vertex 30.551 15.922208291606179 7.452560904324621
      vertex 30.551 15.999938447082126 7.532060578817847
    endloop
  endfacet
  facet normal 1 0 0
    outer loop
      vertex 30.551 15.922208291606179 7.452560904324621
      vertex 30.551 15.962374644280073 7.491038430662655
      vertex 30.551 15.999938447082126 7.532060578817847
    endloop
  endfacet
  facet normal 1 0 0
    outer loop
      vertex 30.551 15.787865178117716 7.353985057001058
      vertex 30.551 15.999938447082126 7.532060578817847
      vertex 30.551 16.162522446721763 7.821128941981943
    endloop
  endfacet
  facet normal 0 0.737510752267986 -0.6753353909644523
    outer loop
      vertex 28.001 15.999938447082126 7.532060578817847
      vertex 30.551 15.999938447082126 7.532060578817847
      vertex 30.551 15.962374644280073 7.491038430662655
    endloop
  endfacet
  facet normal 0 0.7801007329839698 -0.6256539350134969
    outer loop
      vertex 28.001 15.999938447082126 7.532060578817847
      vertex 30.551 16.034738846041837 7.5754516856539595
      vertex 30.551 15.999938447082126 7.532060578817847
    endloop
  endfacet
  facet normal 0 0.8193502025980712 -0.5732933328606741
    outer loop
      vertex 28.001 16.034738846041837 7.5754516856539595
      vertex 30.551 16.066626820508205 7.621025943789996
      vertex 30.551 16.034738846041837 7.5754516856539595
    endloop
  endfacet
  facet normal 1 0 0
    outer loop
      vertex 30.551 15.999938447082126 7.532060578817847
      vertex 30.551 16.034738846041837 7.5754516856539595
      vertex 30.551 16.09546582127904 7.66858819725593
    endloop
  endfacet
  facet normal 0 0.8550910888556886 -0.5184778006429906
    outer loop
      vertex 28.001 16.09546582127904 7.66858819725593
      vertex 30.551 16.09546582127904 7.66858819725593
      vertex 30.551 16.066626820508205 7.621025943789996
    endloop
  endfacet
  facet normal 0 0.8871703437948906 -0.4614420668847341
    outer loop
      vertex 28.001 16.09546582127904 7.66858819725593
      vertex 30.551 16.12113235532559 7.717934777180533
      vertex 30.551 16.09546582127904 7.66858819725593
    endloop
  endfacet
  facet normal 0 0.915450599121066 -0.4024303673542558
    outer loop
      vertex 28.001 16.143516514608674 7.768854373932741
      vertex 30.551 16.143516514608674 7.768854373932741
      vertex 30.551 16.12113235532559 7.717934777180533
    endloop
  endfacet
  facet normal 0 0.9398107544392883 -0.3416953992084992
    outer loop
      vertex 28.001 16.162522446721763 7.821128941981943
      vertex 30.551 16.162522446721763 7.821128941981943
      vertex 30.551 16.143516514608674 7.768854373932741
    endloop
  endfacet
  facet normal 0 0.9601464958246295 -0.2794972389052968
    outer loop
      vertex 28.001 16.162522446721763 7.821128941981943
      vertex 30.551 16.178068765345703 7.874534633602414
      vertex 30.551 16.162522446721763 7.821128941981943
    endloop
  endfacet
  facet normal 1 0 0
    outer loop
      vertex 30.551 16.034738846041837 7.5754516856539595
      vertex 30.551 16.066626820508205 7.621025943789996
      vertex 30.551 16.09546582127904 7.66858819725593
    endloop
  endfacet
  facet normal 1 0 0
    outer loop
      vertex 30.551 15.999938447082126 7.532060578817847
      vertex 30.551 16.09546582127904 7.66858819725593
      vertex 30.551 16.162522446721763 7.821128941981943
    endloop
  endfacet
  facet normal 1 0 0
    outer loop
      vertex 30.551 16.09546582127904 7.66858819725593
      vertex 30.551 16.12113235532559 7.717934777180533
      vertex 30.551 16.143516514608674 7.768854373932741
    endloop
  endfacet
  facet normal 1 0 0
    outer loop
      vertex 30.551 16.09546582127904 7.66858819725593
      vertex 30.551 16.143516514608674 7.768854373932741
      vertex 30.551 16.162522446721763 7.821128941981943
    endloop
  endfacet
  facet normal 1 0 0
    outer loop
      vertex 30.551 16.162522446721763 7.821128941981943
      vertex 30.551 16.178068765345703 7.874534633602414
      vertex 30.551 16.190088898757434 7.928842757423645
    endloop
  endfacet
  facet normal -1 0 0
    outer loop
      vertex 28.001 16.162522446721763 7.821128941981943
      vertex 28.001 16.203360041795406 8.03923321025952
      vertex 28.001 16.190088898757434 7.928842757423645
    endloop
  endfacet
  facet normal -1 0 0
    outer loop
      vertex 28.001 16.190088898757434 7.928842757423645
      vertex 28.001 16.203360041795406 8.03923321025952
      vertex 28.001 16.19853137490032 7.983820757721897
    endloop
  endfacet
  facet normal -1 0 0
    outer loop
      vertex 28.001 16.162522446721763 7.821128941981943
      vertex 28.001 16.196034255104255 8.205701233214944
      vertex 28.001 16.203360041795406 8.03923321025952
    endloop
  endfacet
  facet normal -1 0 0
    outer loop
      vertex 28.001 16.203360041795406 8.03923321025952
      vertex 28.001 16.196034255104255 8.205701233214944
      vertex 28.001 16.20455422234974 8.09484283040767
    endloop
  endfacet
  facet normal -1 0 0
    outer loop
      vertex 28.001 16.20455422234974 8.09484283040767
      vertex 28.001 16.196034255104255 8.205701233214944
      vertex 28.001 16.20210880289885 8.15041148923553
    endloop
  endfacet
  facet normal -1 0 0
    outer loop
      vertex 28.001 16.196034255104255 8.205701233214944
      vertex 28.001 15.358149493785453 9.23100319090452
      vertex 28.001 15.980589937566275 8.907254536658154
    endloop
  endfacet
  facet normal -1 0 0
    outer loop
      vertex 28.001 15.980589937566275 8.907254536658154
      vertex 28.001 15.865322125227124 9.027581596191238
      vertex 28.001 15.906344273382317 8.990017793389187
    endloop
  endfacet
  facet normal -1 0 0
    outer loop
      vertex 28.001 15.980589937566275 8.907254536658154
      vertex 28.001 15.906344273382317 8.990017793389187
      vertex 28.001 15.944821799720351 8.949851440715292
    endloop
  endfacet
  facet normal -1 0 0
    outer loop
      vertex 28.001 16.196034255104255 8.205701233214944
      vertex 28.001 15.980589937566275 8.907254536658154
      vertex 28.001 16.130614666850207 8.611473103629518
    endloop
  endfacet
  facet normal -1 0 0
    outer loop
      vertex 28.001 16.196034255104255 8.205701233214944
      vertex 28.001 16.130614666850207 8.611473103629518
      vertex 28.001 16.153531669788844 8.50267518870853
    endloop
  endfacet
  facet normal -1 0 0
    outer loop
      vertex 28.001 16.153531669788844 8.50267518870853
      vertex 28.001 16.130614666850207 8.611473103629518
      vertex 28.001 16.143854005796783 8.55744925866754
    endloop
  endfacet
  facet normal -1 0 0
    outer loop
      vertex 28.001 16.130614666850207 8.611473103629518
      vertex 28.001 16.07016826642123 8.766751893206562
      vertex 28.001 16.113870345831025 8.66451538519644
    endloop
  endfacet
  facet normal -1 0 0
    outer loop
      vertex 28.001 16.093692744492483 8.716348968175438
      vertex 28.001 16.113870345831025 8.66451538519644
      vertex 28.001 16.07016826642123 8.766751893206562
    endloop
  endfacet
  facet normal -1 0 0
    outer loop
      vertex 28.001 15.980589937566275 8.907254536658154
      vertex 28.001 16.07016826642123 8.766751893206562
      vertex 28.001 16.130614666850207 8.611473103629518
    endloop
  endfacet
  facet normal -1 0 0
    outer loop
      vertex 28.001 15.980589937566275 8.907254536658154
      vertex 28.001 16.043397647043914 8.81550832722683
      vertex 28.001 16.07016826642123 8.766751893206562
    endloop
  endfacet
  facet normal -1 0 0
    outer loop
      vertex 28.001 15.980589937566275 8.907254536658154
      vertex 28.001 16.013495522262605 8.862409487700543
      vertex 28.001 16.043397647043914 8.81550832722683
    endloop
  endfacet
  facet normal 0 0.9763707425104722 -0.21610222851592484
    outer loop
      vertex 28.001 16.178068765345703 7.874534633602414
      vertex 28.001 16.190088898757434 7.928842757423645
      vertex 30.551 16.178068765345703 7.874534633602414
    endloop
  endfacet
  facet normal 0 0.9884140197817298 -0.15178183520738578
    outer loop
      vertex 28.001 16.190088898757434 7.928842757423645
      vertex 28.001 16.19853137490032 7.983820757721897
      vertex 30.551 16.19853137490032 7.983820757721897
    endloop
  endfacet
  facet normal 0 0.9962247564761931 -0.08681148877855964
    outer loop
      vertex 28.001 16.19853137490032 7.983820757721897
      vertex 28.001 16.203360041795406 8.03923321025952
      vertex 30.551 16.19853137490032 7.983820757721897
    endloop
  endfacet
  facet normal 0 0.9997695058202188 -0.02146940222724439
    outer loop
      vertex 28.001 16.203360041795406 8.03923321025952
      vertex 28.001 16.20455422234974 8.09484283040767
      vertex 30.551 16.20455422234974 8.09484283040767
    endloop
  endfacet
  facet normal 0 0.9990330886529171 0.04396461960045541
    outer loop
      vertex 28.001 16.20455422234974 8.09484283040767
      vertex 28.001 16.20210880289885 8.15041148923553
      vertex 30.551 16.20210880289885 8.15041148923553
    endloop
  endfacet
  facet normal 0 0.994018658425658 0.10921037817742013
    outer loop
      vertex 28.001 16.20210880289885 8.15041148923553
      vertex 28.001 16.196034255104255 8.205701233214944
      vertex 30.551 16.20210880289885 8.15041148923553
    endloop
  endfacet
  facet normal 0 0.9899131849786189 0.14167528438470342
    outer loop
      vertex 28.001 16.196034255104255 8.205701233214944
      vertex 28.001 16.153531669788844 8.50267518870853
      vertex 30.551 16.196034255104255 8.205701233214944
    endloop
  endfacet
  facet normal 1 0 0
    outer loop
      vertex 30.551 15.787865178117716 7.353985057001058
      vertex 30.551 16.143854005796783 8.55744925866754
      vertex 30.551 15.358149493785453 9.23100319090452
    endloop
  endfacet
  facet normal 0 0.9763707425104722 -0.21610222851592484
    outer loop
      vertex 30.551 16.178068765345703 7.874534633602414
      vertex 28.001 16.190088898757434 7.928842757423645
      vertex 30.551 16.190088898757434 7.928842757423645
    endloop
  endfacet
  facet normal 0 0.9884140197817298 -0.15178183520738578
    outer loop
      vertex 28.001 16.190088898757434 7.928842757423645
      vertex 30.551 16.19853137490032 7.983820757721897
      vertex 30.551 16.190088898757434 7.928842757423645
    endloop
  endfacet
  facet normal 0 0.9962247564761931 -0.08681148877855964
    outer loop
      vertex 28.001 16.203360041795406 8.03923321025952
      vertex 30.551 16.203360041795406 8.03923321025952
      vertex 30.551 16.19853137490032 7.983820757721897
    endloop
  endfacet
  facet normal 0 0.9997695058202188 -0.02146940222724439
    outer loop
      vertex 28.001 16.203360041795406 8.03923321025952
      vertex 30.551 16.20455422234974 8.09484283040767
      vertex 30.551 16.203360041795406 8.03923321025952
    endloop
  endfacet
  facet normal 0 0.9990330886529171 0.04396461960045541
    outer loop
      vertex 28.001 16.20455422234974 8.09484283040767
      vertex 30.551 16.20210880289885 8.15041148923553
      vertex 30.551 16.20455422234974 8.09484283040767
    endloop
  endfacet
  facet normal 1 0 0
    outer loop
      vertex 30.551 15.787865178117716 7.353985057001058
      vertex 30.551 16.162522446721763 7.821128941981943
      vertex 30.551 16.143854005796783 8.55744925866754
    endloop
  endfacet
  facet normal 1 0 0
    outer loop
      vertex 30.551 16.162522446721763 7.821128941981943
      vertex 30.551 16.190088898757434 7.928842757423645
      vertex 30.551 16.20455422234974 8.09484283040767
    endloop
  endfacet
  facet normal 1 0 0
    outer loop
      vertex 30.551 16.190088898757434 7.928842757423645
      vertex 30.551 16.19853137490032 7.983820757721897
      vertex 30.551 16.20455422234974 8.09484283040767
    endloop
  endfacet
  facet normal 1 0 0
    outer loop
      vertex 30.551 16.19853137490032 7.983820757721897
      vertex 30.551 16.203360041795406 8.03923321025952
      vertex 30.551 16.20455422234974 8.09484283040767
    endloop
  endfacet
  facet normal 1 0 0
    outer loop
      vertex 30.551 16.20455422234974 8.09484283040767
      vertex 30.551 16.20210880289885 8.15041148923553
      vertex 30.551 16.196034255104255 8.205701233214944
    endloop
  endfacet
  facet normal 0 0.994018658425658 0.10921037817742013
    outer loop
      vertex 28.001 16.196034255104255 8.205701233214944
      vertex 30.551 16.196034255104255 8.205701233214944
      vertex 30.551 16.20210880289885 8.15041148923553
    endloop
  endfacet
  facet normal 0 0.9899131849786189 0.14167528438470342
    outer loop
      vertex 28.001 16.153531669788844 8.50267518870853
      vertex 30.551 16.153531669788844 8.50267518870853
      vertex 30.551 16.196034255104255 8.205701233214944
    endloop
  endfacet
  facet normal 1 0 0
    outer loop
      vertex 30.551 16.162522446721763 7.821128941981943
      vertex 30.551 16.20455422234974 8.09484283040767
      vertex 30.551 16.143854005796783 8.55744925866754
    endloop
  endfacet
  facet normal 1 0 0
    outer loop
      vertex 30.551 16.20455422234974 8.09484283040767
      vertex 30.551 16.196034255104255 8.205701233214944
      vertex 30.551 16.143854005796783 8.55744925866754
    endloop
  endfacet
  facet normal 1 0 0
    outer loop
      vertex 30.551 16.196034255104255 8.205701233214944
      vertex 30.551 16.153531669788844 8.50267518870853
      vertex 30.551 16.143854005796783 8.55744925866754
    endloop
  endfacet
  facet normal 0 0.765822273290457 0.6430522884900081
    outer loop
      vertex 28.001 15.980589937566275 8.907254536658154
      vertex 28.001 15.944821799720351 8.949851440715292
      vertex 30.551 15.980589937566275 8.907254536658154
    endloop
  endfacet
  facet normal 0 0.7221249570919146 0.6917626372860857
    outer loop
      vertex 28.001 15.906344273382317 8.990017793389187
      vertex 30.551 15.906344273382317 8.990017793389187
      vertex 28.001 15.944821799720351 8.949851440715292
    endloop
  endfacet
  facet normal 0 0.9847476876984992 0.17398848114877993
    outer loop
      vertex 28.001 16.153531669788844 8.50267518870853
      vertex 28.001 16.143854005796783 8.55744925866754
      vertex 30.551 16.143854005796783 8.55744925866754
    endloop
  endfacet
  facet normal 0 0.9712598761913881 0.23802153873271545
    outer loop
      vertex 28.001 16.143854005796783 8.55744925866754
      vertex 28.001 16.130614666850207 8.611473103629518
      vertex 30.551 16.143854005796783 8.55744925866754
    endloop
  endfacet
  facet normal 0 0.9318825681913748 0.3627600847682218
    outer loop
      vertex 28.001 16.093692744492483 8.716348968175438
      vertex 30.551 16.093692744492483 8.716348968175438
      vertex 28.001 16.113870345831025 8.66451538519644
    endloop
  endfacet
  facet normal 0 0.953612980783887 0.3010353515460769
    outer loop
      vertex 28.001 16.130614666850207 8.611473103629518
      vertex 28.001 16.113870345831025 8.66451538519644
      vertex 30.551 16.113870345831025 8.66451538519644
    endloop
  endfacet
  facet normal 0 0.9061616913766377 0.4229314236154973
    outer loop
      vertex 28.001 16.093692744492483 8.716348968175438
      vertex 28.001 16.07016826642123 8.766751893206562
      vertex 30.551 16.093692744492483 8.716348968175438
    endloop
  endfacet
  facet normal 0 0.8432057241944352 0.5375910217681636
    outer loop
      vertex 28.001 16.043397647043914 8.81550832722683
      vertex 28.001 16.013495522262605 8.862409487700543
      vertex 30.551 16.013495522262605 8.862409487700543
    endloop
  endfacet
  facet normal 0 0.8765604910829593 0.48129170517722536
    outer loop
      vertex 28.001 16.07016826642123 8.766751893206562
      vertex 28.001 16.043397647043914 8.81550832722683
      vertex 30.551 16.043397647043914 8.81550832722683
    endloop
  endfacet
  facet normal 0 0.8062402209436078 0.5915882910714194
    outer loop
      vertex 28.001 15.980589937566275 8.907254536658154
      vertex 30.551 16.013495522262605 8.862409487700543
      vertex 28.001 16.013495522262605 8.862409487700543
    endloop
  endfacet
  facet normal 0 0.7221249570919146 0.6917626372860857
    outer loop
      vertex 28.001 15.944821799720351 8.949851440715292
      vertex 30.551 15.906344273382317 8.990017793389187
      vertex 30.551 15.944821799720351 8.949851440715292
    endloop
  endfacet
  facet normal 0 0.765822273290457 0.6430522884900081
    outer loop
      vertex 28.001 15.944821799720351 8.949851440715292
      vertex 30.551 15.944821799720351 8.949851440715292
      vertex 30.551 15.980589937566275 8.907254536658154
    endloop
  endfacet
  facet normal 1 0 0
    outer loop
      vertex 30.551 16.143854005796783 8.55744925866754
      vertex 30.551 15.865322125227124 9.027581596191238
      vertex 30.551 15.358149493785453 9.23100319090452
    endloop
  endfacet
  facet normal 1 0 0
    outer loop
      vertex 30.551 15.980589937566275 8.907254536658154
      vertex 30.551 15.865322125227124 9.027581596191238
      vertex 30.551 16.043397647043914 8.81550832722683
    endloop
  endfacet
  facet normal 1 0 0
    outer loop
      vertex 30.551 15.980589937566275 8.907254536658154
      vertex 30.551 15.906344273382317 8.990017793389187
      vertex 30.551 15.865322125227124 9.027581596191238
    endloop
  endfacet
  facet normal 1 0 0
    outer loop
      vertex 30.551 15.980589937566275 8.907254536658154
      vertex 30.551 15.944821799720351 8.949851440715292
      vertex 30.551 15.906344273382317 8.990017793389187
    endloop
  endfacet
  facet normal 0 0.9847476876984992 0.17398848114877993
    outer loop
      vertex 28.001 16.153531669788844 8.50267518870853
      vertex 30.551 16.143854005796783 8.55744925866754
      vertex 30.551 16.153531669788844 8.50267518870853
    endloop
  endfacet
  facet normal 0 0.9318825681913748 0.3627600847682218
    outer loop
      vertex 28.001 16.113870345831025 8.66451538519644
      vertex 30.551 16.093692744492483 8.716348968175438
      vertex 30.551 16.113870345831025 8.66451538519644
    endloop
  endfacet
  facet normal 0 0.9712598761913881 0.23802153873271545
    outer loop
      vertex 28.001 16.130614666850207 8.611473103629518
      vertex 30.551 16.130614666850207 8.611473103629518
      vertex 30.551 16.143854005796783 8.55744925866754
    endloop
  endfacet
  facet normal 0 0.953612980783887 0.3010353515460769
    outer loop
      vertex 28.001 16.130614666850207 8.611473103629518
      vertex 30.551 16.113870345831025 8.66451538519644
      vertex 30.551 16.130614666850207 8.611473103629518
    endloop
  endfacet
  facet normal 1 0 0
    outer loop
      vertex 30.551 16.143854005796783 8.55744925866754
      vertex 30.551 16.113870345831025 8.66451538519644
      vertex 30.551 16.043397647043914 8.81550832722683
    endloop
  endfacet
  facet normal 1 0 0
    outer loop
      vertex 30.551 16.143854005796783 8.55744925866754
      vertex 30.551 16.130614666850207 8.611473103629518
      vertex 30.551 16.113870345831025 8.66451538519644
    endloop
  endfacet
  facet normal 0 0.9061616913766377 0.4229314236154973
    outer loop
      vertex 28.001 16.07016826642123 8.766751893206562
      vertex 30.551 16.07016826642123 8.766751893206562
      vertex 30.551 16.093692744492483 8.716348968175438
    endloop
  endfacet
  facet normal 0 0.8765604910829593 0.48129170517722536
    outer loop
      vertex 28.001 16.07016826642123 8.766751893206562
      vertex 30.551 16.043397647043914 8.81550832722683
      vertex 30.551 16.07016826642123 8.766751893206562
    endloop
  endfacet
  facet normal 0 0.8432057241944352 0.5375910217681636
    outer loop
      vertex 28.001 16.043397647043914 8.81550832722683
      vertex 30.551 16.013495522262605 8.862409487700543
      vertex 30.551 16.043397647043914 8.81550832722683
    endloop
  endfacet
  facet normal 0 0.8062402209436078 0.5915882910714194
    outer loop
      vertex 28.001 15.980589937566275 8.907254536658154
      vertex 30.551 15.980589937566275 8.907254536658154
      vertex 30.551 16.013495522262605 8.862409487700543
    endloop
  endfacet
  facet normal 1 0 0
    outer loop
      vertex 30.551 16.093692744492483 8.716348968175438
      vertex 30.551 16.043397647043914 8.81550832722683
      vertex 30.551 16.113870345831025 8.66451538519644
    endloop
  endfacet
  facet normal 1 0 0
    outer loop
      vertex 30.551 16.093692744492483 8.716348968175438
      vertex 30.551 16.07016826642123 8.766751893206562
      vertex 30.551 16.043397647043914 8.81550832722683
    endloop
  endfacet
  facet normal 1 0 0
    outer loop
      vertex 30.551 16.143854005796783 8.55744925866754
      vertex 30.551 16.043397647043914 8.81550832722683
      vertex 30.551 15.865322125227124 9.027581596191238
    endloop
  endfacet
  facet normal 1 0 0
    outer loop
      vertex 30.551 15.980589937566275 8.907254536658154
      vertex 30.551 16.043397647043914 8.81550832722683
      vertex 30.551 16.013495522262605 8.862409487700543
    endloop
  endfacet
  facet normal -1 0 0
    outer loop
      vertex 28.001 11.87019389044157 8.746471301751809
      vertex 28.001 15.191681470830028 9.223677404213367
      vertex 28.001 15.358149493785453 9.23100319090452
    endloop
  endfacet
  facet normal 0 -0.1416752843846949 0.98991318497862
    outer loop
      vertex 30.551 11.924967960400581 8.756148965743874
      vertex 30.551 15.191681470830028 9.223677404213367
      vertex 28.001 15.191681470830028 9.223677404213367
    endloop
  endfacet
  facet normal 1 0 0
    outer loop
      vertex 30.551 11.924967960400581 8.756148965743874
      vertex 30.551 15.358149493785453 9.23100319090452
      vertex 30.551 15.191681470830028 9.223677404213367
    endloop
  endfacet
  facet normal -1 0 0
    outer loop
      vertex 28.001 15.191681470830028 9.223677404213367
      vertex 28.001 15.246971214809442 9.229751952007963
      vertex 28.001 15.358149493785453 9.23100319090452
    endloop
  endfacet
  facet normal -1 0 0
    outer loop
      vertex 28.001 15.246971214809442 9.229751952007963
      vertex 28.001 15.3025398736373 9.232197371458852
      vertex 28.001 15.358149493785453 9.23100319090452
    endloop
  endfacet
  facet normal -1 0 0
    outer loop
      vertex 28.001 15.358149493785453 9.23100319090452
      vertex 28.001 15.413561946323075 9.226174524009433
      vertex 28.001 15.522848070442558 9.205711914454815
    endloop
  endfacet
  facet normal -1 0 0
    outer loop
      vertex 28.001 15.413561946323075 9.226174524009433
      vertex 28.001 15.468539946621327 9.217732047866546
      vertex 28.001 15.522848070442558 9.205711914454815
    endloop
  endfacet
  facet normal -1 0 0
    outer loop
      vertex 28.001 15.980589937566275 8.907254536658154
      vertex 28.001 15.358149493785453 9.23100319090452
      vertex 28.001 15.728794506789042 9.123108970388152
    endloop
  endfacet
  facet normal -1 0 0
    outer loop
      vertex 28.001 15.358149493785453 9.23100319090452
      vertex 28.001 15.522848070442558 9.205711914454815
      vertex 28.001 15.728794506789042 9.123108970388152
    endloop
  endfacet
  facet normal -1 0 0
    outer loop
      vertex 28.001 15.522848070442558 9.205711914454815
      vertex 28.001 15.576253762063029 9.190165595830875
      vertex 28.001 15.62852833011223 9.171159663717788
    endloop
  endfacet
  facet normal -1 0 0
    outer loop
      vertex 28.001 15.522848070442558 9.205711914454815
      vertex 28.001 15.62852833011223 9.171159663717788
      vertex 28.001 15.728794506789042 9.123108970388152
    endloop
  endfacet
  facet normal -1 0 0
    outer loop
      vertex 28.001 15.62852833011223 9.171159663717788
      vertex 28.001 15.679447926864439 9.148775504434703
      vertex 28.001 15.728794506789042 9.123108970388152
    endloop
  endfacet
  facet normal -1 0 0
    outer loop
      vertex 28.001 15.821931018391012 9.06238199515095
      vertex 28.001 15.865322125227124 9.027581596191238
      vertex 28.001 15.776356760254977 9.094269969617319
    endloop
  endfacet
  facet normal -1 0 0
    outer loop
      vertex 28.001 15.776356760254977 9.094269969617319
      vertex 28.001 15.865322125227124 9.027581596191238
      vertex 28.001 15.728794506789042 9.123108970388152
    endloop
  endfacet
  facet normal -1 0 0
    outer loop
      vertex 28.001 15.980589937566275 8.907254536658154
      vertex 28.001 15.728794506789042 9.123108970388152
      vertex 28.001 15.865322125227124 9.027581596191238
    endloop
  endfacet
  facet normal 0 -0.10921037817745169 0.9940186584256544
    outer loop
      vertex 28.001 15.191681470830028 9.223677404213367
      vertex 30.551 15.246971214809442 9.229751952007963
      vertex 28.001 15.246971214809442 9.229751952007963
    endloop
  endfacet
  facet normal 0 -0.04396461960045681 0.9990330886529171
    outer loop
      vertex 28.001 15.246971214809442 9.229751952007963
      vertex 30.551 15.246971214809442 9.229751952007963
      vertex 28.001 15.3025398736373 9.232197371458852
    endloop
  endfacet
  facet normal 0 0.021469402227243705 0.9997695058202188
    outer loop
      vertex 28.001 15.3025398736373 9.232197371458852
      vertex 30.551 15.3025398736373 9.232197371458852
      vertex 28.001 15.358149493785453 9.23100319090452
    endloop
  endfacet
  facet normal 0 0.08681148877855964 0.9962247564761931
    outer loop
      vertex 28.001 15.358149493785453 9.23100319090452
      vertex 30.551 15.358149493785453 9.23100319090452
      vertex 28.001 15.413561946323075 9.226174524009433
    endloop
  endfacet
  facet normal 0 0.15178183520741698 0.9884140197817252
    outer loop
      vertex 28.001 15.413561946323075 9.226174524009433
      vertex 30.551 15.468539946621327 9.217732047866546
      vertex 28.001 15.468539946621327 9.217732047866546
    endloop
  endfacet
  facet normal 0 -0.10921037817745169 0.9940186584256544
    outer loop
      vertex 28.001 15.191681470830028 9.223677404213367
      vertex 30.551 15.191681470830028 9.223677404213367
      vertex 30.551 15.246971214809442 9.229751952007963
    endloop
  endfacet
  facet normal 0 -0.04396461960045681 0.9990330886529171
    outer loop
      vertex 28.001 15.3025398736373 9.232197371458852
      vertex 30.551 15.246971214809442 9.229751952007963
      vertex 30.551 15.3025398736373 9.232197371458852
    endloop
  endfacet
  facet normal 0 0.021469402227243705 0.9997695058202188
    outer loop
      vertex 28.001 15.358149493785453 9.23100319090452
      vertex 30.551 15.3025398736373 9.232197371458852
      vertex 30.551 15.358149493785453 9.23100319090452
    endloop
  endfacet
  facet normal 0 0.08681148877855964 0.9962247564761931
    outer loop
      vertex 28.001 15.413561946323075 9.226174524009433
      vertex 30.551 15.358149493785453 9.23100319090452
      vertex 30.551 15.413561946323075 9.226174524009433
    endloop
  endfacet
  facet normal 0 0.15178183520741698 0.9884140197817252
    outer loop
      vertex 28.001 15.413561946323075 9.226174524009433
      vertex 30.551 15.413561946323075 9.226174524009433
      vertex 30.551 15.468539946621327 9.217732047866546
    endloop
  endfacet
  facet normal 1 0 0
    outer loop
      vertex 30.551 15.191681470830028 9.223677404213367
      vertex 30.551 15.358149493785453 9.23100319090452
      vertex 30.551 15.246971214809442 9.229751952007963
    endloop
  endfacet
  facet normal 1 0 0
    outer loop
      vertex 30.551 15.246971214809442 9.229751952007963
      vertex 30.551 15.358149493785453 9.23100319090452
      vertex 30.551 15.3025398736373 9.232197371458852
    endloop
  endfacet
  facet normal 1 0 0
    outer loop
      vertex 30.551 15.358149493785453 9.23100319090452
      vertex 30.551 15.468539946621327 9.217732047866546
      vertex 30.551 15.413561946323075 9.226174524009433
    endloop
  endfacet
  facet normal 1 0 0
    outer loop
      vertex 30.551 15.358149493785453 9.23100319090452
      vertex 30.551 15.522848070442558 9.205711914454815
      vertex 30.551 15.468539946621327 9.217732047866546
    endloop
  endfacet
  facet normal 0 0.4614420668847341 0.8871703437948906
    outer loop
      vertex 28.001 15.679447926864439 9.148775504434703
      vertex 30.551 15.679447926864439 9.148775504434703
      vertex 28.001 15.728794506789042 9.123108970388152
    endloop
  endfacet
  facet normal 0 0.2794972389052968 0.9601464958246295
    outer loop
      vertex 28.001 15.522848070442558 9.205711914454815
      vertex 30.551 15.576253762063029 9.190165595830875
      vertex 28.001 15.576253762063029 9.190165595830875
    endloop
  endfacet
  facet normal 0 0.34169539920847614 0.9398107544392967
    outer loop
      vertex 28.001 15.576253762063029 9.190165595830875
      vertex 30.551 15.576253762063029 9.190165595830875
      vertex 28.001 15.62852833011223 9.171159663717788
    endloop
  endfacet
  facet normal 0 0.21610222851592484 0.9763707425104722
    outer loop
      vertex 28.001 15.468539946621327 9.217732047866546
      vertex 30.551 15.468539946621327 9.217732047866546
      vertex 28.001 15.522848070442558 9.205711914454815
    endloop
  endfacet
  facet normal 0 0.40243036735425 0.9154505991210685
    outer loop
      vertex 28.001 15.62852833011223 9.171159663717788
      vertex 30.551 15.679447926864439 9.148775504434703
      vertex 28.001 15.679447926864439 9.148775504434703
    endloop
  endfacet
  facet normal 0 0.6256539350135241 0.780100732983948
    outer loop
      vertex 28.001 15.821931018391012 9.06238199515095
      vertex 30.551 15.821931018391012 9.06238199515095
      vertex 28.001 15.865322125227124 9.027581596191238
    endloop
  endfacet
  facet normal 0 0.5184778006429835 0.855091088855693
    outer loop
      vertex 28.001 15.776356760254977 9.094269969617319
      vertex 28.001 15.728794506789042 9.123108970388152
      vertex 30.551 15.776356760254977 9.094269969617319
    endloop
  endfacet
  facet normal 0 0.5732933328606816 0.8193502025980661
    outer loop
      vertex 28.001 15.821931018391012 9.06238199515095
      vertex 28.001 15.776356760254977 9.094269969617319
      vertex 30.551 15.821931018391012 9.06238199515095
    endloop
  endfacet
  facet normal 0 0.6753353909644269 0.7375107522680092
    outer loop
      vertex 28.001 15.906344273382317 8.990017793389187
      vertex 28.001 15.865322125227124 9.027581596191238
      vertex 30.551 15.865322125227124 9.027581596191238
    endloop
  endfacet
  facet normal 0 0.4614420668847341 0.8871703437948906
    outer loop
      vertex 28.001 15.728794506789042 9.123108970388152
      vertex 30.551 15.679447926864439 9.148775504434703
      vertex 30.551 15.728794506789042 9.123108970388152
    endloop
  endfacet
  facet normal 0 0.21610222851592484 0.9763707425104722
    outer loop
      vertex 28.001 15.522848070442558 9.205711914454815
      vertex 30.551 15.468539946621327 9.217732047866546
      vertex 30.551 15.522848070442558 9.205711914454815
    endloop
  endfacet
  facet normal 0 0.2794972389052968 0.9601464958246295
    outer loop
      vertex 28.001 15.522848070442558 9.205711914454815
      vertex 30.551 15.522848070442558 9.205711914454815
      vertex 30.551 15.576253762063029 9.190165595830875
    endloop
  endfacet
  facet normal 0 0.40243036735425 0.9154505991210685
    outer loop
      vertex 28.001 15.62852833011223 9.171159663717788
      vertex 30.551 15.62852833011223 9.171159663717788
      vertex 30.551 15.679447926864439 9.148775504434703
    endloop
  endfacet
  facet normal 0 0.34169539920847614 0.9398107544392967
    outer loop
      vertex 28.001 15.62852833011223 9.171159663717788
      vertex 30.551 15.576253762063029 9.190165595830875
      vertex 30.551 15.62852833011223 9.171159663717788
    endloop
  endfacet
  facet normal 0 0.6256539350135241 0.780100732983948
    outer loop
      vertex 28.001 15.865322125227124 9.027581596191238
      vertex 30.551 15.821931018391012 9.06238199515095
      vertex 30.551 15.865322125227124 9.027581596191238
    endloop
  endfacet
  facet normal 0 0.5184778006429835 0.855091088855693
    outer loop
      vertex 28.001 15.728794506789042 9.123108970388152
      vertex 30.551 15.728794506789042 9.123108970388152
      vertex 30.551 15.776356760254977 9.094269969617319
    endloop
  endfacet
  facet normal 0 0.5732933328606816 0.8193502025980661
    outer loop
      vertex 28.001 15.776356760254977 9.094269969617319
      vertex 30.551 15.776356760254977 9.094269969617319
      vertex 30.551 15.821931018391012 9.06238199515095
    endloop
  endfacet
  facet normal 0 0.6753353909644269 0.7375107522680092
    outer loop
      vertex 28.001 15.906344273382317 8.990017793389187
      vertex 30.551 15.865322125227124 9.027581596191238
      vertex 30.551 15.906344273382317 8.990017793389187
    endloop
  endfacet
  facet normal 1 0 0
    outer loop
      vertex 30.551 15.62852833011223 9.171159663717788
      vertex 30.551 15.776356760254977 9.094269969617319
      vertex 30.551 15.679447926864439 9.148775504434703
    endloop
  endfacet
  facet normal 1 0 0
    outer loop
      vertex 30.551 15.358149493785453 9.23100319090452
      vertex 30.551 15.62852833011223 9.171159663717788
      vertex 30.551 15.522848070442558 9.205711914454815
    endloop
  endfacet
  facet normal 1 0 0
    outer loop
      vertex 30.551 15.522848070442558 9.205711914454815
      vertex 30.551 15.62852833011223 9.171159663717788
      vertex 30.551 15.576253762063029 9.190165595830875
    endloop
  endfacet
  facet normal 1 0 0
    outer loop
      vertex 30.551 15.358149493785453 9.23100319090452
      vertex 30.551 15.865322125227124 9.027581596191238
      vertex 30.551 15.62852833011223 9.171159663717788
    endloop
  endfacet
  facet normal 1 0 0
    outer loop
      vertex 30.551 15.821931018391012 9.06238199515095
      vertex 30.551 15.776356760254977 9.094269969617319
      vertex 30.551 15.865322125227124 9.027581596191238
    endloop
  endfacet
  facet normal 1 0 0
    outer loop
      vertex 30.551 15.62852833011223 9.171159663717788
      vertex 30.551 15.865322125227124 9.027581596191238
      vertex 30.551 15.776356760254977 9.094269969617319
    endloop
  endfacet
  facet normal 1 0 0
    outer loop
      vertex 30.551 15.679447926864439 9.148775504434703
      vertex 30.551 15.776356760254977 9.094269969617319
      vertex 30.551 15.728794506789042 9.123108970388152
    endloop
  endfacet
  facet normal -1 0 0
    outer loop
      vertex -30.551 -15.688705819066325 7.303689959552488
      vertex -30.551 -15.73910874409745 7.3272144376237405
      vertex -30.551 -15.636872236087326 7.283512358213946
    endloop
  endfacet
  facet normal -1 0 0
    outer loop
      vertex -30.551 -15.636872236087326 7.283512358213946
      vertex -30.551 -15.475032039599418 7.243851034256126
      vertex -30.551 -15.583829954520404 7.266768037194767
    endloop
  endfacet
  facet normal -1 0 0
    outer loop
      vertex -30.551 -15.583829954520404 7.266768037194767
      vertex -30.551 -15.475032039599418 7.243851034256126
      vertex -30.551 -15.529806109558429 7.253528698248191
    endloop
  endfacet
  facet normal 0 -0.4229314236154981 -0.9061616913766374
    outer loop
      vertex -30.551 -15.688705819066325 7.303689959552488
      vertex -28.001 -15.688705819066325 7.303689959552488
      vertex -30.551 -15.73910874409745 7.3272144376237405
    endloop
  endfacet
  facet normal 0 -0.3627600847682218 -0.9318825681913748
    outer loop
      vertex -30.551 -15.688705819066325 7.303689959552488
      vertex -30.551 -15.636872236087326 7.283512358213946
      vertex -28.001 -15.688705819066325 7.303689959552488
    endloop
  endfacet
  facet normal 0 -0.30103535154601885 -0.9536129807839052
    outer loop
      vertex -30.551 -15.636872236087326 7.283512358213946
      vertex -30.551 -15.583829954520404 7.266768037194767
      vertex -28.001 -15.636872236087326 7.283512358213946
    endloop
  endfacet
  facet normal 0 -0.2380215387327228 -0.9712598761913863
    outer loop
      vertex -30.551 -15.583829954520404 7.266768037194767
      vertex -30.551 -15.529806109558429 7.253528698248191
      vertex -28.001 -15.583829954520404 7.266768037194767
    endloop
  endfacet
  facet normal 0 -0.17398848114884186 -0.9847476876984882
    outer loop
      vertex -30.551 -15.529806109558429 7.253528698248191
      vertex -30.551 -15.475032039599418 7.243851034256126
      vertex -28.001 -15.529806109558429 7.253528698248191
    endloop
  endfacet
  facet normal 0 -0.30103535154601885 -0.9536129807839052
    outer loop
      vertex -30.551 -15.583829954520404 7.266768037194767
      vertex -28.001 -15.583829954520404 7.266768037194767
      vertex -28.001 -15.636872236087326 7.283512358213946
    endloop
  endfacet
  facet normal 0 -0.3627600847682218 -0.9318825681913748
    outer loop
      vertex -30.551 -15.636872236087326 7.283512358213946
      vertex -28.001 -15.636872236087326 7.283512358213946
      vertex -28.001 -15.688705819066325 7.303689959552488
    endloop
  endfacet
  facet normal 0 -0.2380215387327228 -0.9712598761913863
    outer loop
      vertex -30.551 -15.529806109558429 7.253528698248191
      vertex -28.001 -15.529806109558429 7.253528698248191
      vertex -28.001 -15.583829954520404 7.266768037194767
    endloop
  endfacet
  facet normal 0 -0.17398848114884186 -0.9847476876984882
    outer loop
      vertex -30.551 -15.475032039599418 7.243851034256126
      vertex -28.001 -15.475032039599418 7.243851034256126
      vertex -28.001 -15.529806109558429 7.253528698248191
    endloop
  endfacet
  facet normal -1 0 0
    outer loop
      vertex -30.551 -15.999938447082126 7.532060578817847
      vertex -30.551 -16.034738846041837 7.5754516856539595
      vertex -30.551 -15.922208291606179 7.452560904324621
    endloop
  endfacet
  facet normal 0 -0.7801007329839698 -0.6256539350134969
    outer loop
      vertex -30.551 -15.999938447082126 7.532060578817847
      vertex -28.001 -15.999938447082126 7.532060578817847
      vertex -30.551 -16.034738846041837 7.5754516856539595
    endloop
  endfacet
  facet normal -1 0 0
    outer loop
      vertex -30.551 -16.12113235532559 7.717934777180533
      vertex -30.551 -16.143516514608674 7.768854373932741
      vertex -30.551 -16.09546582127904 7.66858819725593
    endloop
  endfacet
  facet normal -1 0 0
    outer loop
      vertex -30.551 -16.034738846041837 7.5754516856539595
      vertex -30.551 -16.066626820508205 7.621025943789996
      vertex -30.551 -16.09546582127904 7.66858819725593
    endloop
  endfacet
  facet normal -1 0 0
    outer loop
      vertex -30.551 -16.034738846041837 7.5754516856539595
      vertex -30.551 -16.09546582127904 7.66858819725593
      vertex -30.551 -16.143516514608674 7.768854373932741
    endloop
  endfacet
  facet normal -1 0 0
    outer loop
      vertex -30.551 -16.034738846041837 7.5754516856539595
      vertex -30.551 -16.143516514608674 7.768854373932741
      vertex -30.551 -16.203360041795406 8.03923321025952
    endloop
  endfacet
  facet normal -1 0 0
    outer loop
      vertex -30.551 -16.143516514608674 7.768854373932741
      vertex -30.551 -16.162522446721763 7.821128941981943
      vertex -30.551 -16.178068765345703 7.874534633602414
    endloop
  endfacet
  facet normal 0 -0.8193502025980712 -0.5732933328606741
    outer loop
      vertex -30.551 -16.034738846041837 7.5754516856539595
      vertex -28.001 -16.066626820508205 7.621025943789996
      vertex -30.551 -16.066626820508205 7.621025943789996
    endloop
  endfacet
  facet normal 0 -0.8550910888556886 -0.5184778006429906
    outer loop
      vertex -30.551 -16.066626820508205 7.621025943789996
      vertex -28.001 -16.066626820508205 7.621025943789996
      vertex -30.551 -16.09546582127904 7.66858819725593
    endloop
  endfacet
  facet normal 0 -0.8871703437948906 -0.4614420668847341
    outer loop
      vertex -30.551 -16.12113235532559 7.717934777180533
      vertex -30.551 -16.09546582127904 7.66858819725593
      vertex -28.001 -16.09546582127904 7.66858819725593
    endloop
  endfacet
  facet normal 0 -0.915450599121066 -0.4024303673542558
    outer loop
      vertex -30.551 -16.12113235532559 7.717934777180533
      vertex -28.001 -16.12113235532559 7.717934777180533
      vertex -30.551 -16.143516514608674 7.768854373932741
    endloop
  endfacet
  facet normal 0 -0.9398107544392883 -0.3416953992084992
    outer loop
      vertex -30.551 -16.143516514608674 7.768854373932741
      vertex -28.001 -16.162522446721763 7.821128941981943
      vertex -30.551 -16.162522446721763 7.821128941981943
    endloop
  endfacet
  facet normal 0 -0.9601464958246295 -0.2794972389052968
    outer loop
      vertex -30.551 -16.178068765345703 7.874534633602414
      vertex -30.551 -16.162522446721763 7.821128941981943
      vertex -28.001 -16.162522446721763 7.821128941981943
    endloop
  endfacet
  facet normal -1 0 0
    outer loop
      vertex -30.551 -15.922208291606179 7.452560904324621
      vertex -30.551 -15.787865178117716 7.353985057001058
      vertex -30.551 -15.87961138754904 7.4167927664786975
    endloop
  endfacet
  facet normal -1 0 0
    outer loop
      vertex -30.551 -15.636872236087326 7.283512358213946
      vertex -30.551 -15.922208291606179 7.452560904324621
      vertex -30.551 -16.034738846041837 7.5754516856539595
    endloop
  endfacet
  facet normal -1 0 0
    outer loop
      vertex -30.551 -15.636872236087326 7.283512358213946
      vertex -30.551 -15.787865178117716 7.353985057001058
      vertex -30.551 -15.922208291606179 7.452560904324621
    endloop
  endfacet
  facet normal -1 0 0
    outer loop
      vertex -30.551 -15.87961138754904 7.4167927664786975
      vertex -30.551 -15.787865178117716 7.353985057001058
      vertex -30.551 -15.834766338591429 7.3838871817823675
    endloop
  endfacet
  facet normal -1 0 0
    outer loop
      vertex -30.551 -15.999938447082126 7.532060578817847
      vertex -30.551 -15.922208291606179 7.452560904324621
      vertex -30.551 -15.962374644280073 7.491038430662655
    endloop
  endfacet
  facet normal -1 0 0
    outer loop
      vertex -30.551 -15.636872236087326 7.283512358213946
      vertex -30.551 -15.73910874409745 7.3272144376237405
      vertex -30.551 -15.787865178117716 7.353985057001058
    endloop
  endfacet
  facet normal 0 -0.6430522884899986 -0.7658222732904649
    outer loop
      vertex -30.551 -15.922208291606179 7.452560904324621
      vertex -30.551 -15.87961138754904 7.4167927664786975
      vertex -28.001 -15.87961138754904 7.4167927664786975
    endloop
  endfacet
  facet normal 0 -0.537591021768175 -0.843205724194428
    outer loop
      vertex -30.551 -15.787865178117716 7.353985057001058
      vertex -28.001 -15.834766338591429 7.3838871817823675
      vertex -30.551 -15.834766338591429 7.3838871817823675
    endloop
  endfacet
  facet normal 0 -0.4812917051772511 -0.8765604910829452
    outer loop
      vertex -30.551 -15.73910874409745 7.3272144376237405
      vertex -28.001 -15.787865178117716 7.353985057001058
      vertex -30.551 -15.787865178117716 7.353985057001058
    endloop
  endfacet
  facet normal 0 -0.5915882910714194 -0.8062402209436078
    outer loop
      vertex -30.551 -15.87961138754904 7.4167927664786975
      vertex -30.551 -15.834766338591429 7.3838871817823675
      vertex -28.001 -15.834766338591429 7.3838871817823675
    endloop
  endfacet
  facet normal 0 -0.6917626372860857 -0.7221249570919146
    outer loop
      vertex -30.551 -15.922208291606179 7.452560904324621
      vertex -28.001 -15.962374644280073 7.491038430662655
      vertex -30.551 -15.962374644280073 7.491038430662655
    endloop
  endfacet
  facet normal 0 -0.737510752267986 -0.6753353909644523
    outer loop
      vertex -30.551 -15.999938447082126 7.532060578817847
      vertex -30.551 -15.962374644280073 7.491038430662655
      vertex -28.001 -15.962374644280073 7.491038430662655
    endloop
  endfacet
  facet normal -1 0 0
    outer loop
      vertex -30.551 -15.636872236087326 7.283512358213946
      vertex -30.551 -16.034738846041837 7.5754516856539595
      vertex -30.551 -16.203360041795406 8.03923321025952
    endloop
  endfacet
  facet normal 0 -0.737510752267986 -0.6753353909644523
    outer loop
      vertex -30.551 -15.999938447082126 7.532060578817847
      vertex -28.001 -15.962374644280073 7.491038430662655
      vertex -28.001 -15.999938447082126 7.532060578817847
    endloop
  endfacet
  facet normal 0 -0.7801007329839698 -0.6256539350134969
    outer loop
      vertex -30.551 -16.034738846041837 7.5754516856539595
      vertex -28.001 -15.999938447082126 7.532060578817847
      vertex -28.001 -16.034738846041837 7.5754516856539595
    endloop
  endfacet
  facet normal 0 -0.8193502025980712 -0.5732933328606741
    outer loop
      vertex -30.551 -16.034738846041837 7.5754516856539595
      vertex -28.001 -16.034738846041837 7.5754516856539595
      vertex -28.001 -16.066626820508205 7.621025943789996
    endloop
  endfacet
  facet normal 0 -0.8550910888556886 -0.5184778006429906
    outer loop
      vertex -30.551 -16.09546582127904 7.66858819725593
      vertex -28.001 -16.066626820508205 7.621025943789996
      vertex -28.001 -16.09546582127904 7.66858819725593
    endloop
  endfacet
  facet normal 0 -0.8871703437948906 -0.4614420668847341
    outer loop
      vertex -30.551 -16.12113235532559 7.717934777180533
      vertex -28.001 -16.09546582127904 7.66858819725593
      vertex -28.001 -16.12113235532559 7.717934777180533
    endloop
  endfacet
  facet normal 0 -0.915450599121066 -0.4024303673542558
    outer loop
      vertex -30.551 -16.143516514608674 7.768854373932741
      vertex -28.001 -16.12113235532559 7.717934777180533
      vertex -28.001 -16.143516514608674 7.768854373932741
    endloop
  endfacet
  facet normal 0 -0.9398107544392883 -0.3416953992084992
    outer loop
      vertex -30.551 -16.143516514608674 7.768854373932741
      vertex -28.001 -16.143516514608674 7.768854373932741
      vertex -28.001 -16.162522446721763 7.821128941981943
    endloop
  endfacet
  facet normal 0 -0.9601464958246295 -0.2794972389052968
    outer loop
      vertex -30.551 -16.178068765345703 7.874534633602414
      vertex -28.001 -16.162522446721763 7.821128941981943
      vertex -28.001 -16.178068765345703 7.874534633602414
    endloop
  endfacet
  facet normal 0 -0.5915882910714194 -0.8062402209436078
    outer loop
      vertex -30.551 -15.87961138754904 7.4167927664786975
      vertex -28.001 -15.834766338591429 7.3838871817823675
      vertex -28.001 -15.87961138754904 7.4167927664786975
    endloop
  endfacet
  facet normal 0 -0.6430522884899986 -0.7658222732904649
    outer loop
      vertex -30.551 -15.922208291606179 7.452560904324621
      vertex -28.001 -15.87961138754904 7.4167927664786975
      vertex -28.001 -15.922208291606179 7.452560904324621
    endloop
  endfacet
  facet normal 0 -0.537591021768175 -0.843205724194428
    outer loop
      vertex -30.551 -15.787865178117716 7.353985057001058
      vertex -28.001 -15.787865178117716 7.353985057001058
      vertex -28.001 -15.834766338591429 7.3838871817823675
    endloop
  endfacet
  facet normal 0 -0.4812917051772511 -0.8765604910829452
    outer loop
      vertex -30.551 -15.73910874409745 7.3272144376237405
      vertex -28.001 -15.73910874409745 7.3272144376237405
      vertex -28.001 -15.787865178117716 7.353985057001058
    endloop
  endfacet
  facet normal 0 -0.6917626372860857 -0.7221249570919146
    outer loop
      vertex -30.551 -15.922208291606179 7.452560904324621
      vertex -28.001 -15.922208291606179 7.452560904324621
      vertex -28.001 -15.962374644280073 7.491038430662655
    endloop
  endfacet
  facet normal 0 -0.4229314236154981 -0.9061616913766374
    outer loop
      vertex -30.551 -15.73910874409745 7.3272144376237405
      vertex -28.001 -15.688705819066325 7.303689959552488
      vertex -28.001 -15.73910874409745 7.3272144376237405
    endloop
  endfacet
  facet normal -1 0 0
    outer loop
      vertex -30.551 -15.636872236087326 7.283512358213946
      vertex -30.551 -12.20831852916997 6.776322595786633
      vertex -30.551 -15.475032039599418 7.243851034256126
    endloop
  endfacet
  facet normal 1 0 0
    outer loop
      vertex -28.001 -15.688705819066325 7.303689959552488
      vertex -28.001 -15.529806109558429 7.253528698248191
      vertex -28.001 -15.787865178117716 7.353985057001058
    endloop
  endfacet
  facet normal 1 0 0
    outer loop
      vertex -28.001 -15.688705819066325 7.303689959552488
      vertex -28.001 -15.636872236087326 7.283512358213946
      vertex -28.001 -15.529806109558429 7.253528698248191
    endloop
  endfacet
  facet normal 1 0 0
    outer loop
      vertex -28.001 -15.636872236087326 7.283512358213946
      vertex -28.001 -15.583829954520404 7.266768037194767
      vertex -28.001 -15.529806109558429 7.253528698248191
    endloop
  endfacet
  facet normal 1 0 0
    outer loop
      vertex -28.001 -15.999938447082126 7.532060578817847
      vertex -28.001 -16.09546582127904 7.66858819725593
      vertex -28.001 -16.034738846041837 7.5754516856539595
    endloop
  endfacet
  facet normal 1 0 0
    outer loop
      vertex -28.001 -16.12113235532559 7.717934777180533
      vertex -28.001 -16.09546582127904 7.66858819725593
      vertex -28.001 -16.143516514608674 7.768854373932741
    endloop
  endfacet
  facet normal 1 0 0
    outer loop
      vertex -28.001 -16.034738846041837 7.5754516856539595
      vertex -28.001 -16.09546582127904 7.66858819725593
      vertex -28.001 -16.066626820508205 7.621025943789996
    endloop
  endfacet
  facet normal 1 0 0
    outer loop
      vertex -28.001 -15.999938447082126 7.532060578817847
      vertex -28.001 -16.19853137490032 7.983820757721897
      vertex -28.001 -16.09546582127904 7.66858819725593
    endloop
  endfacet
  facet normal 1 0 0
    outer loop
      vertex -28.001 -16.09546582127904 7.66858819725593
      vertex -28.001 -16.162522446721763 7.821128941981943
      vertex -28.001 -16.143516514608674 7.768854373932741
    endloop
  endfacet
  facet normal 1 0 0
    outer loop
      vertex -28.001 -16.09546582127904 7.66858819725593
      vertex -28.001 -16.19853137490032 7.983820757721897
      vertex -28.001 -16.162522446721763 7.821128941981943
    endloop
  endfacet
  facet normal 1 0 0
    outer loop
      vertex -28.001 -16.178068765345703 7.874534633602414
      vertex -28.001 -16.162522446721763 7.821128941981943
      vertex -28.001 -16.190088898757434 7.928842757423645
    endloop
  endfacet
  facet normal 1 0 0
    outer loop
      vertex -28.001 -15.922208291606179 7.452560904324621
      vertex -28.001 -15.87961138754904 7.4167927664786975
      vertex -28.001 -15.787865178117716 7.353985057001058
    endloop
  endfacet
  facet normal 1 0 0
    outer loop
      vertex -28.001 -15.999938447082126 7.532060578817847
      vertex -28.001 -15.922208291606179 7.452560904324621
      vertex -28.001 -15.787865178117716 7.353985057001058
    endloop
  endfacet
  facet normal 1 0 0
    outer loop
      vertex -28.001 -15.688705819066325 7.303689959552488
      vertex -28.001 -15.787865178117716 7.353985057001058
      vertex -28.001 -15.73910874409745 7.3272144376237405
    endloop
  endfacet
  facet normal 1 0 0
    outer loop
      vertex -28.001 -15.529806109558429 7.253528698248191
      vertex -28.001 -15.999938447082126 7.532060578817847
      vertex -28.001 -15.787865178117716 7.353985057001058
    endloop
  endfacet
  facet normal 1 0 0
    outer loop
      vertex -28.001 -15.87961138754904 7.4167927664786975
      vertex -28.001 -15.834766338591429 7.3838871817823675
      vertex -28.001 -15.787865178117716 7.353985057001058
    endloop
  endfacet
  facet normal 1 0 0
    outer loop
      vertex -28.001 -15.999938447082126 7.532060578817847
      vertex -28.001 -15.962374644280073 7.491038430662655
      vertex -28.001 -15.922208291606179 7.452560904324621
    endloop
  endfacet
  facet normal 1 0 0
    outer loop
      vertex -28.001 -15.529806109558429 7.253528698248191
      vertex -28.001 -11.87715192955744 6.794288085545185
      vertex -28.001 -15.999938447082126 7.532060578817847
    endloop
  endfacet
  facet normal -1 0 0
    outer loop
      vertex -30.551 -16.143516514608674 7.768854373932741
      vertex -30.551 -16.178068765345703 7.874534633602414
      vertex -30.551 -16.203360041795406 8.03923321025952
    endloop
  endfacet
  facet normal -1 0 0
    outer loop
      vertex -30.551 -16.178068765345703 7.874534633602414
      vertex -30.551 -16.190088898757434 7.928842757423645
      vertex -30.551 -16.203360041795406 8.03923321025952
    endloop
  endfacet
  facet normal -1 0 0
    outer loop
      vertex -30.551 -16.190088898757434 7.928842757423645
      vertex -30.551 -16.19853137490032 7.983820757721897
      vertex -30.551 -16.203360041795406 8.03923321025952
    endloop
  endfacet
  facet normal -1 0 0
    outer loop
      vertex -30.551 -16.203360041795406 8.03923321025952
      vertex -30.551 -16.20455422234974 8.09484283040767
      vertex -30.551 -16.196034255104255 8.205701233214944
    endloop
  endfacet
  facet normal -1 0 0
    outer loop
      vertex -30.551 -16.20455422234974 8.09484283040767
      vertex -30.551 -16.20210880289885 8.15041148923553
      vertex -30.551 -16.196034255104255 8.205701233214944
    endloop
  endfacet
  facet normal 0 -0.9763707425104722 -0.21610222851592484
    outer loop
      vertex -30.551 -16.178068765345703 7.874534633602414
      vertex -28.001 -16.190088898757434 7.928842757423645
      vertex -30.551 -16.190088898757434 7.928842757423645
    endloop
  endfacet
  facet normal 0 -0.9884140197817298 -0.15178183520738578
    outer loop
      vertex -30.551 -16.190088898757434 7.928842757423645
      vertex -28.001 -16.19853137490032 7.983820757721897
      vertex -30.551 -16.19853137490032 7.983820757721897
    endloop
  endfacet
  facet normal 0 -0.9962247564761931 -0.08681148877855964
    outer loop
      vertex -30.551 -16.19853137490032 7.983820757721897
      vertex -28.001 -16.19853137490032 7.983820757721897
      vertex -30.551 -16.203360041795406 8.03923321025952
    endloop
  endfacet
  facet normal 0 -0.9997695058202188 -0.02146940222724439
    outer loop
      vertex -30.551 -16.203360041795406 8.03923321025952
      vertex -28.001 -16.20455422234974 8.09484283040767
      vertex -30.551 -16.20455422234974 8.09484283040767
    endloop
  endfacet
  facet normal 0 -0.9990330886529171 0.04396461960045541
    outer loop
      vertex -30.551 -16.20455422234974 8.09484283040767
      vertex -28.001 -16.20210880289885 8.15041148923553
      vertex -30.551 -16.20210880289885 8.15041148923553
    endloop
  endfacet
  facet normal -1 0 0
    outer loop
      vertex -30.551 -16.203360041795406 8.03923321025952
      vertex -30.551 -16.196034255104255 8.205701233214944
      vertex -30.551 -16.143854005796783 8.55744925866754
    endloop
  endfacet
  facet normal -1 0 0
    outer loop
      vertex -30.551 -16.196034255104255 8.205701233214944
      vertex -30.551 -16.153531669788844 8.50267518870853
      vertex -30.551 -16.143854005796783 8.55744925866754
    endloop
  endfacet
  facet normal 0 -0.994018658425658 0.10921037817742013
    outer loop
      vertex -30.551 -16.20210880289885 8.15041148923553
      vertex -28.001 -16.20210880289885 8.15041148923553
      vertex -30.551 -16.196034255104255 8.205701233214944
    endloop
  endfacet
  facet normal 0 -0.9899131849786189 0.14167528438470342
    outer loop
      vertex -30.551 -16.196034255104255 8.205701233214944
      vertex -28.001 -16.153531669788844 8.50267518870853
      vertex -30.551 -16.153531669788844 8.50267518870853
    endloop
  endfacet
  facet normal -1 0 0
    outer loop
      vertex -30.551 -15.636872236087326 7.283512358213946
      vertex -30.551 -16.203360041795406 8.03923321025952
      vertex -30.551 -15.776356760254977 9.094269969617319
    endloop
  endfacet
  facet normal 0 -0.9763707425104722 -0.21610222851592484
    outer loop
      vertex -30.551 -16.178068765345703 7.874534633602414
      vertex -28.001 -16.178068765345703 7.874534633602414
      vertex -28.001 -16.190088898757434 7.928842757423645
    endloop
  endfacet
  facet normal 0 -0.9884140197817298 -0.15178183520738578
    outer loop
      vertex -30.551 -16.190088898757434 7.928842757423645
      vertex -28.001 -16.190088898757434 7.928842757423645
      vertex -28.001 -16.19853137490032 7.983820757721897
    endloop
  endfacet
  facet normal 0 -0.9962247564761931 -0.08681148877855964
    outer loop
      vertex -30.551 -16.203360041795406 8.03923321025952
      vertex -28.001 -16.19853137490032 7.983820757721897
      vertex -28.001 -16.203360041795406 8.03923321025952
    endloop
  endfacet
  facet normal 0 -0.9997695058202188 -0.02146940222724439
    outer loop
      vertex -30.551 -16.203360041795406 8.03923321025952
      vertex -28.001 -16.203360041795406 8.03923321025952
      vertex -28.001 -16.20455422234974 8.09484283040767
    endloop
  endfacet
  facet normal 0 -0.9990330886529171 0.04396461960045541
    outer loop
      vertex -30.551 -16.20455422234974 8.09484283040767
      vertex -28.001 -16.20455422234974 8.09484283040767
      vertex -28.001 -16.20210880289885 8.15041148923553
    endloop
  endfacet
  facet normal 0 -0.994018658425658 0.10921037817742013
    outer loop
      vertex -30.551 -16.196034255104255 8.205701233214944
      vertex -28.001 -16.20210880289885 8.15041148923553
      vertex -28.001 -16.196034255104255 8.205701233214944
    endloop
  endfacet
  facet normal 0 -0.9899131849786189 0.14167528438470342
    outer loop
      vertex -30.551 -16.196034255104255 8.205701233214944
      vertex -28.001 -16.196034255104255 8.205701233214944
      vertex -28.001 -16.153531669788844 8.50267518870853
    endloop
  endfacet
  facet normal -1 0 0
    outer loop
      vertex -30.551 -16.203360041795406 8.03923321025952
      vertex -30.551 -16.143854005796783 8.55744925866754
      vertex -30.551 -16.093692744492483 8.716348968175438
    endloop
  endfacet
  facet normal -1 0 0
    outer loop
      vertex -30.551 -16.143854005796783 8.55744925866754
      vertex -30.551 -16.130614666850207 8.611473103629518
      vertex -30.551 -16.113870345831025 8.66451538519644
    endloop
  endfacet
  facet normal -1 0 0
    outer loop
      vertex -30.551 -16.143854005796783 8.55744925866754
      vertex -30.551 -16.113870345831025 8.66451538519644
      vertex -30.551 -16.093692744492483 8.716348968175438
    endloop
  endfacet
  facet normal -1 0 0
    outer loop
      vertex -30.551 -16.203360041795406 8.03923321025952
      vertex -30.551 -16.093692744492483 8.716348968175438
      vertex -30.551 -15.776356760254977 9.094269969617319
    endloop
  endfacet
  facet normal 0 -0.9847476876984992 0.17398848114877993
    outer loop
      vertex -30.551 -16.153531669788844 8.50267518870853
      vertex -28.001 -16.153531669788844 8.50267518870853
      vertex -30.551 -16.143854005796783 8.55744925866754
    endloop
  endfacet
  facet normal 0 -0.9712598761913881 0.23802153873271545
    outer loop
      vertex -30.551 -16.143854005796783 8.55744925866754
      vertex -28.001 -16.130614666850207 8.611473103629518
      vertex -30.551 -16.130614666850207 8.611473103629518
    endloop
  endfacet
  facet normal 0 -0.953612980783887 0.3010353515460769
    outer loop
      vertex -30.551 -16.130614666850207 8.611473103629518
      vertex -28.001 -16.130614666850207 8.611473103629518
      vertex -30.551 -16.113870345831025 8.66451538519644
    endloop
  endfacet
  facet normal 0 -0.9318825681913748 0.3627600847682218
    outer loop
      vertex -30.551 -16.113870345831025 8.66451538519644
      vertex -28.001 -16.093692744492483 8.716348968175438
      vertex -30.551 -16.093692744492483 8.716348968175438
    endloop
  endfacet
  facet normal -1 0 0
    outer loop
      vertex -30.551 -16.093692744492483 8.716348968175438
      vertex -30.551 -16.07016826642123 8.766751893206562
      vertex -30.551 -16.043397647043914 8.81550832722683
    endloop
  endfacet
  facet normal -1 0 0
    outer loop
      vertex -30.551 -16.093692744492483 8.716348968175438
      vertex -30.551 -16.043397647043914 8.81550832722683
      vertex -30.551 -15.980589937566275 8.907254536658154
    endloop
  endfacet
  facet normal -1 0 0
    outer loop
      vertex -30.551 -16.043397647043914 8.81550832722683
      vertex -30.551 -16.013495522262605 8.862409487700543
      vertex -30.551 -15.980589937566275 8.907254536658154
    endloop
  endfacet
  facet normal 0 -0.9061616913766377 0.4229314236154973
    outer loop
      vertex -30.551 -16.093692744492483 8.716348968175438
      vertex -28.001 -16.093692744492483 8.716348968175438
      vertex -30.551 -16.07016826642123 8.766751893206562
    endloop
  endfacet
  facet normal 0 -0.8765604910829593 0.48129170517722536
    outer loop
      vertex -30.551 -16.07016826642123 8.766751893206562
      vertex -28.001 -16.043397647043914 8.81550832722683
      vertex -30.551 -16.043397647043914 8.81550832722683
    endloop
  endfacet
  facet normal 0 -0.8432057241944352 0.5375910217681636
    outer loop
      vertex -30.551 -16.043397647043914 8.81550832722683
      vertex -28.001 -16.013495522262605 8.862409487700543
      vertex -30.551 -16.013495522262605 8.862409487700543
    endloop
  endfacet
  facet normal 0 -0.8062402209436078 0.5915882910714194
    outer loop
      vertex -30.551 -16.013495522262605 8.862409487700543
      vertex -28.001 -16.013495522262605 8.862409487700543
      vertex -30.551 -15.980589937566275 8.907254536658154
    endloop
  endfacet
  facet normal -1 0 0
    outer loop
      vertex -30.551 -16.093692744492483 8.716348968175438
      vertex -30.551 -15.980589937566275 8.907254536658154
      vertex -30.551 -15.776356760254977 9.094269969617319
    endloop
  endfacet
  facet normal -1 0 0
    outer loop
      vertex -30.551 -15.980589937566275 8.907254536658154
      vertex -30.551 -15.944821799720351 8.949851440715292
      vertex -30.551 -15.906344273382317 8.990017793389187
    endloop
  endfacet
  facet normal -1 0 0
    outer loop
      vertex -30.551 -15.980589937566275 8.907254536658154
      vertex -30.551 -15.906344273382317 8.990017793389187
      vertex -30.551 -15.776356760254977 9.094269969617319
    endloop
  endfacet
  facet normal 0 -0.765822273290457 0.6430522884900081
    outer loop
      vertex -30.551 -15.980589937566275 8.907254536658154
      vertex -28.001 -15.980589937566275 8.907254536658154
      vertex -30.551 -15.944821799720351 8.949851440715292
    endloop
  endfacet
  facet normal 0 -0.7221249570919146 0.6917626372860857
    outer loop
      vertex -30.551 -15.944821799720351 8.949851440715292
      vertex -28.001 -15.906344273382317 8.990017793389187
      vertex -30.551 -15.906344273382317 8.990017793389187
    endloop
  endfacet
  facet normal 0 -0.9847476876984992 0.17398848114877993
    outer loop
      vertex -30.551 -16.143854005796783 8.55744925866754
      vertex -28.001 -16.153531669788844 8.50267518870853
      vertex -28.001 -16.143854005796783 8.55744925866754
    endloop
  endfacet
  facet normal 0 -0.9712598761913881 0.23802153873271545
    outer loop
      vertex -30.551 -16.143854005796783 8.55744925866754
      vertex -28.001 -16.143854005796783 8.55744925866754
      vertex -28.001 -16.130614666850207 8.611473103629518
    endloop
  endfacet
  facet normal 0 -0.953612980783887 0.3010353515460769
    outer loop
      vertex -30.551 -16.113870345831025 8.66451538519644
      vertex -28.001 -16.130614666850207 8.611473103629518
      vertex -28.001 -16.113870345831025 8.66451538519644
    endloop
  endfacet
  facet normal 0 -0.9318825681913748 0.3627600847682218
    outer loop
      vertex -30.551 -16.113870345831025 8.66451538519644
      vertex -28.001 -16.113870345831025 8.66451538519644
      vertex -28.001 -16.093692744492483 8.716348968175438
    endloop
  endfacet
  facet normal 0 -0.9061616913766377 0.4229314236154973
    outer loop
      vertex -30.551 -16.07016826642123 8.766751893206562
      vertex -28.001 -16.093692744492483 8.716348968175438
      vertex -28.001 -16.07016826642123 8.766751893206562
    endloop
  endfacet
  facet normal 0 -0.8765604910829593 0.48129170517722536
    outer loop
      vertex -30.551 -16.07016826642123 8.766751893206562
      vertex -28.001 -16.07016826642123 8.766751893206562
      vertex -28.001 -16.043397647043914 8.81550832722683
    endloop
  endfacet
  facet normal 0 -0.8432057241944352 0.5375910217681636
    outer loop
      vertex -30.551 -16.043397647043914 8.81550832722683
      vertex -28.001 -16.043397647043914 8.81550832722683
      vertex -28.001 -16.013495522262605 8.862409487700543
    endloop
  endfacet
  facet normal 0 -0.8062402209436078 0.5915882910714194
    outer loop
      vertex -30.551 -15.980589937566275 8.907254536658154
      vertex -28.001 -16.013495522262605 8.862409487700543
      vertex -28.001 -15.980589937566275 8.907254536658154
    endloop
  endfacet
  facet normal 0 -0.765822273290457 0.6430522884900081
    outer loop
      vertex -30.551 -15.944821799720351 8.949851440715292
      vertex -28.001 -15.980589937566275 8.907254536658154
      vertex -28.001 -15.944821799720351 8.949851440715292
    endloop
  endfacet
  facet normal 0 -0.7221249570919146 0.6917626372860857
    outer loop
      vertex -30.551 -15.944821799720351 8.949851440715292
      vertex -28.001 -15.944821799720351 8.949851440715292
      vertex -28.001 -15.906344273382317 8.990017793389187
    endloop
  endfacet
  facet normal 1 0 0
    outer loop
      vertex -28.001 -16.162522446721763 7.821128941981943
      vertex -28.001 -16.19853137490032 7.983820757721897
      vertex -28.001 -16.190088898757434 7.928842757423645
    endloop
  endfacet
  facet normal 1 0 0
    outer loop
      vertex -28.001 -16.19853137490032 7.983820757721897
      vertex -28.001 -16.20210880289885 8.15041148923553
      vertex -28.001 -16.203360041795406 8.03923321025952
    endloop
  endfacet
  facet normal 1 0 0
    outer loop
      vertex -28.001 -16.203360041795406 8.03923321025952
      vertex -28.001 -16.20210880289885 8.15041148923553
      vertex -28.001 -16.20455422234974 8.09484283040767
    endloop
  endfacet
  facet normal 1 0 0
    outer loop
      vertex -28.001 -15.999938447082126 7.532060578817847
      vertex -28.001 -16.130614666850207 8.611473103629518
      vertex -28.001 -16.19853137490032 7.983820757721897
    endloop
  endfacet
  facet normal 1 0 0
    outer loop
      vertex -28.001 -16.20210880289885 8.15041148923553
      vertex -28.001 -16.153531669788844 8.50267518870853
      vertex -28.001 -16.196034255104255 8.205701233214944
    endloop
  endfacet
  facet normal 1 0 0
    outer loop
      vertex -28.001 -16.19853137490032 7.983820757721897
      vertex -28.001 -16.130614666850207 8.611473103629518
      vertex -28.001 -16.20210880289885 8.15041148923553
    endloop
  endfacet
  facet normal 1 0 0
    outer loop
      vertex -28.001 -16.20210880289885 8.15041148923553
      vertex -28.001 -16.130614666850207 8.611473103629518
      vertex -28.001 -16.153531669788844 8.50267518870853
    endloop
  endfacet
  facet normal 1 0 0
    outer loop
      vertex -28.001 -16.153531669788844 8.50267518870853
      vertex -28.001 -16.130614666850207 8.611473103629518
      vertex -28.001 -16.143854005796783 8.55744925866754
    endloop
  endfacet
  facet normal 1 0 0
    outer loop
      vertex -28.001 -16.130614666850207 8.611473103629518
      vertex -28.001 -16.093692744492483 8.716348968175438
      vertex -28.001 -16.113870345831025 8.66451538519644
    endloop
  endfacet
  facet normal 1 0 0
    outer loop
      vertex -28.001 -16.130614666850207 8.611473103629518
      vertex -28.001 -16.043397647043914 8.81550832722683
      vertex -28.001 -16.093692744492483 8.716348968175438
    endloop
  endfacet
  facet normal 1 0 0
    outer loop
      vertex -28.001 -16.093692744492483 8.716348968175438
      vertex -28.001 -16.043397647043914 8.81550832722683
      vertex -28.001 -16.07016826642123 8.766751893206562
    endloop
  endfacet
  facet normal 1 0 0
    outer loop
      vertex -28.001 -16.130614666850207 8.611473103629518
      vertex -28.001 -15.906344273382317 8.990017793389187
      vertex -28.001 -16.043397647043914 8.81550832722683
    endloop
  endfacet
  facet normal 1 0 0
    outer loop
      vertex -28.001 -16.043397647043914 8.81550832722683
      vertex -28.001 -15.980589937566275 8.907254536658154
      vertex -28.001 -16.013495522262605 8.862409487700543
    endloop
  endfacet
  facet normal 1 0 0
    outer loop
      vertex -28.001 -15.999938447082126 7.532060578817847
      vertex -28.001 -15.522848070442558 9.205711914454815
      vertex -28.001 -16.130614666850207 8.611473103629518
    endloop
  endfacet
  facet normal 1 0 0
    outer loop
      vertex -28.001 -16.043397647043914 8.81550832722683
      vertex -28.001 -15.906344273382317 8.990017793389187
      vertex -28.001 -15.980589937566275 8.907254536658154
    endloop
  endfacet
  facet normal 1 0 0
    outer loop
      vertex -28.001 -15.980589937566275 8.907254536658154
      vertex -28.001 -15.906344273382317 8.990017793389187
      vertex -28.001 -15.944821799720351 8.949851440715292
    endloop
  endfacet
  facet normal 1 0 0
    outer loop
      vertex -28.001 -16.130614666850207 8.611473103629518
      vertex -28.001 -15.522848070442558 9.205711914454815
      vertex -28.001 -15.906344273382317 8.990017793389187
    endloop
  endfacet
  facet normal 0 -0.1416752843846949 -0.98991318497862
    outer loop
      vertex -30.551 -15.475032039599418 7.243851034256126
      vertex -28.001 -12.20831852916997 6.776322595786633
      vertex -28.001 -15.475032039599418 7.243851034256126
    endloop
  endfacet
  facet normal -1 0 0
    outer loop
      vertex -30.551 -15.636872236087326 7.283512358213946
      vertex -30.551 -12.041850506214546 6.76899680909548
      vertex -30.551 -12.20831852916997 6.776322595786633
    endloop
  endfacet
  facet normal 0 -0.1416752843846949 -0.98991318497862
    outer loop
      vertex -30.551 -15.475032039599418 7.243851034256126
      vertex -30.551 -12.20831852916997 6.776322595786633
      vertex -28.001 -12.20831852916997 6.776322595786633
    endloop
  endfacet
  facet normal -1 0 0
    outer loop
      vertex -30.551 -15.636872236087326 7.283512358213946
      vertex -30.551 -11.246468330211153 7.497324811291469
      vertex -30.551 -12.041850506214546 6.76899680909548
    endloop
  endfacet
  facet normal 1 0 0
    outer loop
      vertex -28.001 -15.529806109558429 7.253528698248191
      vertex -28.001 -15.475032039599418 7.243851034256126
      vertex -28.001 -12.20831852916997 6.776322595786633
    endloop
  endfacet
  facet normal 1 0 0
    outer loop
      vertex -28.001 -15.529806109558429 7.253528698248191
      vertex -28.001 -12.20831852916997 6.776322595786633
      vertex -28.001 -12.153028785190557 6.7702480479920375
    endloop
  endfacet
  facet normal 1 0 0
    outer loop
      vertex -28.001 -15.529806109558429 7.253528698248191
      vertex -28.001 -12.153028785190557 6.7702480479920375
      vertex -28.001 -11.87715192955744 6.794288085545185
    endloop
  endfacet
  facet normal 1 0 0
    outer loop
      vertex -28.001 -15.999938447082126 7.532060578817847
      vertex -28.001 -11.87715192955744 6.794288085545185
      vertex -28.001 -11.763127763912673 8.716487641786054
    endloop
  endfacet
  facet normal -1 0 0
    outer loop
      vertex -30.551 -15.636872236087326 7.283512358213946
      vertex -30.551 -15.776356760254977 9.094269969617319
      vertex -30.551 -11.246468330211153 7.497324811291469
    endloop
  endfacet
  facet normal -1 0 0
    outer loop
      vertex -30.551 -11.246468330211153 7.497324811291469
      vertex -30.551 -15.776356760254977 9.094269969617319
      vertex -30.551 -11.763127763912673 8.716487641786054
    endloop
  endfacet
  facet normal -1 0 0
    outer loop
      vertex -30.551 -11.924967960400581 8.756148965743874
      vertex -30.551 -11.763127763912673 8.716487641786054
      vertex -30.551 -15.246971214809442 9.229751952007963
    endloop
  endfacet
  facet normal 0 0.1416752843846949 0.98991318497862
    outer loop
      vertex -30.551 -11.924967960400581 8.756148965743874
      vertex -28.001 -15.191681470830028 9.223677404213367
      vertex -28.001 -11.924967960400581 8.756148965743874
    endloop
  endfacet
  facet normal 1 0 0
    outer loop
      vertex -28.001 -15.999938447082126 7.532060578817847
      vertex -28.001 -11.763127763912673 8.716487641786054
      vertex -28.001 -15.522848070442558 9.205711914454815
    endloop
  endfacet
  facet normal 1 0 0
    outer loop
      vertex -28.001 -11.924967960400581 8.756148965743874
      vertex -28.001 -15.191681470830028 9.223677404213367
      vertex -28.001 -11.763127763912673 8.716487641786054
    endloop
  endfacet
  facet normal -1 0 0
    outer loop
      vertex -30.551 -12.20831852916997 6.776322595786633
      vertex -30.551 -12.041850506214546 6.76899680909548
      vertex -30.551 -12.153028785190557 6.7702480479920375
    endloop
  endfacet
  facet normal -1 0 0
    outer loop
      vertex -30.551 -12.153028785190557 6.7702480479920375
      vertex -30.551 -12.041850506214546 6.76899680909548
      vertex -30.551 -12.097460126362698 6.767802628541148
    endloop
  endfacet
  facet normal -1 0 0
    outer loop
      vertex -30.551 -12.041850506214546 6.76899680909548
      vertex -30.551 -11.931460053378672 6.782267952133454
      vertex -30.551 -11.986438053676924 6.773825475990567
    endloop
  endfacet
  facet normal -1 0 0
    outer loop
      vertex -30.551 -12.041850506214546 6.76899680909548
      vertex -30.551 -11.82374623793697 6.809834404169125
      vertex -30.551 -11.931460053378672 6.782267952133454
    endloop
  endfacet
  facet normal -1 0 0
    outer loop
      vertex -30.551 -11.931460053378672 6.782267952133454
      vertex -30.551 -11.82374623793697 6.809834404169125
      vertex -30.551 -11.87715192955744 6.794288085545185
    endloop
  endfacet
  facet normal 0 -0.10921037817745169 -0.9940186584256544
    outer loop
      vertex -30.551 -12.20831852916997 6.776322595786633
      vertex -30.551 -12.153028785190557 6.7702480479920375
      vertex -28.001 -12.20831852916997 6.776322595786633
    endloop
  endfacet
  facet normal 0 -0.04396461960045681 -0.9990330886529171
    outer loop
      vertex -30.551 -12.153028785190557 6.7702480479920375
      vertex -30.551 -12.097460126362698 6.767802628541148
      vertex -28.001 -12.153028785190557 6.7702480479920375
    endloop
  endfacet
  facet normal 0 0.021469402227243705 -0.9997695058202188
    outer loop
      vertex -30.551 -12.097460126362698 6.767802628541148
      vertex -30.551 -12.041850506214546 6.76899680909548
      vertex -28.001 -12.041850506214546 6.76899680909548
    endloop
  endfacet
  facet normal 0 0.08681148877857549 -0.9962247564761917
    outer loop
      vertex -30.551 -12.041850506214546 6.76899680909548
      vertex -30.551 -11.986438053676924 6.773825475990567
      vertex -28.001 -11.986438053676924 6.773825475990567
    endloop
  endfacet
  facet normal 0 0.15178183520740138 -0.9884140197817275
    outer loop
      vertex -30.551 -11.986438053676924 6.773825475990567
      vertex -30.551 -11.931460053378672 6.782267952133454
      vertex -28.001 -11.986438053676924 6.773825475990567
    endloop
  endfacet
  facet normal 0 0.21610222851592484 -0.9763707425104722
    outer loop
      vertex -30.551 -11.931460053378672 6.782267952133454
      vertex -30.551 -11.87715192955744 6.794288085545185
      vertex -28.001 -11.87715192955744 6.794288085545185
    endloop
  endfacet
  facet normal -1 0 0
    outer loop
      vertex -30.551 -12.041850506214546 6.76899680909548
      vertex -30.551 -11.623643239745022 6.9057300303826805
      vertex -30.551 -11.82374623793697 6.809834404169125
    endloop
  endfacet
  facet normal -1 0 0
    outer loop
      vertex -30.551 -11.82374623793697 6.809834404169125
      vertex -30.551 -11.72055207313556 6.8512244955652974
      vertex -30.551 -11.771471669887768 6.828840336282213
    endloop
  endfacet
  facet normal -1 0 0
    outer loop
      vertex -30.551 -11.82374623793697 6.809834404169125
      vertex -30.551 -11.623643239745022 6.9057300303826805
      vertex -30.551 -11.72055207313556 6.8512244955652974
    endloop
  endfacet
  facet normal -1 0 0
    outer loop
      vertex -30.551 -11.72055207313556 6.8512244955652974
      vertex -30.551 -11.623643239745022 6.9057300303826805
      vertex -30.551 -11.671205493210957 6.876891029611848
    endloop
  endfacet
  facet normal -1 0 0
    outer loop
      vertex -30.551 -11.623643239745022 6.9057300303826805
      vertex -30.551 -11.493655726617682 7.009982206610813
      vertex -30.551 -11.578068981608986 6.93761800484905
    endloop
  endfacet
  facet normal -1 0 0
    outer loop
      vertex -30.551 -11.578068981608986 6.93761800484905
      vertex -30.551 -11.493655726617682 7.009982206610813
      vertex -30.551 -11.534677874772875 6.972418403808761
    endloop
  endfacet
  facet normal -1 0 0
    outer loop
      vertex -30.551 -11.623643239745022 6.9057300303826805
      vertex -30.551 -11.386504477737395 7.137590512299457
      vertex -30.551 -11.493655726617682 7.009982206610813
    endloop
  endfacet
  facet normal 0 0.2794972389052968 -0.9601464958246295
    outer loop
      vertex -30.551 -11.87715192955744 6.794288085545185
      vertex -30.551 -11.82374623793697 6.809834404169125
      vertex -28.001 -11.87715192955744 6.794288085545185
    endloop
  endfacet
  facet normal 0 0.3416953992084902 -0.9398107544392915
    outer loop
      vertex -30.551 -11.82374623793697 6.809834404169125
      vertex -30.551 -11.771471669887768 6.828840336282213
      vertex -28.001 -11.82374623793697 6.809834404169125
    endloop
  endfacet
  facet normal 0 0.4024303673542366 -0.9154505991210745
    outer loop
      vertex -30.551 -11.771471669887768 6.828840336282213
      vertex -30.551 -11.72055207313556 6.8512244955652974
      vertex -28.001 -11.72055207313556 6.8512244955652974
    endloop
  endfacet
  facet normal 0 0.4614420668847341 -0.8871703437948906
    outer loop
      vertex -30.551 -11.72055207313556 6.8512244955652974
      vertex -30.551 -11.671205493210957 6.876891029611848
      vertex -28.001 -11.671205493210957 6.876891029611848
    endloop
  endfacet
  facet normal 0 0.5184778006429719 -0.8550910888557
    outer loop
      vertex -30.551 -11.671205493210957 6.876891029611848
      vertex -30.551 -11.623643239745022 6.9057300303826805
      vertex -28.001 -11.671205493210957 6.876891029611848
    endloop
  endfacet
  facet normal 0 0.5732933328606924 -0.8193502025980586
    outer loop
      vertex -30.551 -11.623643239745022 6.9057300303826805
      vertex -30.551 -11.578068981608986 6.93761800484905
      vertex -28.001 -11.578068981608986 6.93761800484905
    endloop
  endfacet
  facet normal 0 0.6256539350135144 -0.7801007329839558
    outer loop
      vertex -30.551 -11.578068981608986 6.93761800484905
      vertex -30.551 -11.534677874772875 6.972418403808761
      vertex -28.001 -11.534677874772875 6.972418403808761
    endloop
  endfacet
  facet normal 0 0.6753353909644355 -0.7375107522680012
    outer loop
      vertex -30.551 -11.534677874772875 6.972418403808761
      vertex -30.551 -11.493655726617682 7.009982206610813
      vertex -28.001 -11.534677874772875 6.972418403808761
    endloop
  endfacet
  facet normal -1 0 0
    outer loop
      vertex -30.551 -12.041850506214546 6.76899680909548
      vertex -30.551 -11.246468330211153 7.497324811291469
      vertex -30.551 -11.623643239745022 6.9057300303826805
    endloop
  endfacet
  facet normal -1 0 0
    outer loop
      vertex -30.551 -11.493655726617682 7.009982206610813
      vertex -30.551 -11.419410062433723 7.092745463341846
      vertex -30.551 -11.455178200279647 7.050148559284708
    endloop
  endfacet
  facet normal -1 0 0
    outer loop
      vertex -30.551 -11.493655726617682 7.009982206610813
      vertex -30.551 -11.386504477737395 7.137590512299457
      vertex -30.551 -11.419410062433723 7.092745463341846
    endloop
  endfacet
  facet normal -1 0 0
    outer loop
      vertex -30.551 -11.623643239745022 6.9057300303826805
      vertex -30.551 -11.246468330211153 7.497324811291469
      vertex -30.551 -11.386504477737395 7.137590512299457
    endloop
  endfacet
  facet normal -1 0 0
    outer loop
      vertex -30.551 -11.386504477737395 7.137590512299457
      vertex -30.551 -11.329831733578766 7.233248106793438
      vertex -30.551 -11.356602352956084 7.18449167277317
    endloop
  endfacet
  facet normal 0 0.7221249570919223 -0.6917626372860777
    outer loop
      vertex -30.551 -11.493655726617682 7.009982206610813
      vertex -30.551 -11.455178200279647 7.050148559284708
      vertex -28.001 -11.455178200279647 7.050148559284708
    endloop
  endfacet
  facet normal 0 0.7658222732904505 -0.6430522884900159
    outer loop
      vertex -30.551 -11.455178200279647 7.050148559284708
      vertex -30.551 -11.419410062433723 7.092745463341846
      vertex -28.001 -11.455178200279647 7.050148559284708
    endloop
  endfacet
  facet normal 0 0.8062402209436229 -0.5915882910713987
    outer loop
      vertex -30.551 -11.419410062433723 7.092745463341846
      vertex -30.551 -11.386504477737395 7.137590512299457
      vertex -28.001 -11.419410062433723 7.092745463341846
    endloop
  endfacet
  facet normal 0 0.8432057241944206 -0.5375910217681864
    outer loop
      vertex -30.551 -11.386504477737395 7.137590512299457
      vertex -30.551 -11.356602352956084 7.18449167277317
      vertex -28.001 -11.356602352956084 7.18449167277317
    endloop
  endfacet
  facet normal 0 0.876560491082946 -0.48129170517724995
    outer loop
      vertex -30.551 -11.356602352956084 7.18449167277317
      vertex -30.551 -11.329831733578766 7.233248106793438
      vertex -28.001 -11.356602352956084 7.18449167277317
    endloop
  endfacet
  facet normal 0 -0.10921037817745169 -0.9940186584256544
    outer loop
      vertex -30.551 -12.153028785190557 6.7702480479920375
      vertex -28.001 -12.153028785190557 6.7702480479920375
      vertex -28.001 -12.20831852916997 6.776322595786633
    endloop
  endfacet
  facet normal 0 -0.04396461960045681 -0.9990330886529171
    outer loop
      vertex -30.551 -12.097460126362698 6.767802628541148
      vertex -28.001 -12.097460126362698 6.767802628541148
      vertex -28.001 -12.153028785190557 6.7702480479920375
    endloop
  endfacet
  facet normal 0 0.021469402227243705 -0.9997695058202188
    outer loop
      vertex -30.551 -12.097460126362698 6.767802628541148
      vertex -28.001 -12.041850506214546 6.76899680909548
      vertex -28.001 -12.097460126362698 6.767802628541148
    endloop
  endfacet
  facet normal 0 0.08681148877857549 -0.9962247564761917
    outer loop
      vertex -30.551 -12.041850506214546 6.76899680909548
      vertex -28.001 -11.986438053676924 6.773825475990567
      vertex -28.001 -12.041850506214546 6.76899680909548
    endloop
  endfacet
  facet normal 0 0.15178183520740138 -0.9884140197817275
    outer loop
      vertex -30.551 -11.931460053378672 6.782267952133454
      vertex -28.001 -11.931460053378672 6.782267952133454
      vertex -28.001 -11.986438053676924 6.773825475990567
    endloop
  endfacet
  facet normal 0 0.21610222851592484 -0.9763707425104722
    outer loop
      vertex -30.551 -11.931460053378672 6.782267952133454
      vertex -28.001 -11.87715192955744 6.794288085545185
      vertex -28.001 -11.931460053378672 6.782267952133454
    endloop
  endfacet
  facet normal 0 0.2794972389052968 -0.9601464958246295
    outer loop
      vertex -30.551 -11.82374623793697 6.809834404169125
      vertex -28.001 -11.82374623793697 6.809834404169125
      vertex -28.001 -11.87715192955744 6.794288085545185
    endloop
  endfacet
  facet normal 0 0.3416953992084902 -0.9398107544392915
    outer loop
      vertex -30.551 -11.771471669887768 6.828840336282213
      vertex -28.001 -11.771471669887768 6.828840336282213
      vertex -28.001 -11.82374623793697 6.809834404169125
    endloop
  endfacet
  facet normal 0 0.4024303673542366 -0.9154505991210745
    outer loop
      vertex -30.551 -11.771471669887768 6.828840336282213
      vertex -28.001 -11.72055207313556 6.8512244955652974
      vertex -28.001 -11.771471669887768 6.828840336282213
    endloop
  endfacet
  facet normal 0 0.4614420668847341 -0.8871703437948906
    outer loop
      vertex -30.551 -11.72055207313556 6.8512244955652974
      vertex -28.001 -11.671205493210957 6.876891029611848
      vertex -28.001 -11.72055207313556 6.8512244955652974
    endloop
  endfacet
  facet normal 0 0.5184778006429719 -0.8550910888557
    outer loop
      vertex -30.551 -11.623643239745022 6.9057300303826805
      vertex -28.001 -11.623643239745022 6.9057300303826805
      vertex -28.001 -11.671205493210957 6.876891029611848
    endloop
  endfacet
  facet normal 0 0.5732933328606924 -0.8193502025980586
    outer loop
      vertex -30.551 -11.623643239745022 6.9057300303826805
      vertex -28.001 -11.578068981608986 6.93761800484905
      vertex -28.001 -11.623643239745022 6.9057300303826805
    endloop
  endfacet
  facet normal 0 0.6256539350135144 -0.7801007329839558
    outer loop
      vertex -30.551 -11.578068981608986 6.93761800484905
      vertex -28.001 -11.534677874772875 6.972418403808761
      vertex -28.001 -11.578068981608986 6.93761800484905
    endloop
  endfacet
  facet normal 0 0.6753353909644355 -0.7375107522680012
    outer loop
      vertex -30.551 -11.493655726617682 7.009982206610813
      vertex -28.001 -11.493655726617682 7.009982206610813
      vertex -28.001 -11.534677874772875 6.972418403808761
    endloop
  endfacet
  facet normal 0 0.7221249570919223 -0.6917626372860777
    outer loop
      vertex -30.551 -11.493655726617682 7.009982206610813
      vertex -28.001 -11.455178200279647 7.050148559284708
      vertex -28.001 -11.493655726617682 7.009982206610813
    endloop
  endfacet
  facet normal 0 0.7658222732904505 -0.6430522884900159
    outer loop
      vertex -30.551 -11.419410062433723 7.092745463341846
      vertex -28.001 -11.419410062433723 7.092745463341846
      vertex -28.001 -11.455178200279647 7.050148559284708
    endloop
  endfacet
  facet normal 0 0.8062402209436229 -0.5915882910713987
    outer loop
      vertex -30.551 -11.386504477737395 7.137590512299457
      vertex -28.001 -11.386504477737395 7.137590512299457
      vertex -28.001 -11.419410062433723 7.092745463341846
    endloop
  endfacet
  facet normal 0 0.8432057241944206 -0.5375910217681864
    outer loop
      vertex -30.551 -11.386504477737395 7.137590512299457
      vertex -28.001 -11.356602352956084 7.18449167277317
      vertex -28.001 -11.386504477737395 7.137590512299457
    endloop
  endfacet
  facet normal -1 0 0
    outer loop
      vertex -30.551 -11.386504477737395 7.137590512299457
      vertex -30.551 -11.286129654168972 7.335484614803561
      vertex -30.551 -11.329831733578766 7.233248106793438
    endloop
  endfacet
  facet normal -1 0 0
    outer loop
      vertex -30.551 -11.329831733578766 7.233248106793438
      vertex -30.551 -11.286129654168972 7.335484614803561
      vertex -30.551 -11.306307255507514 7.2836510318245615
    endloop
  endfacet
  facet normal 0 0.9061616913766377 -0.4229314236154973
    outer loop
      vertex -30.551 -11.329831733578766 7.233248106793438
      vertex -30.551 -11.306307255507514 7.2836510318245615
      vertex -28.001 -11.306307255507514 7.2836510318245615
    endloop
  endfacet
  facet normal 0 0.931882568191377 -0.3627600847682164
    outer loop
      vertex -30.551 -11.306307255507514 7.2836510318245615
      vertex -30.551 -11.286129654168972 7.335484614803561
      vertex -28.001 -11.306307255507514 7.2836510318245615
    endloop
  endfacet
  facet normal 0 0.876560491082946 -0.48129170517724995
    outer loop
      vertex -30.551 -11.329831733578766 7.233248106793438
      vertex -28.001 -11.329831733578766 7.233248106793438
      vertex -28.001 -11.356602352956084 7.18449167277317
    endloop
  endfacet
  facet normal 0 0.9061616913766377 -0.4229314236154973
    outer loop
      vertex -30.551 -11.329831733578766 7.233248106793438
      vertex -28.001 -11.306307255507514 7.2836510318245615
      vertex -28.001 -11.329831733578766 7.233248106793438
    endloop
  endfacet
  facet normal -1 0 0
    outer loop
      vertex -30.551 -11.386504477737395 7.137590512299457
      vertex -30.551 -11.246468330211153 7.497324811291469
      vertex -30.551 -11.286129654168972 7.335484614803561
    endloop
  endfacet
  facet normal -1 0 0
    outer loop
      vertex -30.551 -11.286129654168972 7.335484614803561
      vertex -30.551 -11.246468330211153 7.497324811291469
      vertex -30.551 -11.269385333149794 7.388526896370482
    endloop
  endfacet
  facet normal -1 0 0
    outer loop
      vertex -30.551 -11.269385333149794 7.388526896370482
      vertex -30.551 -11.246468330211153 7.497324811291469
      vertex -30.551 -11.256145994203218 7.442550741332458
    endloop
  endfacet
  facet normal 0 0.9536129807839038 -0.3010353515460234
    outer loop
      vertex -30.551 -11.286129654168972 7.335484614803561
      vertex -30.551 -11.269385333149794 7.388526896370482
      vertex -28.001 -11.269385333149794 7.388526896370482
    endloop
  endfacet
  facet normal 0 0.9712598761913871 -0.23802153873271908
    outer loop
      vertex -30.551 -11.269385333149794 7.388526896370482
      vertex -30.551 -11.256145994203218 7.442550741332458
      vertex -28.001 -11.256145994203218 7.442550741332458
    endloop
  endfacet
  facet normal 0 0.9847476876984882 -0.17398848114884186
    outer loop
      vertex -30.551 -11.256145994203218 7.442550741332458
      vertex -30.551 -11.246468330211153 7.497324811291469
      vertex -28.001 -11.256145994203218 7.442550741332458
    endloop
  endfacet
  facet normal -1 0 0
    outer loop
      vertex -30.551 -11.246468330211153 7.497324811291469
      vertex -30.551 -11.19544577765026 7.9051571695923295
      vertex -30.551 -11.203965744895745 7.794298766785055
    endloop
  endfacet
  facet normal -1 0 0
    outer loop
      vertex -30.551 -11.203965744895745 7.794298766785055
      vertex -30.551 -11.19544577765026 7.9051571695923295
      vertex -30.551 -11.19789119710115 7.84958851076447
    endloop
  endfacet
  facet normal 0 0.9899131849786206 -0.14167528438469182
    outer loop
      vertex -30.551 -11.246468330211153 7.497324811291469
      vertex -30.551 -11.203965744895745 7.794298766785055
      vertex -28.001 -11.246468330211153 7.497324811291469
    endloop
  endfacet
  facet normal 0 0.9940186584256547 -0.10921037817744998
    outer loop
      vertex -30.551 -11.203965744895745 7.794298766785055
      vertex -30.551 -11.19789119710115 7.84958851076447
      vertex -28.001 -11.19789119710115 7.84958851076447
    endloop
  endfacet
  facet normal 0 0.9990330886529171 -0.043964619600456105
    outer loop
      vertex -30.551 -11.19789119710115 7.84958851076447
      vertex -30.551 -11.19544577765026 7.9051571695923295
      vertex -28.001 -11.19789119710115 7.84958851076447
    endloop
  endfacet
  facet normal 0 0.931882568191377 -0.3627600847682164
    outer loop
      vertex -30.551 -11.286129654168972 7.335484614803561
      vertex -28.001 -11.286129654168972 7.335484614803561
      vertex -28.001 -11.306307255507514 7.2836510318245615
    endloop
  endfacet
  facet normal 0 0.9536129807839038 -0.3010353515460234
    outer loop
      vertex -30.551 -11.286129654168972 7.335484614803561
      vertex -28.001 -11.269385333149794 7.388526896370482
      vertex -28.001 -11.286129654168972 7.335484614803561
    endloop
  endfacet
  facet normal 0 0.9712598761913871 -0.23802153873271908
    outer loop
      vertex -30.551 -11.269385333149794 7.388526896370482
      vertex -28.001 -11.256145994203218 7.442550741332458
      vertex -28.001 -11.269385333149794 7.388526896370482
    endloop
  endfacet
  facet normal 0 0.9847476876984882 -0.17398848114884186
    outer loop
      vertex -30.551 -11.246468330211153 7.497324811291469
      vertex -28.001 -11.246468330211153 7.497324811291469
      vertex -28.001 -11.256145994203218 7.442550741332458
    endloop
  endfacet
  facet normal 0 0.9899131849786206 -0.14167528438469182
    outer loop
      vertex -30.551 -11.203965744895745 7.794298766785055
      vertex -28.001 -11.203965744895745 7.794298766785055
      vertex -28.001 -11.246468330211153 7.497324811291469
    endloop
  endfacet
  facet normal 0 0.9940186584256547 -0.10921037817744998
    outer loop
      vertex -30.551 -11.203965744895745 7.794298766785055
      vertex -28.001 -11.19789119710115 7.84958851076447
      vertex -28.001 -11.203965744895745 7.794298766785055
    endloop
  endfacet
  facet normal 1 0 0
    outer loop
      vertex -28.001 -12.153028785190557 6.7702480479920375
      vertex -28.001 -12.097460126362698 6.767802628541148
      vertex -28.001 -12.041850506214546 6.76899680909548
    endloop
  endfacet
  facet normal 1 0 0
    outer loop
      vertex -28.001 -12.153028785190557 6.7702480479920375
      vertex -28.001 -12.041850506214546 6.76899680909548
      vertex -28.001 -11.87715192955744 6.794288085545185
    endloop
  endfacet
  facet normal 1 0 0
    outer loop
      vertex -28.001 -12.041850506214546 6.76899680909548
      vertex -28.001 -11.986438053676924 6.773825475990567
      vertex -28.001 -11.87715192955744 6.794288085545185
    endloop
  endfacet
  facet normal 1 0 0
    outer loop
      vertex -28.001 -11.986438053676924 6.773825475990567
      vertex -28.001 -11.931460053378672 6.782267952133454
      vertex -28.001 -11.87715192955744 6.794288085545185
    endloop
  endfacet
  facet normal 1 0 0
    outer loop
      vertex -28.001 -11.87715192955744 6.794288085545185
      vertex -28.001 -11.82374623793697 6.809834404169125
      vertex -28.001 -11.72055207313556 6.8512244955652974
    endloop
  endfacet
  facet normal 1 0 0
    outer loop
      vertex -28.001 -11.82374623793697 6.809834404169125
      vertex -28.001 -11.771471669887768 6.828840336282213
      vertex -28.001 -11.72055207313556 6.8512244955652974
    endloop
  endfacet
  facet normal 1 0 0
    outer loop
      vertex -28.001 -11.87715192955744 6.794288085545185
      vertex -28.001 -11.72055207313556 6.8512244955652974
      vertex -28.001 -11.623643239745022 6.9057300303826805
    endloop
  endfacet
  facet normal 1 0 0
    outer loop
      vertex -28.001 -11.72055207313556 6.8512244955652974
      vertex -28.001 -11.671205493210957 6.876891029611848
      vertex -28.001 -11.623643239745022 6.9057300303826805
    endloop
  endfacet
  facet normal 1 0 0
    outer loop
      vertex -28.001 -11.87715192955744 6.794288085545185
      vertex -28.001 -11.623643239745022 6.9057300303826805
      vertex -28.001 -11.386504477737395 7.137590512299457
    endloop
  endfacet
  facet normal 1 0 0
    outer loop
      vertex -28.001 -11.623643239745022 6.9057300303826805
      vertex -28.001 -11.578068981608986 6.93761800484905
      vertex -28.001 -11.493655726617682 7.009982206610813
    endloop
  endfacet
  facet normal 1 0 0
    outer loop
      vertex -28.001 -11.578068981608986 6.93761800484905
      vertex -28.001 -11.534677874772875 6.972418403808761
      vertex -28.001 -11.493655726617682 7.009982206610813
    endloop
  endfacet
  facet normal 1 0 0
    outer loop
      vertex -28.001 -11.623643239745022 6.9057300303826805
      vertex -28.001 -11.493655726617682 7.009982206610813
      vertex -28.001 -11.386504477737395 7.137590512299457
    endloop
  endfacet
  facet normal 1 0 0
    outer loop
      vertex -28.001 -11.493655726617682 7.009982206610813
      vertex -28.001 -11.455178200279647 7.050148559284708
      vertex -28.001 -11.419410062433723 7.092745463341846
    endloop
  endfacet
  facet normal 1 0 0
    outer loop
      vertex -28.001 -11.493655726617682 7.009982206610813
      vertex -28.001 -11.419410062433723 7.092745463341846
      vertex -28.001 -11.386504477737395 7.137590512299457
    endloop
  endfacet
  facet normal 1 0 0
    outer loop
      vertex -28.001 -11.87715192955744 6.794288085545185
      vertex -28.001 -11.386504477737395 7.137590512299457
      vertex -28.001 -11.19789119710115 7.84958851076447
    endloop
  endfacet
  facet normal 1 0 0
    outer loop
      vertex -28.001 -11.386504477737395 7.137590512299457
      vertex -28.001 -11.356602352956084 7.18449167277317
      vertex -28.001 -11.329831733578766 7.233248106793438
    endloop
  endfacet
  facet normal 1 0 0
    outer loop
      vertex -28.001 -11.87715192955744 6.794288085545185
      vertex -28.001 -11.19789119710115 7.84958851076447
      vertex -28.001 -11.763127763912673 8.716487641786054
    endloop
  endfacet
  facet normal 1 0 0
    outer loop
      vertex -28.001 -11.386504477737395 7.137590512299457
      vertex -28.001 -11.329831733578766 7.233248106793438
      vertex -28.001 -11.269385333149794 7.388526896370482
    endloop
  endfacet
  facet normal 1 0 0
    outer loop
      vertex -28.001 -11.329831733578766 7.233248106793438
      vertex -28.001 -11.306307255507514 7.2836510318245615
      vertex -28.001 -11.269385333149794 7.388526896370482
    endloop
  endfacet
  facet normal 1 0 0
    outer loop
      vertex -28.001 -11.306307255507514 7.2836510318245615
      vertex -28.001 -11.286129654168972 7.335484614803561
      vertex -28.001 -11.269385333149794 7.388526896370482
    endloop
  endfacet
  facet normal 1 0 0
    outer loop
      vertex -28.001 -11.269385333149794 7.388526896370482
      vertex -28.001 -11.256145994203218 7.442550741332458
      vertex -28.001 -11.246468330211153 7.497324811291469
    endloop
  endfacet
  facet normal 1 0 0
    outer loop
      vertex -28.001 -11.386504477737395 7.137590512299457
      vertex -28.001 -11.269385333149794 7.388526896370482
      vertex -28.001 -11.19789119710115 7.84958851076447
    endloop
  endfacet
  facet normal 1 0 0
    outer loop
      vertex -28.001 -11.269385333149794 7.388526896370482
      vertex -28.001 -11.246468330211153 7.497324811291469
      vertex -28.001 -11.19789119710115 7.84958851076447
    endloop
  endfacet
  facet normal 1 0 0
    outer loop
      vertex -28.001 -11.246468330211153 7.497324811291469
      vertex -28.001 -11.203965744895745 7.794298766785055
      vertex -28.001 -11.19789119710115 7.84958851076447
    endloop
  endfacet
  facet normal -1 0 0
    outer loop
      vertex -30.551 -11.246468330211153 7.497324811291469
      vertex -30.551 -11.763127763912673 8.716487641786054
      vertex -30.551 -11.256483485391325 8.231145626067258
    endloop
  endfacet
  facet normal -1 0 0
    outer loop
      vertex -30.551 -11.365261153958162 8.42454831434604
      vertex -30.551 -11.333373179491792 8.378974056210005
      vertex -30.551 -11.400061552917872 8.467939421182153
    endloop
  endfacet
  facet normal 0 0.819350202598051 0.5732933328607032
    outer loop
      vertex -30.551 -11.365261153958162 8.42454831434604
      vertex -28.001 -11.365261153958162 8.42454831434604
      vertex -30.551 -11.333373179491792 8.378974056210005
    endloop
  endfacet
  facet normal 0 0.819350202598051 0.5732933328607032
    outer loop
      vertex -30.551 -11.333373179491792 8.378974056210005
      vertex -28.001 -11.365261153958162 8.42454831434604
      vertex -28.001 -11.333373179491792 8.378974056210005
    endloop
  endfacet
  facet normal 0 0.17398848114884186 0.9847476876984882
    outer loop
      vertex -30.551 -11.924967960400581 8.756148965743874
      vertex -28.001 -11.87019389044157 8.746471301751809
      vertex -30.551 -11.87019389044157 8.746471301751809
    endloop
  endfacet
  facet normal -1 0 0
    outer loop
      vertex -30.551 -11.763127763912673 8.716487641786054
      vertex -30.551 -11.612134821882282 8.646014942998942
      vertex -30.551 -11.437625355719925 8.508961569337345
    endloop
  endfacet
  facet normal -1 0 0
    outer loop
      vertex -30.551 -11.763127763912673 8.716487641786054
      vertex -30.551 -11.711294180933674 8.696310040447512
      vertex -30.551 -11.612134821882282 8.646014942998942
    endloop
  endfacet
  facet normal -1 0 0
    outer loop
      vertex -30.551 -11.612134821882282 8.646014942998942
      vertex -30.551 -11.711294180933674 8.696310040447512
      vertex -30.551 -11.660891255902548 8.67278556237626
    endloop
  endfacet
  facet normal -1 0 0
    outer loop
      vertex -30.551 -11.763127763912673 8.716487641786054
      vertex -30.551 -11.437625355719925 8.508961569337345
      vertex -30.551 -11.256483485391325 8.231145626067258
    endloop
  endfacet
  facet normal -1 0 0
    outer loop
      vertex -30.551 -11.47779170839382 8.54743909567538
      vertex -30.551 -11.437625355719925 8.508961569337345
      vertex -30.551 -11.520388612450958 8.583207233521303
    endloop
  endfacet
  facet normal -1 0 0
    outer loop
      vertex -30.551 -11.400061552917872 8.467939421182153
      vertex -30.551 -11.333373179491792 8.378974056210005
      vertex -30.551 -11.437625355719925 8.508961569337345
    endloop
  endfacet
  facet normal -1 0 0
    outer loop
      vertex -30.551 -11.612134821882282 8.646014942998942
      vertex -30.551 -11.56523366140857 8.616112818217633
      vertex -30.551 -11.520388612450958 8.583207233521303
    endloop
  endfacet
  facet normal -1 0 0
    outer loop
      vertex -30.551 -11.612134821882282 8.646014942998942
      vertex -30.551 -11.520388612450958 8.583207233521303
      vertex -30.551 -11.437625355719925 8.508961569337345
    endloop
  endfacet
  facet normal 0 0.3627600847682218 0.9318825681913748
    outer loop
      vertex -30.551 -11.763127763912673 8.716487641786054
      vertex -28.001 -11.763127763912673 8.716487641786054
      vertex -30.551 -11.711294180933674 8.696310040447512
    endloop
  endfacet
  facet normal 0 0.422931423615485 0.9061616913766434
    outer loop
      vertex -30.551 -11.711294180933674 8.696310040447512
      vertex -28.001 -11.660891255902548 8.67278556237626
      vertex -30.551 -11.660891255902548 8.67278556237626
    endloop
  endfacet
  facet normal 0 0.4812917051772634 0.8765604910829385
    outer loop
      vertex -30.551 -11.612134821882282 8.646014942998942
      vertex -30.551 -11.660891255902548 8.67278556237626
      vertex -28.001 -11.660891255902548 8.67278556237626
    endloop
  endfacet
  facet normal 0 0.6430522884900081 0.765822273290457
    outer loop
      vertex -30.551 -11.47779170839382 8.54743909567538
      vertex -30.551 -11.520388612450958 8.583207233521303
      vertex -28.001 -11.47779170839382 8.54743909567538
    endloop
  endfacet
  facet normal 0 0.7375107522679786 0.6753353909644602
    outer loop
      vertex -30.551 -11.400061552917872 8.467939421182153
      vertex -30.551 -11.437625355719925 8.508961569337345
      vertex -28.001 -11.400061552917872 8.467939421182153
    endloop
  endfacet
  facet normal 0 0.7801007329839761 0.6256539350134891
    outer loop
      vertex -30.551 -11.365261153958162 8.42454831434604
      vertex -30.551 -11.400061552917872 8.467939421182153
      vertex -28.001 -11.365261153958162 8.42454831434604
    endloop
  endfacet
  facet normal 0 0.6917626372860857 0.7221249570919146
    outer loop
      vertex -30.551 -11.47779170839382 8.54743909567538
      vertex -28.001 -11.47779170839382 8.54743909567538
      vertex -30.551 -11.437625355719925 8.508961569337345
    endloop
  endfacet
  facet normal 0 0.5915882910714194 0.8062402209436078
    outer loop
      vertex -30.551 -11.56523366140857 8.616112818217633
      vertex -28.001 -11.56523366140857 8.616112818217633
      vertex -30.551 -11.520388612450958 8.583207233521303
    endloop
  endfacet
  facet normal 0 0.5375910217681636 0.8432057241944352
    outer loop
      vertex -30.551 -11.612134821882282 8.646014942998942
      vertex -28.001 -11.56523366140857 8.616112818217633
      vertex -30.551 -11.56523366140857 8.616112818217633
    endloop
  endfacet
  facet normal -1 0 0
    outer loop
      vertex -30.551 -11.924967960400581 8.756148965743874
      vertex -30.551 -11.87019389044157 8.746471301751809
      vertex -30.551 -11.763127763912673 8.716487641786054
    endloop
  endfacet
  facet normal -1 0 0
    outer loop
      vertex -30.551 -11.87019389044157 8.746471301751809
      vertex -30.551 -11.816170045479595 8.733231962805233
      vertex -30.551 -11.763127763912673 8.716487641786054
    endloop
  endfacet
  facet normal 0 0.2380215387327228 0.9712598761913863
    outer loop
      vertex -30.551 -11.87019389044157 8.746471301751809
      vertex -28.001 -11.87019389044157 8.746471301751809
      vertex -30.551 -11.816170045479595 8.733231962805233
    endloop
  endfacet
  facet normal 0 0.30103535154601885 0.9536129807839052
    outer loop
      vertex -30.551 -11.763127763912673 8.716487641786054
      vertex -30.551 -11.816170045479595 8.733231962805233
      vertex -28.001 -11.816170045479595 8.733231962805233
    endloop
  endfacet
  facet normal 0 0.17398848114884186 0.9847476876984882
    outer loop
      vertex -30.551 -11.924967960400581 8.756148965743874
      vertex -28.001 -11.924967960400581 8.756148965743874
      vertex -28.001 -11.87019389044157 8.746471301751809
    endloop
  endfacet
  facet normal 0 0.3627600847682218 0.9318825681913748
    outer loop
      vertex -30.551 -11.711294180933674 8.696310040447512
      vertex -28.001 -11.763127763912673 8.716487641786054
      vertex -28.001 -11.711294180933674 8.696310040447512
    endloop
  endfacet
  facet normal 0 0.422931423615485 0.9061616913766434
    outer loop
      vertex -30.551 -11.711294180933674 8.696310040447512
      vertex -28.001 -11.711294180933674 8.696310040447512
      vertex -28.001 -11.660891255902548 8.67278556237626
    endloop
  endfacet
  facet normal 0 0.4812917051772634 0.8765604910829385
    outer loop
      vertex -30.551 -11.612134821882282 8.646014942998942
      vertex -28.001 -11.660891255902548 8.67278556237626
      vertex -28.001 -11.612134821882282 8.646014942998942
    endloop
  endfacet
  facet normal 0 0.6430522884900081 0.765822273290457
    outer loop
      vertex -30.551 -11.520388612450958 8.583207233521303
      vertex -28.001 -11.520388612450958 8.583207233521303
      vertex -28.001 -11.47779170839382 8.54743909567538
    endloop
  endfacet
  facet normal 0 0.7375107522679786 0.6753353909644602
    outer loop
      vertex -30.551 -11.437625355719925 8.508961569337345
      vertex -28.001 -11.437625355719925 8.508961569337345
      vertex -28.001 -11.400061552917872 8.467939421182153
    endloop
  endfacet
  facet normal 0 0.7801007329839761 0.6256539350134891
    outer loop
      vertex -30.551 -11.400061552917872 8.467939421182153
      vertex -28.001 -11.400061552917872 8.467939421182153
      vertex -28.001 -11.365261153958162 8.42454831434604
    endloop
  endfacet
  facet normal 0 0.6917626372860857 0.7221249570919146
    outer loop
      vertex -30.551 -11.437625355719925 8.508961569337345
      vertex -28.001 -11.47779170839382 8.54743909567538
      vertex -28.001 -11.437625355719925 8.508961569337345
    endloop
  endfacet
  facet normal 0 0.5375910217681636 0.8432057241944352
    outer loop
      vertex -30.551 -11.612134821882282 8.646014942998942
      vertex -28.001 -11.612134821882282 8.646014942998942
      vertex -28.001 -11.56523366140857 8.616112818217633
    endloop
  endfacet
  facet normal 0 0.5915882910714194 0.8062402209436078
    outer loop
      vertex -30.551 -11.520388612450958 8.583207233521303
      vertex -28.001 -11.56523366140857 8.616112818217633
      vertex -28.001 -11.520388612450958 8.583207233521303
    endloop
  endfacet
  facet normal 0 0.2380215387327228 0.9712598761913863
    outer loop
      vertex -30.551 -11.816170045479595 8.733231962805233
      vertex -28.001 -11.87019389044157 8.746471301751809
      vertex -28.001 -11.816170045479595 8.733231962805233
    endloop
  endfacet
  facet normal 0 0.30103535154601885 0.9536129807839052
    outer loop
      vertex -30.551 -11.763127763912673 8.716487641786054
      vertex -28.001 -11.816170045479595 8.733231962805233
      vertex -28.001 -11.763127763912673 8.716487641786054
    endloop
  endfacet
  facet normal -1 0 0
    outer loop
      vertex -30.551 -11.246468330211153 7.497324811291469
      vertex -30.551 -11.256483485391325 8.231145626067258
      vertex -30.551 -11.19544577765026 7.9051571695923295
    endloop
  endfacet
  facet normal -1 0 0
    outer loop
      vertex -30.551 -11.19544577765026 7.9051571695923295
      vertex -30.551 -11.209911101242566 8.071157242576355
      vertex -30.551 -11.196639958204592 7.96076678974048
    endloop
  endfacet
  facet normal -1 0 0
    outer loop
      vertex -30.551 -11.19544577765026 7.9051571695923295
      vertex -30.551 -11.256483485391325 8.231145626067258
      vertex -30.551 -11.209911101242566 8.071157242576355
    endloop
  endfacet
  facet normal -1 0 0
    outer loop
      vertex -30.551 -11.221931234654296 8.125465366397586
      vertex -30.551 -11.209911101242566 8.071157242576355
      vertex -30.551 -11.256483485391325 8.231145626067258
    endloop
  endfacet
  facet normal -1 0 0
    outer loop
      vertex -30.551 -11.196639958204592 7.96076678974048
      vertex -30.551 -11.209911101242566 8.071157242576355
      vertex -30.551 -11.201468625099679 8.016179242278103
    endloop
  endfacet
  facet normal 0 0.9997695058202188 0.02146940222724439
    outer loop
      vertex -30.551 -11.19544577765026 7.9051571695923295
      vertex -30.551 -11.196639958204592 7.96076678974048
      vertex -28.001 -11.196639958204592 7.96076678974048
    endloop
  endfacet
  facet normal 0 0.9962247564761931 0.08681148877855824
    outer loop
      vertex -30.551 -11.196639958204592 7.96076678974048
      vertex -30.551 -11.201468625099679 8.016179242278103
      vertex -28.001 -11.201468625099679 8.016179242278103
    endloop
  endfacet
  facet normal 0 0.9763707425104791 0.21610222851589442
    outer loop
      vertex -30.551 -11.221931234654296 8.125465366397586
      vertex -28.001 -11.221931234654296 8.125465366397586
      vertex -30.551 -11.209911101242566 8.071157242576355
    endloop
  endfacet
  facet normal 0 0.9884140197817252 0.15178183520741698
    outer loop
      vertex -30.551 -11.201468625099679 8.016179242278103
      vertex -30.551 -11.209911101242566 8.071157242576355
      vertex -28.001 -11.201468625099679 8.016179242278103
    endloop
  endfacet
  facet normal -1 0 0
    outer loop
      vertex -30.551 -11.221931234654296 8.125465366397586
      vertex -30.551 -11.256483485391325 8.231145626067258
      vertex -30.551 -11.237477553278238 8.178871058018057
    endloop
  endfacet
  facet normal -1 0 0
    outer loop
      vertex -30.551 -11.256483485391325 8.231145626067258
      vertex -30.551 -11.30453417872096 8.33141180274407
      vertex -30.551 -11.27886764467441 8.282065222819467
    endloop
  endfacet
  facet normal -1 0 0
    outer loop
      vertex -30.551 -11.256483485391325 8.231145626067258
      vertex -30.551 -11.333373179491792 8.378974056210005
      vertex -30.551 -11.30453417872096 8.33141180274407
    endloop
  endfacet
  facet normal -1 0 0
    outer loop
      vertex -30.551 -11.437625355719925 8.508961569337345
      vertex -30.551 -11.333373179491792 8.378974056210005
      vertex -30.551 -11.256483485391325 8.231145626067258
    endloop
  endfacet
  facet normal 0 0.9601464958246211 0.27949723890532624
    outer loop
      vertex -30.551 -11.221931234654296 8.125465366397586
      vertex -30.551 -11.237477553278238 8.178871058018057
      vertex -28.001 -11.237477553278238 8.178871058018057
    endloop
  endfacet
  facet normal 0 0.9398107544392967 0.34169539920847614
    outer loop
      vertex -30.551 -11.237477553278238 8.178871058018057
      vertex -30.551 -11.256483485391325 8.231145626067258
      vertex -28.001 -11.237477553278238 8.178871058018057
    endloop
  endfacet
  facet normal 0 0.9154505991210685 0.40243036735425
    outer loop
      vertex -30.551 -11.256483485391325 8.231145626067258
      vertex -30.551 -11.27886764467441 8.282065222819467
      vertex -28.001 -11.256483485391325 8.231145626067258
    endloop
  endfacet
  facet normal 0 0.8871703437948906 0.4614420668847341
    outer loop
      vertex -30.551 -11.27886764467441 8.282065222819467
      vertex -30.551 -11.30453417872096 8.33141180274407
      vertex -28.001 -11.30453417872096 8.33141180274407
    endloop
  endfacet
  facet normal 0 0.8550910888557071 0.5184778006429601
    outer loop
      vertex -30.551 -11.30453417872096 8.33141180274407
      vertex -30.551 -11.333373179491792 8.378974056210005
      vertex -28.001 -11.333373179491792 8.378974056210005
    endloop
  endfacet
  facet normal 0 0.9990330886529171 -0.043964619600456105
    outer loop
      vertex -28.001 -11.19789119710115 7.84958851076447
      vertex -30.551 -11.19544577765026 7.9051571695923295
      vertex -28.001 -11.19544577765026 7.9051571695923295
    endloop
  endfacet
  facet normal 0 0.9997695058202188 0.02146940222724439
    outer loop
      vertex -30.551 -11.19544577765026 7.9051571695923295
      vertex -28.001 -11.196639958204592 7.96076678974048
      vertex -28.001 -11.19544577765026 7.9051571695923295
    endloop
  endfacet
  facet normal 0 0.9962247564761931 0.08681148877855824
    outer loop
      vertex -30.551 -11.196639958204592 7.96076678974048
      vertex -28.001 -11.201468625099679 8.016179242278103
      vertex -28.001 -11.196639958204592 7.96076678974048
    endloop
  endfacet
  facet normal 0 0.9601464958246211 0.27949723890532624
    outer loop
      vertex -30.551 -11.221931234654296 8.125465366397586
      vertex -28.001 -11.237477553278238 8.178871058018057
      vertex -28.001 -11.221931234654296 8.125465366397586
    endloop
  endfacet
  facet normal 0 0.9884140197817252 0.15178183520741698
    outer loop
      vertex -30.551 -11.209911101242566 8.071157242576355
      vertex -28.001 -11.209911101242566 8.071157242576355
      vertex -28.001 -11.201468625099679 8.016179242278103
    endloop
  endfacet
  facet normal 0 0.9763707425104791 0.21610222851589442
    outer loop
      vertex -30.551 -11.209911101242566 8.071157242576355
      vertex -28.001 -11.221931234654296 8.125465366397586
      vertex -28.001 -11.209911101242566 8.071157242576355
    endloop
  endfacet
  facet normal 0 0.9398107544392967 0.34169539920847614
    outer loop
      vertex -30.551 -11.256483485391325 8.231145626067258
      vertex -28.001 -11.256483485391325 8.231145626067258
      vertex -28.001 -11.237477553278238 8.178871058018057
    endloop
  endfacet
  facet normal 0 0.9154505991210685 0.40243036735425
    outer loop
      vertex -30.551 -11.27886764467441 8.282065222819467
      vertex -28.001 -11.27886764467441 8.282065222819467
      vertex -28.001 -11.256483485391325 8.231145626067258
    endloop
  endfacet
  facet normal 0 0.8871703437948906 0.4614420668847341
    outer loop
      vertex -30.551 -11.27886764467441 8.282065222819467
      vertex -28.001 -11.30453417872096 8.33141180274407
      vertex -28.001 -11.27886764467441 8.282065222819467
    endloop
  endfacet
  facet normal 0 0.8550910888557071 0.5184778006429601
    outer loop
      vertex -30.551 -11.30453417872096 8.33141180274407
      vertex -28.001 -11.333373179491792 8.378974056210005
      vertex -28.001 -11.30453417872096 8.33141180274407
    endloop
  endfacet
  facet normal 1 0 0
    outer loop
      vertex -28.001 -11.19789119710115 7.84958851076447
      vertex -28.001 -11.333373179491792 8.378974056210005
      vertex -28.001 -11.763127763912673 8.716487641786054
    endloop
  endfacet
  facet normal 1 0 0
    outer loop
      vertex -28.001 -11.365261153958162 8.42454831434604
      vertex -28.001 -11.400061552917872 8.467939421182153
      vertex -28.001 -11.333373179491792 8.378974056210005
    endloop
  endfacet
  facet normal 1 0 0
    outer loop
      vertex -28.001 -11.763127763912673 8.716487641786054
      vertex -28.001 -11.612134821882282 8.646014942998942
      vertex -28.001 -11.660891255902548 8.67278556237626
    endloop
  endfacet
  facet normal 1 0 0
    outer loop
      vertex -28.001 -11.763127763912673 8.716487641786054
      vertex -28.001 -11.660891255902548 8.67278556237626
      vertex -28.001 -11.711294180933674 8.696310040447512
    endloop
  endfacet
  facet normal 1 0 0
    outer loop
      vertex -28.001 -11.763127763912673 8.716487641786054
      vertex -28.001 -11.520388612450958 8.583207233521303
      vertex -28.001 -11.612134821882282 8.646014942998942
    endloop
  endfacet
  facet normal 1 0 0
    outer loop
      vertex -28.001 -11.763127763912673 8.716487641786054
      vertex -28.001 -11.333373179491792 8.378974056210005
      vertex -28.001 -11.520388612450958 8.583207233521303
    endloop
  endfacet
  facet normal 1 0 0
    outer loop
      vertex -28.001 -11.400061552917872 8.467939421182153
      vertex -28.001 -11.520388612450958 8.583207233521303
      vertex -28.001 -11.333373179491792 8.378974056210005
    endloop
  endfacet
  facet normal 1 0 0
    outer loop
      vertex -28.001 -11.47779170839382 8.54743909567538
      vertex -28.001 -11.520388612450958 8.583207233521303
      vertex -28.001 -11.400061552917872 8.467939421182153
    endloop
  endfacet
  facet normal 1 0 0
    outer loop
      vertex -28.001 -11.47779170839382 8.54743909567538
      vertex -28.001 -11.400061552917872 8.467939421182153
      vertex -28.001 -11.437625355719925 8.508961569337345
    endloop
  endfacet
  facet normal 1 0 0
    outer loop
      vertex -28.001 -11.612134821882282 8.646014942998942
      vertex -28.001 -11.520388612450958 8.583207233521303
      vertex -28.001 -11.56523366140857 8.616112818217633
    endloop
  endfacet
  facet normal 1 0 0
    outer loop
      vertex -28.001 -11.924967960400581 8.756148965743874
      vertex -28.001 -11.763127763912673 8.716487641786054
      vertex -28.001 -11.87019389044157 8.746471301751809
    endloop
  endfacet
  facet normal 1 0 0
    outer loop
      vertex -28.001 -11.87019389044157 8.746471301751809
      vertex -28.001 -11.763127763912673 8.716487641786054
      vertex -28.001 -11.816170045479595 8.733231962805233
    endloop
  endfacet
  facet normal 1 0 0
    outer loop
      vertex -28.001 -11.19789119710115 7.84958851076447
      vertex -28.001 -11.19544577765026 7.9051571695923295
      vertex -28.001 -11.196639958204592 7.96076678974048
    endloop
  endfacet
  facet normal 1 0 0
    outer loop
      vertex -28.001 -11.19789119710115 7.84958851076447
      vertex -28.001 -11.196639958204592 7.96076678974048
      vertex -28.001 -11.221931234654296 8.125465366397586
    endloop
  endfacet
  facet normal 1 0 0
    outer loop
      vertex -28.001 -11.19789119710115 7.84958851076447
      vertex -28.001 -11.221931234654296 8.125465366397586
      vertex -28.001 -11.333373179491792 8.378974056210005
    endloop
  endfacet
  facet normal 1 0 0
    outer loop
      vertex -28.001 -11.196639958204592 7.96076678974048
      vertex -28.001 -11.201468625099679 8.016179242278103
      vertex -28.001 -11.221931234654296 8.125465366397586
    endloop
  endfacet
  facet normal 1 0 0
    outer loop
      vertex -28.001 -11.221931234654296 8.125465366397586
      vertex -28.001 -11.201468625099679 8.016179242278103
      vertex -28.001 -11.209911101242566 8.071157242576355
    endloop
  endfacet
  facet normal 1 0 0
    outer loop
      vertex -28.001 -11.221931234654296 8.125465366397586
      vertex -28.001 -11.237477553278238 8.178871058018057
      vertex -28.001 -11.256483485391325 8.231145626067258
    endloop
  endfacet
  facet normal 1 0 0
    outer loop
      vertex -28.001 -11.256483485391325 8.231145626067258
      vertex -28.001 -11.27886764467441 8.282065222819467
      vertex -28.001 -11.30453417872096 8.33141180274407
    endloop
  endfacet
  facet normal 1 0 0
    outer loop
      vertex -28.001 -11.221931234654296 8.125465366397586
      vertex -28.001 -11.256483485391325 8.231145626067258
      vertex -28.001 -11.333373179491792 8.378974056210005
    endloop
  endfacet
  facet normal 1 0 0
    outer loop
      vertex -28.001 -11.256483485391325 8.231145626067258
      vertex -28.001 -11.30453417872096 8.33141180274407
      vertex -28.001 -11.333373179491792 8.378974056210005
    endloop
  endfacet
  facet normal -1 0 0
    outer loop
      vertex -30.551 -15.906344273382317 8.990017793389187
      vertex -30.551 -15.865322125227124 9.027581596191238
      vertex -30.551 -15.821931018391012 9.06238199515095
    endloop
  endfacet
  facet normal -1 0 0
    outer loop
      vertex -30.551 -15.906344273382317 8.990017793389187
      vertex -30.551 -15.821931018391012 9.06238199515095
      vertex -30.551 -15.776356760254977 9.094269969617319
    endloop
  endfacet
  facet normal -1 0 0
    outer loop
      vertex -30.551 -15.776356760254977 9.094269969617319
      vertex -30.551 -15.728794506789042 9.123108970388152
      vertex -30.551 -15.679447926864439 9.148775504434703
    endloop
  endfacet
  facet normal -1 0 0
    outer loop
      vertex -30.551 -15.776356760254977 9.094269969617319
      vertex -30.551 -15.679447926864439 9.148775504434703
      vertex -30.551 -15.522848070442558 9.205711914454815
    endloop
  endfacet
  facet normal -1 0 0
    outer loop
      vertex -30.551 -15.679447926864439 9.148775504434703
      vertex -30.551 -15.62852833011223 9.171159663717788
      vertex -30.551 -15.522848070442558 9.205711914454815
    endloop
  endfacet
  facet normal -1 0 0
    outer loop
      vertex -30.551 -15.62852833011223 9.171159663717788
      vertex -30.551 -15.576253762063029 9.190165595830875
      vertex -30.551 -15.522848070442558 9.205711914454815
    endloop
  endfacet
  facet normal -1 0 0
    outer loop
      vertex -30.551 -15.776356760254977 9.094269969617319
      vertex -30.551 -15.522848070442558 9.205711914454815
      vertex -30.551 -15.246971214809442 9.229751952007963
    endloop
  endfacet
  facet normal 0 -0.6753353909644269 0.7375107522680092
    outer loop
      vertex -30.551 -15.906344273382317 8.990017793389187
      vertex -28.001 -15.865322125227124 9.027581596191238
      vertex -30.551 -15.865322125227124 9.027581596191238
    endloop
  endfacet
  facet normal 0 -0.6256539350135241 0.780100732983948
    outer loop
      vertex -30.551 -15.865322125227124 9.027581596191238
      vertex -28.001 -15.865322125227124 9.027581596191238
      vertex -30.551 -15.821931018391012 9.06238199515095
    endloop
  endfacet
  facet normal 0 -0.5732933328606816 0.8193502025980661
    outer loop
      vertex -30.551 -15.821931018391012 9.06238199515095
      vertex -28.001 -15.821931018391012 9.06238199515095
      vertex -30.551 -15.776356760254977 9.094269969617319
    endloop
  endfacet
  facet normal 0 -0.5184778006429835 0.855091088855693
    outer loop
      vertex -30.551 -15.776356760254977 9.094269969617319
      vertex -28.001 -15.728794506789042 9.123108970388152
      vertex -30.551 -15.728794506789042 9.123108970388152
    endloop
  endfacet
  facet normal 0 -0.4614420668847341 0.8871703437948906
    outer loop
      vertex -30.551 -15.728794506789042 9.123108970388152
      vertex -28.001 -15.728794506789042 9.123108970388152
      vertex -30.551 -15.679447926864439 9.148775504434703
    endloop
  endfacet
  facet normal 0 -0.40243036735425 0.9154505991210685
    outer loop
      vertex -30.551 -15.679447926864439 9.148775504434703
      vertex -28.001 -15.62852833011223 9.171159663717788
      vertex -30.551 -15.62852833011223 9.171159663717788
    endloop
  endfacet
  facet normal 0 -0.34169539920847614 0.9398107544392967
    outer loop
      vertex -30.551 -15.62852833011223 9.171159663717788
      vertex -28.001 -15.62852833011223 9.171159663717788
      vertex -30.551 -15.576253762063029 9.190165595830875
    endloop
  endfacet
  facet normal 0 -0.2794972389052968 0.9601464958246295
    outer loop
      vertex -30.551 -15.576253762063029 9.190165595830875
      vertex -28.001 -15.522848070442558 9.205711914454815
      vertex -30.551 -15.522848070442558 9.205711914454815
    endloop
  endfacet
  facet normal 0 -0.21610222851592484 0.9763707425104722
    outer loop
      vertex -30.551 -15.522848070442558 9.205711914454815
      vertex -28.001 -15.522848070442558 9.205711914454815
      vertex -30.551 -15.468539946621327 9.217732047866546
    endloop
  endfacet
  facet normal 0 -0.6753353909644269 0.7375107522680092
    outer loop
      vertex -30.551 -15.906344273382317 8.990017793389187
      vertex -28.001 -15.906344273382317 8.990017793389187
      vertex -28.001 -15.865322125227124 9.027581596191238
    endloop
  endfacet
  facet normal 0 -0.6256539350135241 0.780100732983948
    outer loop
      vertex -30.551 -15.821931018391012 9.06238199515095
      vertex -28.001 -15.865322125227124 9.027581596191238
      vertex -28.001 -15.821931018391012 9.06238199515095
    endloop
  endfacet
  facet normal 0 -0.5732933328606816 0.8193502025980661
    outer loop
      vertex -30.551 -15.776356760254977 9.094269969617319
      vertex -28.001 -15.821931018391012 9.06238199515095
      vertex -28.001 -15.776356760254977 9.094269969617319
    endloop
  endfacet
  facet normal 0 -0.5184778006429835 0.855091088855693
    outer loop
      vertex -30.551 -15.776356760254977 9.094269969617319
      vertex -28.001 -15.776356760254977 9.094269969617319
      vertex -28.001 -15.728794506789042 9.123108970388152
    endloop
  endfacet
  facet normal 0 -0.4614420668847341 0.8871703437948906
    outer loop
      vertex -30.551 -15.679447926864439 9.148775504434703
      vertex -28.001 -15.728794506789042 9.123108970388152
      vertex -28.001 -15.679447926864439 9.148775504434703
    endloop
  endfacet
  facet normal 0 -0.40243036735425 0.9154505991210685
    outer loop
      vertex -30.551 -15.679447926864439 9.148775504434703
      vertex -28.001 -15.679447926864439 9.148775504434703
      vertex -28.001 -15.62852833011223 9.171159663717788
    endloop
  endfacet
  facet normal 0 -0.34169539920847614 0.9398107544392967
    outer loop
      vertex -30.551 -15.576253762063029 9.190165595830875
      vertex -28.001 -15.62852833011223 9.171159663717788
      vertex -28.001 -15.576253762063029 9.190165595830875
    endloop
  endfacet
  facet normal 0 -0.2794972389052968 0.9601464958246295
    outer loop
      vertex -30.551 -15.576253762063029 9.190165595830875
      vertex -28.001 -15.576253762063029 9.190165595830875
      vertex -28.001 -15.522848070442558 9.205711914454815
    endloop
  endfacet
  facet normal 0 -0.21610222851592484 0.9763707425104722
    outer loop
      vertex -30.551 -15.468539946621327 9.217732047866546
      vertex -28.001 -15.522848070442558 9.205711914454815
      vertex -28.001 -15.468539946621327 9.217732047866546
    endloop
  endfacet
  facet normal -1 0 0
    outer loop
      vertex -30.551 -15.522848070442558 9.205711914454815
      vertex -30.551 -15.468539946621327 9.217732047866546
      vertex -30.551 -15.246971214809442 9.229751952007963
    endloop
  endfacet
  facet normal -1 0 0
    outer loop
      vertex -30.551 -15.468539946621327 9.217732047866546
      vertex -30.551 -15.413561946323075 9.226174524009433
      vertex -30.551 -15.358149493785453 9.23100319090452
    endloop
  endfacet
  facet normal -1 0 0
    outer loop
      vertex -30.551 -15.468539946621327 9.217732047866546
      vertex -30.551 -15.358149493785453 9.23100319090452
      vertex -30.551 -15.246971214809442 9.229751952007963
    endloop
  endfacet
  facet normal -1 0 0
    outer loop
      vertex -30.551 -15.358149493785453 9.23100319090452
      vertex -30.551 -15.3025398736373 9.232197371458852
      vertex -30.551 -15.246971214809442 9.229751952007963
    endloop
  endfacet
  facet normal 0 -0.15178183520741698 0.9884140197817252
    outer loop
      vertex -30.551 -15.468539946621327 9.217732047866546
      vertex -28.001 -15.413561946323075 9.226174524009433
      vertex -30.551 -15.413561946323075 9.226174524009433
    endloop
  endfacet
  facet normal 0 -0.08681148877855964 0.9962247564761931
    outer loop
      vertex -30.551 -15.413561946323075 9.226174524009433
      vertex -28.001 -15.413561946323075 9.226174524009433
      vertex -30.551 -15.358149493785453 9.23100319090452
    endloop
  endfacet
  facet normal 0 -0.021469402227243705 0.9997695058202188
    outer loop
      vertex -30.551 -15.358149493785453 9.23100319090452
      vertex -28.001 -15.3025398736373 9.232197371458852
      vertex -30.551 -15.3025398736373 9.232197371458852
    endloop
  endfacet
  facet normal 0 0.04396461960045681 0.9990330886529171
    outer loop
      vertex -30.551 -15.3025398736373 9.232197371458852
      vertex -28.001 -15.246971214809442 9.229751952007963
      vertex -30.551 -15.246971214809442 9.229751952007963
    endloop
  endfacet
  facet normal 0 0.10921037817745169 0.9940186584256544
    outer loop
      vertex -30.551 -15.246971214809442 9.229751952007963
      vertex -28.001 -15.246971214809442 9.229751952007963
      vertex -30.551 -15.191681470830028 9.223677404213367
    endloop
  endfacet
  facet normal 0 -0.15178183520741698 0.9884140197817252
    outer loop
      vertex -30.551 -15.468539946621327 9.217732047866546
      vertex -28.001 -15.468539946621327 9.217732047866546
      vertex -28.001 -15.413561946323075 9.226174524009433
    endloop
  endfacet
  facet normal 0 -0.08681148877855964 0.9962247564761931
    outer loop
      vertex -30.551 -15.358149493785453 9.23100319090452
      vertex -28.001 -15.413561946323075 9.226174524009433
      vertex -28.001 -15.358149493785453 9.23100319090452
    endloop
  endfacet
  facet normal 0 -0.021469402227243705 0.9997695058202188
    outer loop
      vertex -30.551 -15.358149493785453 9.23100319090452
      vertex -28.001 -15.358149493785453 9.23100319090452
      vertex -28.001 -15.3025398736373 9.232197371458852
    endloop
  endfacet
  facet normal 0 0.04396461960045681 0.9990330886529171
    outer loop
      vertex -30.551 -15.3025398736373 9.232197371458852
      vertex -28.001 -15.3025398736373 9.232197371458852
      vertex -28.001 -15.246971214809442 9.229751952007963
    endloop
  endfacet
  facet normal 0 0.10921037817745169 0.9940186584256544
    outer loop
      vertex -30.551 -15.191681470830028 9.223677404213367
      vertex -28.001 -15.246971214809442 9.229751952007963
      vertex -28.001 -15.191681470830028 9.223677404213367
    endloop
  endfacet
  facet normal 1 0 0
    outer loop
      vertex -28.001 -15.906344273382317 8.990017793389187
      vertex -28.001 -15.821931018391012 9.06238199515095
      vertex -28.001 -15.865322125227124 9.027581596191238
    endloop
  endfacet
  facet normal 1 0 0
    outer loop
      vertex -28.001 -15.906344273382317 8.990017793389187
      vertex -28.001 -15.728794506789042 9.123108970388152
      vertex -28.001 -15.821931018391012 9.06238199515095
    endloop
  endfacet
  facet normal 1 0 0
    outer loop
      vertex -28.001 -15.821931018391012 9.06238199515095
      vertex -28.001 -15.728794506789042 9.123108970388152
      vertex -28.001 -15.776356760254977 9.094269969617319
    endloop
  endfacet
  facet normal 1 0 0
    outer loop
      vertex -28.001 -15.906344273382317 8.990017793389187
      vertex -28.001 -15.522848070442558 9.205711914454815
      vertex -28.001 -15.728794506789042 9.123108970388152
    endloop
  endfacet
  facet normal 1 0 0
    outer loop
      vertex -28.001 -15.728794506789042 9.123108970388152
      vertex -28.001 -15.62852833011223 9.171159663717788
      vertex -28.001 -15.679447926864439 9.148775504434703
    endloop
  endfacet
  facet normal 1 0 0
    outer loop
      vertex -28.001 -15.728794506789042 9.123108970388152
      vertex -28.001 -15.522848070442558 9.205711914454815
      vertex -28.001 -15.62852833011223 9.171159663717788
    endloop
  endfacet
  facet normal 1 0 0
    outer loop
      vertex -28.001 -15.62852833011223 9.171159663717788
      vertex -28.001 -15.522848070442558 9.205711914454815
      vertex -28.001 -15.576253762063029 9.190165595830875
    endloop
  endfacet
  facet normal 1 0 0
    outer loop
      vertex -28.001 -15.522848070442558 9.205711914454815
      vertex -28.001 -15.358149493785453 9.23100319090452
      vertex -28.001 -15.468539946621327 9.217732047866546
    endloop
  endfacet
  facet normal 1 0 0
    outer loop
      vertex -28.001 -15.468539946621327 9.217732047866546
      vertex -28.001 -15.358149493785453 9.23100319090452
      vertex -28.001 -15.413561946323075 9.226174524009433
    endloop
  endfacet
  facet normal 1 0 0
    outer loop
      vertex -28.001 -15.522848070442558 9.205711914454815
      vertex -28.001 -15.191681470830028 9.223677404213367
      vertex -28.001 -15.358149493785453 9.23100319090452
    endloop
  endfacet
  facet normal 1 0 0
    outer loop
      vertex -28.001 -15.358149493785453 9.23100319090452
      vertex -28.001 -15.191681470830028 9.223677404213367
      vertex -28.001 -15.3025398736373 9.232197371458852
    endloop
  endfacet
  facet normal 1 0 0
    outer loop
      vertex -28.001 -15.3025398736373 9.232197371458852
      vertex -28.001 -15.191681470830028 9.223677404213367
      vertex -28.001 -15.246971214809442 9.229751952007963
    endloop
  endfacet
  facet normal -1 0 0
    outer loop
      vertex -30.551 -11.763127763912673 8.716487641786054
      vertex -30.551 -15.776356760254977 9.094269969617319
      vertex -30.551 -15.246971214809442 9.229751952007963
    endloop
  endfacet
  facet normal -1 0 0
    outer loop
      vertex -30.551 -11.924967960400581 8.756148965743874
      vertex -30.551 -15.246971214809442 9.229751952007963
      vertex -30.551 -15.191681470830028 9.223677404213367
    endloop
  endfacet
  facet normal 0 0.1416752843846949 0.98991318497862
    outer loop
      vertex -30.551 -11.924967960400581 8.756148965743874
      vertex -30.551 -15.191681470830028 9.223677404213367
      vertex -28.001 -15.191681470830028 9.223677404213367
    endloop
  endfacet
  facet normal 1 0 0
    outer loop
      vertex -28.001 -11.763127763912673 8.716487641786054
      vertex -28.001 -15.191681470830028 9.223677404213367
      vertex -28.001 -15.522848070442558 9.205711914454815
    endloop
  endfacet
  facet normal -1 0 0
    outer loop
      vertex -30.551 11.329831733578766 7.233248106793438
      vertex -30.551 11.286129654168972 7.335484614803561
      vertex -30.551 11.356602352956084 7.18449167277317
    endloop
  endfacet
  facet normal -1 0 0
    outer loop
      vertex -30.551 11.329831733578766 7.233248106793438
      vertex -30.551 11.306307255507514 7.2836510318245615
      vertex -30.551 11.286129654168972 7.335484614803561
    endloop
  endfacet
  facet normal 0 -0.876560491082946 -0.48129170517724995
    outer loop
      vertex -30.551 11.329831733578766 7.233248106793438
      vertex -30.551 11.356602352956084 7.18449167277317
      vertex -28.001 11.329831733578766 7.233248106793438
    endloop
  endfacet
  facet normal 0 -0.9061616913766377 -0.4229314236154973
    outer loop
      vertex -30.551 11.329831733578766 7.233248106793438
      vertex -28.001 11.306307255507514 7.2836510318245615
      vertex -30.551 11.306307255507514 7.2836510318245615
    endloop
  endfacet
  facet normal 0 -0.931882568191377 -0.3627600847682164
    outer loop
      vertex -30.551 11.306307255507514 7.2836510318245615
      vertex -28.001 11.306307255507514 7.2836510318245615
      vertex -30.551 11.286129654168972 7.335484614803561
    endloop
  endfacet
  facet normal 0 -0.9061616913766377 -0.4229314236154973
    outer loop
      vertex -30.551 11.329831733578766 7.233248106793438
      vertex -28.001 11.329831733578766 7.233248106793438
      vertex -28.001 11.306307255507514 7.2836510318245615
    endloop
  endfacet
  facet normal -1 0 0
    outer loop
      vertex -30.551 11.286129654168972 7.335484614803561
      vertex -30.551 11.269385333149794 7.388526896370482
      vertex -30.551 11.246468330211153 7.497324811291469
    endloop
  endfacet
  facet normal -1 0 0
    outer loop
      vertex -30.551 11.269385333149794 7.388526896370482
      vertex -30.551 11.256145994203218 7.442550741332458
      vertex -30.551 11.246468330211153 7.497324811291469
    endloop
  endfacet
  facet normal -1 0 0
    outer loop
      vertex -30.551 11.286129654168972 7.335484614803561
      vertex -30.551 11.246468330211153 7.497324811291469
      vertex -30.551 11.19789119710115 7.84958851076447
    endloop
  endfacet
  facet normal 0 -0.9536129807839038 -0.3010353515460234
    outer loop
      vertex -30.551 11.286129654168972 7.335484614803561
      vertex -28.001 11.269385333149794 7.388526896370482
      vertex -30.551 11.269385333149794 7.388526896370482
    endloop
  endfacet
  facet normal 0 -0.9712598761913871 -0.23802153873271908
    outer loop
      vertex -30.551 11.269385333149794 7.388526896370482
      vertex -28.001 11.256145994203218 7.442550741332458
      vertex -30.551 11.256145994203218 7.442550741332458
    endloop
  endfacet
  facet normal 0 -0.9847476876984882 -0.17398848114884186
    outer loop
      vertex -30.551 11.256145994203218 7.442550741332458
      vertex -28.001 11.256145994203218 7.442550741332458
      vertex -30.551 11.246468330211153 7.497324811291469
    endloop
  endfacet
  facet normal -1 0 0
    outer loop
      vertex -30.551 11.246468330211153 7.497324811291469
      vertex -30.551 11.203965744895745 7.794298766785055
      vertex -30.551 11.19789119710115 7.84958851076447
    endloop
  endfacet
  facet normal -1 0 0
    outer loop
      vertex -30.551 11.286129654168972 7.335484614803561
      vertex -30.551 11.19789119710115 7.84958851076447
      vertex -30.551 11.201468625099679 8.016179242278103
    endloop
  endfacet
  facet normal 0 -0.9899131849786206 -0.14167528438469182
    outer loop
      vertex -30.551 11.246468330211153 7.497324811291469
      vertex -28.001 11.203965744895745 7.794298766785055
      vertex -30.551 11.203965744895745 7.794298766785055
    endloop
  endfacet
  facet normal 0 -0.9940186584256547 -0.10921037817744998
    outer loop
      vertex -30.551 11.203965744895745 7.794298766785055
      vertex -28.001 11.203965744895745 7.794298766785055
      vertex -30.551 11.19789119710115 7.84958851076447
    endloop
  endfacet
  facet normal 0 -0.931882568191377 -0.3627600847682164
    outer loop
      vertex -30.551 11.286129654168972 7.335484614803561
      vertex -28.001 11.306307255507514 7.2836510318245615
      vertex -28.001 11.286129654168972 7.335484614803561
    endloop
  endfacet
  facet normal 0 -0.9536129807839038 -0.3010353515460234
    outer loop
      vertex -30.551 11.286129654168972 7.335484614803561
      vertex -28.001 11.286129654168972 7.335484614803561
      vertex -28.001 11.269385333149794 7.388526896370482
    endloop
  endfacet
  facet normal 0 -0.9712598761913871 -0.23802153873271908
    outer loop
      vertex -30.551 11.269385333149794 7.388526896370482
      vertex -28.001 11.269385333149794 7.388526896370482
      vertex -28.001 11.256145994203218 7.442550741332458
    endloop
  endfacet
  facet normal 0 -0.9847476876984882 -0.17398848114884186
    outer loop
      vertex -30.551 11.246468330211153 7.497324811291469
      vertex -28.001 11.256145994203218 7.442550741332458
      vertex -28.001 11.246468330211153 7.497324811291469
    endloop
  endfacet
  facet normal 0 -0.9899131849786206 -0.14167528438469182
    outer loop
      vertex -30.551 11.246468330211153 7.497324811291469
      vertex -28.001 11.246468330211153 7.497324811291469
      vertex -28.001 11.203965744895745 7.794298766785055
    endloop
  endfacet
  facet normal 0 -0.9940186584256547 -0.10921037817744998
    outer loop
      vertex -30.551 11.19789119710115 7.84958851076447
      vertex -28.001 11.203965744895745 7.794298766785055
      vertex -28.001 11.19789119710115 7.84958851076447
    endloop
  endfacet
  facet normal 0 -0.9990330886529171 -0.043964619600456105
    outer loop
      vertex -30.551 11.19789119710115 7.84958851076447
      vertex -28.001 11.19789119710115 7.84958851076447
      vertex -28.001 11.19544577765026 7.9051571695923295
    endloop
  endfacet
  facet normal -1 0 0
    outer loop
      vertex -30.551 11.578068981608986 6.937618004849051
      vertex -30.551 11.534677874772875 6.972418403808762
      vertex -30.551 11.493655726617682 7.009982206610813
    endloop
  endfacet
  facet normal -1 0 0
    outer loop
      vertex -30.551 11.578068981608986 6.937618004849051
      vertex -30.551 11.493655726617682 7.009982206610813
      vertex -30.551 11.419410062433723 7.092745463341846
    endloop
  endfacet
  facet normal -1 0 0
    outer loop
      vertex -30.551 11.72055207313556 6.8512244955652974
      vertex -30.551 11.671205493210957 6.876891029611848
      vertex -30.551 11.623643239745022 6.9057300303826805
    endloop
  endfacet
  facet normal -1 0 0
    outer loop
      vertex -30.551 11.82374623793697 6.809834404169125
      vertex -30.551 11.771471669887768 6.828840336282213
      vertex -30.551 11.87715192955744 6.794288085545185
    endloop
  endfacet
  facet normal -1 0 0
    outer loop
      vertex -30.551 11.72055207313556 6.8512244955652974
      vertex -30.551 11.87715192955744 6.794288085545185
      vertex -30.551 11.771471669887768 6.828840336282213
    endloop
  endfacet
  facet normal -1 0 0
    outer loop
      vertex -30.551 11.578068981608986 6.937618004849051
      vertex -30.551 12.041850506214546 6.76899680909548
      vertex -30.551 11.72055207313556 6.8512244955652974
    endloop
  endfacet
  facet normal -1 0 0
    outer loop
      vertex -30.551 11.578068981608986 6.937618004849051
      vertex -30.551 11.72055207313556 6.8512244955652974
      vertex -30.551 11.623643239745022 6.9057300303826805
    endloop
  endfacet
  facet normal -1 0 0
    outer loop
      vertex -30.551 11.286129654168972 7.335484614803561
      vertex -30.551 12.041850506214546 6.76899680909548
      vertex -30.551 11.578068981608986 6.937618004849051
    endloop
  endfacet
  facet normal 0 -0.6256539350135144 -0.7801007329839558
    outer loop
      vertex -30.551 11.578068981608986 6.937618004849051
      vertex -28.001 11.534677874772875 6.972418403808762
      vertex -30.551 11.534677874772875 6.972418403808762
    endloop
  endfacet
  facet normal 0 -0.6753353909644269 -0.7375107522680092
    outer loop
      vertex -30.551 11.534677874772875 6.972418403808762
      vertex -28.001 11.534677874772875 6.972418403808762
      vertex -30.551 11.493655726617682 7.009982206610813
    endloop
  endfacet
  facet normal 0 -0.7221249570919223 -0.6917626372860777
    outer loop
      vertex -30.551 11.493655726617682 7.009982206610813
      vertex -28.001 11.493655726617682 7.009982206610813
      vertex -30.551 11.455178200279647 7.050148559284708
    endloop
  endfacet
  facet normal 0 -0.5184778006429719 -0.8550910888557
    outer loop
      vertex -30.551 11.671205493210957 6.876891029611848
      vertex -28.001 11.671205493210957 6.876891029611848
      vertex -30.551 11.623643239745022 6.9057300303826805
    endloop
  endfacet
  facet normal 0 -0.4614420668847341 -0.8871703437948906
    outer loop
      vertex -30.551 11.72055207313556 6.8512244955652974
      vertex -28.001 11.671205493210957 6.876891029611848
      vertex -30.551 11.671205493210957 6.876891029611848
    endloop
  endfacet
  facet normal 0 -0.3416953992084902 -0.9398107544392915
    outer loop
      vertex -30.551 11.82374623793697 6.809834404169125
      vertex -28.001 11.82374623793697 6.809834404169125
      vertex -30.551 11.771471669887768 6.828840336282213
    endloop
  endfacet
  facet normal 0 -0.2794972389052968 -0.9601464958246295
    outer loop
      vertex -30.551 11.82374623793697 6.809834404169125
      vertex -30.551 11.87715192955744 6.794288085545185
      vertex -28.001 11.82374623793697 6.809834404169125
    endloop
  endfacet
  facet normal 0 -0.4024303673542366 -0.9154505991210745
    outer loop
      vertex -30.551 11.72055207313556 6.8512244955652974
      vertex -30.551 11.771471669887768 6.828840336282213
      vertex -28.001 11.771471669887768 6.828840336282213
    endloop
  endfacet
  facet normal 0 -0.5732933328607032 -0.819350202598051
    outer loop
      vertex -30.551 11.578068981608986 6.937618004849051
      vertex -30.551 11.623643239745022 6.9057300303826805
      vertex -28.001 11.623643239745022 6.9057300303826805
    endloop
  endfacet
  facet normal -1 0 0
    outer loop
      vertex -30.551 11.493655726617682 7.009982206610813
      vertex -30.551 11.455178200279647 7.050148559284708
      vertex -30.551 11.419410062433723 7.092745463341846
    endloop
  endfacet
  facet normal -1 0 0
    outer loop
      vertex -30.551 11.419410062433723 7.092745463341846
      vertex -30.551 11.386504477737395 7.137590512299457
      vertex -30.551 11.356602352956084 7.18449167277317
    endloop
  endfacet
  facet normal -1 0 0
    outer loop
      vertex -30.551 11.286129654168972 7.335484614803561
      vertex -30.551 11.578068981608986 6.937618004849051
      vertex -30.551 11.419410062433723 7.092745463341846
    endloop
  endfacet
  facet normal -1 0 0
    outer loop
      vertex -30.551 11.286129654168972 7.335484614803561
      vertex -30.551 11.419410062433723 7.092745463341846
      vertex -30.551 11.356602352956084 7.18449167277317
    endloop
  endfacet
  facet normal 0 -0.7658222732904505 -0.6430522884900159
    outer loop
      vertex -30.551 11.455178200279647 7.050148559284708
      vertex -28.001 11.455178200279647 7.050148559284708
      vertex -30.551 11.419410062433723 7.092745463341846
    endloop
  endfacet
  facet normal 0 -0.8062402209436229 -0.5915882910713987
    outer loop
      vertex -30.551 11.419410062433723 7.092745463341846
      vertex -28.001 11.386504477737395 7.137590512299457
      vertex -30.551 11.386504477737395 7.137590512299457
    endloop
  endfacet
  facet normal 0 -0.8432057241944206 -0.5375910217681864
    outer loop
      vertex -30.551 11.386504477737395 7.137590512299457
      vertex -28.001 11.386504477737395 7.137590512299457
      vertex -30.551 11.356602352956084 7.18449167277317
    endloop
  endfacet
  facet normal -1 0 0
    outer loop
      vertex -30.551 11.72055207313556 6.8512244955652974
      vertex -30.551 12.041850506214546 6.76899680909548
      vertex -30.551 11.87715192955744 6.794288085545185
    endloop
  endfacet
  facet normal -1 0 0
    outer loop
      vertex -30.551 11.87715192955744 6.794288085545185
      vertex -30.551 12.041850506214546 6.76899680909548
      vertex -30.551 11.931460053378672 6.782267952133454
    endloop
  endfacet
  facet normal -1 0 0
    outer loop
      vertex -30.551 11.931460053378672 6.782267952133454
      vertex -30.551 12.041850506214546 6.76899680909548
      vertex -30.551 11.986438053676924 6.773825475990567
    endloop
  endfacet
  facet normal -1 0 0
    outer loop
      vertex -30.551 12.041850506214546 6.76899680909548
      vertex -30.551 12.20831852916997 6.776322595786633
      vertex -30.551 12.097460126362698 6.767802628541148
    endloop
  endfacet
  facet normal -1 0 0
    outer loop
      vertex -30.551 12.097460126362698 6.767802628541148
      vertex -30.551 12.20831852916997 6.776322595786633
      vertex -30.551 12.153028785190557 6.7702480479920375
    endloop
  endfacet
  facet normal 0 -0.21610222851592484 -0.9763707425104722
    outer loop
      vertex -30.551 11.87715192955744 6.794288085545185
      vertex -30.551 11.931460053378672 6.782267952133454
      vertex -28.001 11.87715192955744 6.794288085545185
    endloop
  endfacet
  facet normal 0 -0.15178183520740138 -0.9884140197817275
    outer loop
      vertex -30.551 11.931460053378672 6.782267952133454
      vertex -30.551 11.986438053676924 6.773825475990567
      vertex -28.001 11.986438053676924 6.773825475990567
    endloop
  endfacet
  facet normal 0 -0.08681148877857549 -0.9962247564761917
    outer loop
      vertex -30.551 11.986438053676924 6.773825475990567
      vertex -30.551 12.041850506214546 6.76899680909548
      vertex -28.001 11.986438053676924 6.773825475990567
    endloop
  endfacet
  facet normal 0 -0.021469402227243705 -0.9997695058202188
    outer loop
      vertex -30.551 12.041850506214546 6.76899680909548
      vertex -30.551 12.097460126362698 6.767802628541148
      vertex -28.001 12.041850506214546 6.76899680909548
    endloop
  endfacet
  facet normal 0 0.04396461960045681 -0.9990330886529171
    outer loop
      vertex -30.551 12.097460126362698 6.767802628541148
      vertex -30.551 12.153028785190557 6.7702480479920375
      vertex -28.001 12.097460126362698 6.767802628541148
    endloop
  endfacet
  facet normal 0 0.10921037817745169 -0.9940186584256544
    outer loop
      vertex -30.551 12.153028785190557 6.7702480479920375
      vertex -30.551 12.20831852916997 6.776322595786633
      vertex -28.001 12.153028785190557 6.7702480479920375
    endloop
  endfacet
  facet normal 0 -0.6256539350135144 -0.7801007329839558
    outer loop
      vertex -30.551 11.578068981608986 6.937618004849051
      vertex -28.001 11.578068981608986 6.937618004849051
      vertex -28.001 11.534677874772875 6.972418403808762
    endloop
  endfacet
  facet normal 0 -0.5732933328607032 -0.819350202598051
    outer loop
      vertex -30.551 11.578068981608986 6.937618004849051
      vertex -28.001 11.623643239745022 6.9057300303826805
      vertex -28.001 11.578068981608986 6.937618004849051
    endloop
  endfacet
  facet normal 0 -0.6753353909644269 -0.7375107522680092
    outer loop
      vertex -30.551 11.493655726617682 7.009982206610813
      vertex -28.001 11.534677874772875 6.972418403808762
      vertex -28.001 11.493655726617682 7.009982206610813
    endloop
  endfacet
  facet normal 0 -0.4614420668847341 -0.8871703437948906
    outer loop
      vertex -30.551 11.72055207313556 6.8512244955652974
      vertex -28.001 11.72055207313556 6.8512244955652974
      vertex -28.001 11.671205493210957 6.876891029611848
    endloop
  endfacet
  facet normal 0 -0.2794972389052968 -0.9601464958246295
    outer loop
      vertex -30.551 11.87715192955744 6.794288085545185
      vertex -28.001 11.87715192955744 6.794288085545185
      vertex -28.001 11.82374623793697 6.809834404169125
    endloop
  endfacet
  facet normal 0 -0.4024303673542366 -0.9154505991210745
    outer loop
      vertex -30.551 11.72055207313556 6.8512244955652974
      vertex -28.001 11.771471669887768 6.828840336282213
      vertex -28.001 11.72055207313556 6.8512244955652974
    endloop
  endfacet
  facet normal 0 -0.3416953992084902 -0.9398107544392915
    outer loop
      vertex -30.551 11.771471669887768 6.828840336282213
      vertex -28.001 11.82374623793697 6.809834404169125
      vertex -28.001 11.771471669887768 6.828840336282213
    endloop
  endfacet
  facet normal 0 -0.5184778006429719 -0.8550910888557
    outer loop
      vertex -30.551 11.623643239745022 6.9057300303826805
      vertex -28.001 11.671205493210957 6.876891029611848
      vertex -28.001 11.623643239745022 6.9057300303826805
    endloop
  endfacet
  facet normal 0 -0.7221249570919223 -0.6917626372860777
    outer loop
      vertex -30.551 11.455178200279647 7.050148559284708
      vertex -28.001 11.493655726617682 7.009982206610813
      vertex -28.001 11.455178200279647 7.050148559284708
    endloop
  endfacet
  facet normal 0 -0.7658222732904505 -0.6430522884900159
    outer loop
      vertex -30.551 11.419410062433723 7.092745463341846
      vertex -28.001 11.455178200279647 7.050148559284708
      vertex -28.001 11.419410062433723 7.092745463341846
    endloop
  endfacet
  facet normal 0 -0.8432057241944206 -0.5375910217681864
    outer loop
      vertex -30.551 11.356602352956084 7.18449167277317
      vertex -28.001 11.386504477737395 7.137590512299457
      vertex -28.001 11.356602352956084 7.18449167277317
    endloop
  endfacet
  facet normal 0 -0.8062402209436229 -0.5915882910713987
    outer loop
      vertex -30.551 11.419410062433723 7.092745463341846
      vertex -28.001 11.419410062433723 7.092745463341846
      vertex -28.001 11.386504477737395 7.137590512299457
    endloop
  endfacet
  facet normal 0 -0.876560491082946 -0.48129170517724995
    outer loop
      vertex -30.551 11.356602352956084 7.18449167277317
      vertex -28.001 11.356602352956084 7.18449167277317
      vertex -28.001 11.329831733578766 7.233248106793438
    endloop
  endfacet
  facet normal 0 -0.21610222851592484 -0.9763707425104722
    outer loop
      vertex -30.551 11.931460053378672 6.782267952133454
      vertex -28.001 11.931460053378672 6.782267952133454
      vertex -28.001 11.87715192955744 6.794288085545185
    endloop
  endfacet
  facet normal 0 -0.15178183520740138 -0.9884140197817275
    outer loop
      vertex -30.551 11.931460053378672 6.782267952133454
      vertex -28.001 11.986438053676924 6.773825475990567
      vertex -28.001 11.931460053378672 6.782267952133454
    endloop
  endfacet
  facet normal 0 -0.08681148877857549 -0.9962247564761917
    outer loop
      vertex -30.551 12.041850506214546 6.76899680909548
      vertex -28.001 12.041850506214546 6.76899680909548
      vertex -28.001 11.986438053676924 6.773825475990567
    endloop
  endfacet
  facet normal 0 -0.021469402227243705 -0.9997695058202188
    outer loop
      vertex -30.551 12.097460126362698 6.767802628541148
      vertex -28.001 12.097460126362698 6.767802628541148
      vertex -28.001 12.041850506214546 6.76899680909548
    endloop
  endfacet
  facet normal 0 0.04396461960045681 -0.9990330886529171
    outer loop
      vertex -30.551 12.153028785190557 6.7702480479920375
      vertex -28.001 12.153028785190557 6.7702480479920375
      vertex -28.001 12.097460126362698 6.767802628541148
    endloop
  endfacet
  facet normal 0 0.10921037817745169 -0.9940186584256544
    outer loop
      vertex -30.551 12.20831852916997 6.776322595786633
      vertex -28.001 12.20831852916997 6.776322595786633
      vertex -28.001 12.153028785190557 6.7702480479920375
    endloop
  endfacet
  facet normal -1 0 0
    outer loop
      vertex -30.551 11.286129654168972 7.335484614803561
      vertex -30.551 11.400061552917872 8.467939421182153
      vertex -30.551 12.041850506214546 6.76899680909548
    endloop
  endfacet
  facet normal 1 0 0
    outer loop
      vertex -28.001 11.329831733578766 7.233248106793438
      vertex -28.001 11.386504477737395 7.137590512299457
      vertex -28.001 11.306307255507514 7.2836510318245615
    endloop
  endfacet
  facet normal 1 0 0
    outer loop
      vertex -28.001 11.306307255507514 7.2836510318245615
      vertex -28.001 11.256145994203218 7.442550741332458
      vertex -28.001 11.286129654168972 7.335484614803561
    endloop
  endfacet
  facet normal 1 0 0
    outer loop
      vertex -28.001 11.286129654168972 7.335484614803561
      vertex -28.001 11.256145994203218 7.442550741332458
      vertex -28.001 11.269385333149794 7.388526896370482
    endloop
  endfacet
  facet normal 1 0 0
    outer loop
      vertex -28.001 11.306307255507514 7.2836510318245615
      vertex -28.001 11.19544577765026 7.9051571695923295
      vertex -28.001 11.256145994203218 7.442550741332458
    endloop
  endfacet
  facet normal 1 0 0
    outer loop
      vertex -28.001 11.256145994203218 7.442550741332458
      vertex -28.001 11.203965744895745 7.794298766785055
      vertex -28.001 11.246468330211153 7.497324811291469
    endloop
  endfacet
  facet normal 1 0 0
    outer loop
      vertex -28.001 11.256145994203218 7.442550741332458
      vertex -28.001 11.19544577765026 7.9051571695923295
      vertex -28.001 11.203965744895745 7.794298766785055
    endloop
  endfacet
  facet normal 1 0 0
    outer loop
      vertex -28.001 11.203965744895745 7.794298766785055
      vertex -28.001 11.19544577765026 7.9051571695923295
      vertex -28.001 11.19789119710115 7.84958851076447
    endloop
  endfacet
  facet normal 1 0 0
    outer loop
      vertex -28.001 11.578068981608986 6.937618004849051
      vertex -28.001 11.623643239745022 6.9057300303826805
      vertex -28.001 11.493655726617682 7.009982206610813
    endloop
  endfacet
  facet normal 1 0 0
    outer loop
      vertex -28.001 11.578068981608986 6.937618004849051
      vertex -28.001 11.493655726617682 7.009982206610813
      vertex -28.001 11.534677874772875 6.972418403808762
    endloop
  endfacet
  facet normal 1 0 0
    outer loop
      vertex -28.001 11.72055207313556 6.8512244955652974
      vertex -28.001 11.623643239745022 6.9057300303826805
      vertex -28.001 11.671205493210957 6.876891029611848
    endloop
  endfacet
  facet normal 1 0 0
    outer loop
      vertex -28.001 11.82374623793697 6.809834404169125
      vertex -28.001 11.87715192955744 6.794288085545185
      vertex -28.001 11.771471669887768 6.828840336282213
    endloop
  endfacet
  facet normal 1 0 0
    outer loop
      vertex -28.001 11.72055207313556 6.8512244955652974
      vertex -28.001 11.87715192955744 6.794288085545185
      vertex -28.001 11.623643239745022 6.9057300303826805
    endloop
  endfacet
  facet normal 1 0 0
    outer loop
      vertex -28.001 11.72055207313556 6.8512244955652974
      vertex -28.001 11.771471669887768 6.828840336282213
      vertex -28.001 11.87715192955744 6.794288085545185
    endloop
  endfacet
  facet normal 1 0 0
    outer loop
      vertex -28.001 11.493655726617682 7.009982206610813
      vertex -28.001 11.419410062433723 7.092745463341846
      vertex -28.001 11.455178200279647 7.050148559284708
    endloop
  endfacet
  facet normal 1 0 0
    outer loop
      vertex -28.001 11.493655726617682 7.009982206610813
      vertex -28.001 11.386504477737395 7.137590512299457
      vertex -28.001 11.419410062433723 7.092745463341846
    endloop
  endfacet
  facet normal 1 0 0
    outer loop
      vertex -28.001 11.306307255507514 7.2836510318245615
      vertex -28.001 11.386504477737395 7.137590512299457
      vertex -28.001 11.493655726617682 7.009982206610813
    endloop
  endfacet
  facet normal 1 0 0
    outer loop
      vertex -28.001 11.306307255507514 7.2836510318245615
      vertex -28.001 11.493655726617682 7.009982206610813
      vertex -28.001 11.623643239745022 6.9057300303826805
    endloop
  endfacet
  facet normal 1 0 0
    outer loop
      vertex -28.001 11.329831733578766 7.233248106793438
      vertex -28.001 11.356602352956084 7.18449167277317
      vertex -28.001 11.386504477737395 7.137590512299457
    endloop
  endfacet
  facet normal 1 0 0
    outer loop
      vertex -28.001 11.87715192955744 6.794288085545185
      vertex -28.001 11.931460053378672 6.782267952133454
      vertex -28.001 11.986438053676924 6.773825475990567
    endloop
  endfacet
  facet normal 1 0 0
    outer loop
      vertex -28.001 11.623643239745022 6.9057300303826805
      vertex -28.001 11.87715192955744 6.794288085545185
      vertex -28.001 12.153028785190557 6.7702480479920375
    endloop
  endfacet
  facet normal 1 0 0
    outer loop
      vertex -28.001 11.87715192955744 6.794288085545185
      vertex -28.001 11.986438053676924 6.773825475990567
      vertex -28.001 12.153028785190557 6.7702480479920375
    endloop
  endfacet
  facet normal 1 0 0
    outer loop
      vertex -28.001 11.986438053676924 6.773825475990567
      vertex -28.001 12.041850506214546 6.76899680909548
      vertex -28.001 12.153028785190557 6.7702480479920375
    endloop
  endfacet
  facet normal 1 0 0
    outer loop
      vertex -28.001 12.041850506214546 6.76899680909548
      vertex -28.001 12.097460126362698 6.767802628541148
      vertex -28.001 12.153028785190557 6.7702480479920375
    endloop
  endfacet
  facet normal 1 0 0
    outer loop
      vertex -28.001 11.306307255507514 7.2836510318245615
      vertex -28.001 11.623643239745022 6.9057300303826805
      vertex -28.001 11.19544577765026 7.9051571695923295
    endloop
  endfacet
  facet normal 1 0 0
    outer loop
      vertex -28.001 11.623643239745022 6.9057300303826805
      vertex -28.001 11.612134821882282 8.646014942998942
      vertex -28.001 11.19544577765026 7.9051571695923295
    endloop
  endfacet
  facet normal -1 0 0
    outer loop
      vertex -30.551 11.19789119710115 7.84958851076447
      vertex -30.551 11.19544577765026 7.9051571695923295
      vertex -30.551 11.196639958204592 7.960766789740481
    endloop
  endfacet
  facet normal -1 0 0
    outer loop
      vertex -30.551 11.19789119710115 7.84958851076447
      vertex -30.551 11.196639958204592 7.960766789740481
      vertex -30.551 11.201468625099679 8.016179242278103
    endloop
  endfacet
  facet normal -1 0 0
    outer loop
      vertex -30.551 11.286129654168972 7.335484614803561
      vertex -30.551 11.201468625099679 8.016179242278103
      vertex -30.551 11.400061552917872 8.467939421182153
    endloop
  endfacet
  facet normal -1 0 0
    outer loop
      vertex -30.551 11.201468625099679 8.016179242278103
      vertex -30.551 11.209911101242566 8.071157242576355
      vertex -30.551 11.221931234654296 8.125465366397586
    endloop
  endfacet
  facet normal -1 0 0
    outer loop
      vertex -30.551 11.201468625099679 8.016179242278103
      vertex -30.551 11.221931234654296 8.125465366397586
      vertex -30.551 11.256483485391325 8.231145626067258
    endloop
  endfacet
  facet normal 0 -0.9990330886529171 -0.043964619600456105
    outer loop
      vertex -30.551 11.19789119710115 7.84958851076447
      vertex -28.001 11.19544577765026 7.9051571695923295
      vertex -30.551 11.19544577765026 7.9051571695923295
    endloop
  endfacet
  facet normal 0 -0.9997695058202188 0.021469402227244045
    outer loop
      vertex -30.551 11.19544577765026 7.9051571695923295
      vertex -28.001 11.19544577765026 7.9051571695923295
      vertex -30.551 11.196639958204592 7.960766789740481
    endloop
  endfacet
  facet normal 0 -0.9962247564761931 0.08681148877855964
    outer loop
      vertex -30.551 11.196639958204592 7.960766789740481
      vertex -28.001 11.201468625099679 8.016179242278103
      vertex -30.551 11.201468625099679 8.016179242278103
    endloop
  endfacet
  facet normal 0 -0.9884140197817252 0.15178183520741698
    outer loop
      vertex -30.551 11.201468625099679 8.016179242278103
      vertex -28.001 11.201468625099679 8.016179242278103
      vertex -30.551 11.209911101242566 8.071157242576355
    endloop
  endfacet
  facet normal 0 -0.9763707425104791 0.21610222851589442
    outer loop
      vertex -30.551 11.209911101242566 8.071157242576355
      vertex -28.001 11.221931234654296 8.125465366397586
      vertex -30.551 11.221931234654296 8.125465366397586
    endloop
  endfacet
  facet normal -1 0 0
    outer loop
      vertex -30.551 11.221931234654296 8.125465366397586
      vertex -30.551 11.237477553278238 8.178871058018057
      vertex -30.551 11.256483485391325 8.231145626067258
    endloop
  endfacet
  facet normal -1 0 0
    outer loop
      vertex -30.551 11.201468625099679 8.016179242278103
      vertex -30.551 11.256483485391325 8.231145626067258
      vertex -30.551 11.400061552917872 8.467939421182153
    endloop
  endfacet
  facet normal -1 0 0
    outer loop
      vertex -30.551 11.256483485391325 8.231145626067258
      vertex -30.551 11.27886764467441 8.282065222819467
      vertex -30.551 11.30453417872096 8.33141180274407
    endloop
  endfacet
  facet normal -1 0 0
    outer loop
      vertex -30.551 11.256483485391325 8.231145626067258
      vertex -30.551 11.30453417872096 8.33141180274407
      vertex -30.551 11.400061552917872 8.467939421182153
    endloop
  endfacet
  facet normal -1 0 0
    outer loop
      vertex -30.551 11.30453417872096 8.33141180274407
      vertex -30.551 11.333373179491792 8.378974056210005
      vertex -30.551 11.365261153958162 8.42454831434604
    endloop
  endfacet
  facet normal 0 -0.9601464958246211 0.27949723890532624
    outer loop
      vertex -30.551 11.221931234654296 8.125465366397586
      vertex -28.001 11.237477553278238 8.178871058018057
      vertex -30.551 11.237477553278238 8.178871058018057
    endloop
  endfacet
  facet normal 0 -0.9398107544392967 0.34169539920847614
    outer loop
      vertex -30.551 11.237477553278238 8.178871058018057
      vertex -28.001 11.237477553278238 8.178871058018057
      vertex -30.551 11.256483485391325 8.231145626067258
    endloop
  endfacet
  facet normal 0 -0.9154505991210685 0.40243036735425
    outer loop
      vertex -30.551 11.256483485391325 8.231145626067258
      vertex -28.001 11.256483485391325 8.231145626067258
      vertex -30.551 11.27886764467441 8.282065222819467
    endloop
  endfacet
  facet normal 0 -0.8871703437948906 0.4614420668847341
    outer loop
      vertex -30.551 11.27886764467441 8.282065222819467
      vertex -28.001 11.30453417872096 8.33141180274407
      vertex -30.551 11.30453417872096 8.33141180274407
    endloop
  endfacet
  facet normal 0 -0.8550910888557071 0.5184778006429601
    outer loop
      vertex -30.551 11.30453417872096 8.33141180274407
      vertex -28.001 11.333373179491792 8.378974056210005
      vertex -30.551 11.333373179491792 8.378974056210005
    endloop
  endfacet
  facet normal 0 -0.9997695058202188 0.021469402227244045
    outer loop
      vertex -30.551 11.196639958204592 7.960766789740481
      vertex -28.001 11.19544577765026 7.9051571695923295
      vertex -28.001 11.196639958204592 7.960766789740481
    endloop
  endfacet
  facet normal 0 -0.9962247564761931 0.08681148877855964
    outer loop
      vertex -30.551 11.196639958204592 7.960766789740481
      vertex -28.001 11.196639958204592 7.960766789740481
      vertex -28.001 11.201468625099679 8.016179242278103
    endloop
  endfacet
  facet normal 0 -0.9884140197817252 0.15178183520741698
    outer loop
      vertex -30.551 11.209911101242566 8.071157242576355
      vertex -28.001 11.201468625099679 8.016179242278103
      vertex -28.001 11.209911101242566 8.071157242576355
    endloop
  endfacet
  facet normal 0 -0.9763707425104791 0.21610222851589442
    outer loop
      vertex -30.551 11.209911101242566 8.071157242576355
      vertex -28.001 11.209911101242566 8.071157242576355
      vertex -28.001 11.221931234654296 8.125465366397586
    endloop
  endfacet
  facet normal 0 -0.9601464958246211 0.27949723890532624
    outer loop
      vertex -30.551 11.221931234654296 8.125465366397586
      vertex -28.001 11.221931234654296 8.125465366397586
      vertex -28.001 11.237477553278238 8.178871058018057
    endloop
  endfacet
  facet normal 0 -0.9398107544392967 0.34169539920847614
    outer loop
      vertex -30.551 11.256483485391325 8.231145626067258
      vertex -28.001 11.237477553278238 8.178871058018057
      vertex -28.001 11.256483485391325 8.231145626067258
    endloop
  endfacet
  facet normal 0 -0.9154505991210685 0.40243036735425
    outer loop
      vertex -30.551 11.27886764467441 8.282065222819467
      vertex -28.001 11.256483485391325 8.231145626067258
      vertex -28.001 11.27886764467441 8.282065222819467
    endloop
  endfacet
  facet normal 0 -0.8871703437948906 0.4614420668847341
    outer loop
      vertex -30.551 11.27886764467441 8.282065222819467
      vertex -28.001 11.27886764467441 8.282065222819467
      vertex -28.001 11.30453417872096 8.33141180274407
    endloop
  endfacet
  facet normal 0 -0.8550910888557071 0.5184778006429601
    outer loop
      vertex -30.551 11.30453417872096 8.33141180274407
      vertex -28.001 11.30453417872096 8.33141180274407
      vertex -28.001 11.333373179491792 8.378974056210005
    endloop
  endfacet
  facet normal -1 0 0
    outer loop
      vertex -30.551 11.30453417872096 8.33141180274407
      vertex -30.551 11.365261153958162 8.42454831434604
      vertex -30.551 11.400061552917872 8.467939421182153
    endloop
  endfacet
  facet normal 0 -0.819350202598051 0.5732933328607032
    outer loop
      vertex -30.551 11.333373179491792 8.378974056210005
      vertex -28.001 11.333373179491792 8.378974056210005
      vertex -30.551 11.365261153958162 8.42454831434604
    endloop
  endfacet
  facet normal 0 -0.819350202598051 0.5732933328607032
    outer loop
      vertex -30.551 11.365261153958162 8.42454831434604
      vertex -28.001 11.333373179491792 8.378974056210005
      vertex -28.001 11.365261153958162 8.42454831434604
    endloop
  endfacet
  facet normal -1 0 0
    outer loop
      vertex -30.551 11.400061552917872 8.467939421182153
      vertex -30.551 11.437625355719925 8.508961569337345
      vertex -30.551 11.47779170839382 8.54743909567538
    endloop
  endfacet
  facet normal -1 0 0
    outer loop
      vertex -30.551 11.400061552917872 8.467939421182153
      vertex -30.551 11.47779170839382 8.54743909567538
      vertex -30.551 11.612134821882282 8.646014942998942
    endloop
  endfacet
  facet normal -1 0 0
    outer loop
      vertex -30.551 11.47779170839382 8.54743909567538
      vertex -30.551 11.520388612450958 8.583207233521303
      vertex -30.551 11.612134821882282 8.646014942998942
    endloop
  endfacet
  facet normal -1 0 0
    outer loop
      vertex -30.551 11.520388612450958 8.583207233521303
      vertex -30.551 11.56523366140857 8.616112818217633
      vertex -30.551 11.612134821882282 8.646014942998942
    endloop
  endfacet
  facet normal -1 0 0
    outer loop
      vertex -30.551 11.400061552917872 8.467939421182153
      vertex -30.551 11.612134821882282 8.646014942998942
      vertex -30.551 11.87019389044157 8.746471301751809
    endloop
  endfacet
  facet normal -1 0 0
    outer loop
      vertex -30.551 11.612134821882282 8.646014942998942
      vertex -30.551 11.660891255902548 8.67278556237626
      vertex -30.551 11.87019389044157 8.746471301751809
    endloop
  endfacet
  facet normal -1 0 0
    outer loop
      vertex -30.551 11.660891255902548 8.67278556237626
      vertex -30.551 11.711294180933674 8.696310040447512
      vertex -30.551 11.763127763912673 8.716487641786054
    endloop
  endfacet
  facet normal -1 0 0
    outer loop
      vertex -30.551 11.660891255902548 8.67278556237626
      vertex -30.551 11.763127763912673 8.716487641786054
      vertex -30.551 11.87019389044157 8.746471301751809
    endloop
  endfacet
  facet normal 0 -0.7801007329839761 0.6256539350134891
    outer loop
      vertex -30.551 11.365261153958162 8.42454831434604
      vertex -28.001 11.365261153958162 8.42454831434604
      vertex -30.551 11.400061552917872 8.467939421182153
    endloop
  endfacet
  facet normal 0 -0.7375107522679786 0.6753353909644602
    outer loop
      vertex -30.551 11.400061552917872 8.467939421182153
      vertex -28.001 11.437625355719925 8.508961569337345
      vertex -30.551 11.437625355719925 8.508961569337345
    endloop
  endfacet
  facet normal 0 -0.6917626372860857 0.7221249570919146
    outer loop
      vertex -30.551 11.437625355719925 8.508961569337345
      vertex -28.001 11.437625355719925 8.508961569337345
      vertex -30.551 11.47779170839382 8.54743909567538
    endloop
  endfacet
  facet normal 0 -0.6430522884900081 0.765822273290457
    outer loop
      vertex -30.551 11.47779170839382 8.54743909567538
      vertex -28.001 11.520388612450958 8.583207233521303
      vertex -30.551 11.520388612450958 8.583207233521303
    endloop
  endfacet
  facet normal 0 -0.5915882910714194 0.8062402209436078
    outer loop
      vertex -30.551 11.520388612450958 8.583207233521303
      vertex -28.001 11.520388612450958 8.583207233521303
      vertex -30.551 11.56523366140857 8.616112818217633
    endloop
  endfacet
  facet normal 0 -0.5375910217681636 0.8432057241944352
    outer loop
      vertex -30.551 11.56523366140857 8.616112818217633
      vertex -28.001 11.612134821882282 8.646014942998942
      vertex -30.551 11.612134821882282 8.646014942998942
    endloop
  endfacet
  facet normal 0 -0.4812917051772634 0.8765604910829385
    outer loop
      vertex -30.551 11.612134821882282 8.646014942998942
      vertex -28.001 11.612134821882282 8.646014942998942
      vertex -30.551 11.660891255902548 8.67278556237626
    endloop
  endfacet
  facet normal 0 -0.422931423615485 0.9061616913766434
    outer loop
      vertex -30.551 11.660891255902548 8.67278556237626
      vertex -28.001 11.711294180933674 8.696310040447512
      vertex -30.551 11.711294180933674 8.696310040447512
    endloop
  endfacet
  facet normal 0 -0.3627600847682218 0.9318825681913748
    outer loop
      vertex -30.551 11.711294180933674 8.696310040447512
      vertex -28.001 11.711294180933674 8.696310040447512
      vertex -30.551 11.763127763912673 8.716487641786054
    endloop
  endfacet
  facet normal -1 0 0
    outer loop
      vertex -30.551 11.763127763912673 8.716487641786054
      vertex -30.551 11.816170045479595 8.733231962805233
      vertex -30.551 11.87019389044157 8.746471301751809
    endloop
  endfacet
  facet normal 0 -0.30103535154601885 0.9536129807839052
    outer loop
      vertex -30.551 11.763127763912673 8.716487641786054
      vertex -28.001 11.816170045479595 8.733231962805233
      vertex -30.551 11.816170045479595 8.733231962805233
    endloop
  endfacet
  facet normal 0 -0.2380215387327228 0.9712598761913863
    outer loop
      vertex -30.551 11.816170045479595 8.733231962805233
      vertex -28.001 11.87019389044157 8.746471301751809
      vertex -30.551 11.87019389044157 8.746471301751809
    endloop
  endfacet
  facet normal 0 -0.17398848114884186 0.9847476876984882
    outer loop
      vertex -30.551 11.87019389044157 8.746471301751809
      vertex -28.001 11.87019389044157 8.746471301751809
      vertex -30.551 11.924967960400581 8.756148965743874
    endloop
  endfacet
  facet normal 0 -0.7801007329839761 0.6256539350134891
    outer loop
      vertex -30.551 11.400061552917872 8.467939421182153
      vertex -28.001 11.365261153958162 8.42454831434604
      vertex -28.001 11.400061552917872 8.467939421182153
    endloop
  endfacet
  facet normal 0 -0.7375107522679786 0.6753353909644602
    outer loop
      vertex -30.551 11.400061552917872 8.467939421182153
      vertex -28.001 11.400061552917872 8.467939421182153
      vertex -28.001 11.437625355719925 8.508961569337345
    endloop
  endfacet
  facet normal 0 -0.6917626372860857 0.7221249570919146
    outer loop
      vertex -30.551 11.47779170839382 8.54743909567538
      vertex -28.001 11.437625355719925 8.508961569337345
      vertex -28.001 11.47779170839382 8.54743909567538
    endloop
  endfacet
  facet normal 0 -0.6430522884900081 0.765822273290457
    outer loop
      vertex -30.551 11.47779170839382 8.54743909567538
      vertex -28.001 11.47779170839382 8.54743909567538
      vertex -28.001 11.520388612450958 8.583207233521303
    endloop
  endfacet
  facet normal 0 -0.5915882910714194 0.8062402209436078
    outer loop
      vertex -30.551 11.56523366140857 8.616112818217633
      vertex -28.001 11.520388612450958 8.583207233521303
      vertex -28.001 11.56523366140857 8.616112818217633
    endloop
  endfacet
  facet normal 0 -0.5375910217681636 0.8432057241944352
    outer loop
      vertex -30.551 11.56523366140857 8.616112818217633
      vertex -28.001 11.56523366140857 8.616112818217633
      vertex -28.001 11.612134821882282 8.646014942998942
    endloop
  endfacet
  facet normal 0 -0.4812917051772634 0.8765604910829385
    outer loop
      vertex -30.551 11.660891255902548 8.67278556237626
      vertex -28.001 11.612134821882282 8.646014942998942
      vertex -28.001 11.660891255902548 8.67278556237626
    endloop
  endfacet
  facet normal 0 -0.422931423615485 0.9061616913766434
    outer loop
      vertex -30.551 11.660891255902548 8.67278556237626
      vertex -28.001 11.660891255902548 8.67278556237626
      vertex -28.001 11.711294180933674 8.696310040447512
    endloop
  endfacet
  facet normal 0 -0.3627600847682218 0.9318825681913748
    outer loop
      vertex -30.551 11.763127763912673 8.716487641786054
      vertex -28.001 11.711294180933674 8.696310040447512
      vertex -28.001 11.763127763912673 8.716487641786054
    endloop
  endfacet
  facet normal 0 -0.30103535154601885 0.9536129807839052
    outer loop
      vertex -30.551 11.763127763912673 8.716487641786054
      vertex -28.001 11.763127763912673 8.716487641786054
      vertex -28.001 11.816170045479595 8.733231962805233
    endloop
  endfacet
  facet normal 0 -0.2380215387327228 0.9712598761913863
    outer loop
      vertex -30.551 11.816170045479595 8.733231962805233
      vertex -28.001 11.816170045479595 8.733231962805233
      vertex -28.001 11.87019389044157 8.746471301751809
    endloop
  endfacet
  facet normal 0 -0.17398848114884186 0.9847476876984882
    outer loop
      vertex -30.551 11.924967960400581 8.756148965743874
      vertex -28.001 11.87019389044157 8.746471301751809
      vertex -28.001 11.924967960400581 8.756148965743874
    endloop
  endfacet
  facet normal 1 0 0
    outer loop
      vertex -28.001 11.19544577765026 7.9051571695923295
      vertex -28.001 11.201468625099679 8.016179242278103
      vertex -28.001 11.196639958204592 7.960766789740481
    endloop
  endfacet
  facet normal 1 0 0
    outer loop
      vertex -28.001 11.19544577765026 7.9051571695923295
      vertex -28.001 11.221931234654296 8.125465366397586
      vertex -28.001 11.201468625099679 8.016179242278103
    endloop
  endfacet
  facet normal 1 0 0
    outer loop
      vertex -28.001 11.201468625099679 8.016179242278103
      vertex -28.001 11.221931234654296 8.125465366397586
      vertex -28.001 11.209911101242566 8.071157242576355
    endloop
  endfacet
  facet normal 1 0 0
    outer loop
      vertex -28.001 11.19544577765026 7.9051571695923295
      vertex -28.001 11.30453417872096 8.33141180274407
      vertex -28.001 11.221931234654296 8.125465366397586
    endloop
  endfacet
  facet normal 1 0 0
    outer loop
      vertex -28.001 11.221931234654296 8.125465366397586
      vertex -28.001 11.256483485391325 8.231145626067258
      vertex -28.001 11.237477553278238 8.178871058018057
    endloop
  endfacet
  facet normal 1 0 0
    outer loop
      vertex -28.001 11.221931234654296 8.125465366397586
      vertex -28.001 11.30453417872096 8.33141180274407
      vertex -28.001 11.256483485391325 8.231145626067258
    endloop
  endfacet
  facet normal 1 0 0
    outer loop
      vertex -28.001 11.256483485391325 8.231145626067258
      vertex -28.001 11.30453417872096 8.33141180274407
      vertex -28.001 11.27886764467441 8.282065222819467
    endloop
  endfacet
  facet normal 1 0 0
    outer loop
      vertex -28.001 11.30453417872096 8.33141180274407
      vertex -28.001 11.365261153958162 8.42454831434604
      vertex -28.001 11.333373179491792 8.378974056210005
    endloop
  endfacet
  facet normal 1 0 0
    outer loop
      vertex -28.001 11.19544577765026 7.9051571695923295
      vertex -28.001 11.612134821882282 8.646014942998942
      vertex -28.001 11.30453417872096 8.33141180274407
    endloop
  endfacet
  facet normal 1 0 0
    outer loop
      vertex -28.001 11.30453417872096 8.33141180274407
      vertex -28.001 11.437625355719925 8.508961569337345
      vertex -28.001 11.365261153958162 8.42454831434604
    endloop
  endfacet
  facet normal 1 0 0
    outer loop
      vertex -28.001 11.365261153958162 8.42454831434604
      vertex -28.001 11.437625355719925 8.508961569337345
      vertex -28.001 11.400061552917872 8.467939421182153
    endloop
  endfacet
  facet normal 1 0 0
    outer loop
      vertex -28.001 11.30453417872096 8.33141180274407
      vertex -28.001 11.612134821882282 8.646014942998942
      vertex -28.001 11.437625355719925 8.508961569337345
    endloop
  endfacet
  facet normal 1 0 0
    outer loop
      vertex -28.001 11.437625355719925 8.508961569337345
      vertex -28.001 11.520388612450958 8.583207233521303
      vertex -28.001 11.47779170839382 8.54743909567538
    endloop
  endfacet
  facet normal 1 0 0
    outer loop
      vertex -28.001 11.437625355719925 8.508961569337345
      vertex -28.001 11.612134821882282 8.646014942998942
      vertex -28.001 11.520388612450958 8.583207233521303
    endloop
  endfacet
  facet normal 1 0 0
    outer loop
      vertex -28.001 11.520388612450958 8.583207233521303
      vertex -28.001 11.612134821882282 8.646014942998942
      vertex -28.001 11.56523366140857 8.616112818217633
    endloop
  endfacet
  facet normal 1 0 0
    outer loop
      vertex -28.001 11.612134821882282 8.646014942998942
      vertex -28.001 11.763127763912673 8.716487641786054
      vertex -28.001 11.660891255902548 8.67278556237626
    endloop
  endfacet
  facet normal 1 0 0
    outer loop
      vertex -28.001 11.660891255902548 8.67278556237626
      vertex -28.001 11.763127763912673 8.716487641786054
      vertex -28.001 11.711294180933674 8.696310040447512
    endloop
  endfacet
  facet normal 1 0 0
    outer loop
      vertex -28.001 11.612134821882282 8.646014942998942
      vertex -28.001 11.924967960400581 8.756148965743874
      vertex -28.001 11.763127763912673 8.716487641786054
    endloop
  endfacet
  facet normal 1 0 0
    outer loop
      vertex -28.001 11.763127763912673 8.716487641786054
      vertex -28.001 11.924967960400581 8.756148965743874
      vertex -28.001 11.816170045479595 8.733231962805233
    endloop
  endfacet
  facet normal 1 0 0
    outer loop
      vertex -28.001 11.816170045479595 8.733231962805233
      vertex -28.001 11.924967960400581 8.756148965743874
      vertex -28.001 11.87019389044157 8.746471301751809
    endloop
  endfacet
  facet normal -1 0 0
    outer loop
      vertex -30.551 12.041850506214546 6.76899680909548
      vertex -30.551 15.475032039599418 7.243851034256126
      vertex -30.551 12.20831852916997 6.776322595786633
    endloop
  endfacet
  facet normal 0 0.1416752843846949 -0.98991318497862
    outer loop
      vertex -30.551 12.20831852916997 6.776322595786633
      vertex -28.001 15.475032039599418 7.243851034256126
      vertex -28.001 12.20831852916997 6.776322595786633
    endloop
  endfacet
  facet normal -1 0 0
    outer loop
      vertex -30.551 12.041850506214546 6.76899680909548
      vertex -30.551 11.400061552917872 8.467939421182153
      vertex -30.551 16.196034255104255 8.205701233214944
    endloop
  endfacet
  facet normal -1 0 0
    outer loop
      vertex -30.551 12.041850506214546 6.76899680909548
      vertex -30.551 15.636872236087326 7.283512358213946
      vertex -30.551 15.475032039599418 7.243851034256126
    endloop
  endfacet
  facet normal 0 0.1416752843846949 -0.98991318497862
    outer loop
      vertex -30.551 12.20831852916997 6.776322595786633
      vertex -30.551 15.475032039599418 7.243851034256126
      vertex -28.001 15.475032039599418 7.243851034256126
    endloop
  endfacet
  facet normal 1 0 0
    outer loop
      vertex -28.001 11.623643239745022 6.9057300303826805
      vertex -28.001 12.153028785190557 6.7702480479920375
      vertex -28.001 15.787865178117716 7.353985057001058
    endloop
  endfacet
  facet normal 1 0 0
    outer loop
      vertex -28.001 12.153028785190557 6.7702480479920375
      vertex -28.001 12.20831852916997 6.776322595786633
      vertex -28.001 15.475032039599418 7.243851034256126
    endloop
  endfacet
  facet normal 1 0 0
    outer loop
      vertex -28.001 12.153028785190557 6.7702480479920375
      vertex -28.001 15.475032039599418 7.243851034256126
      vertex -28.001 15.529806109558429 7.253528698248191
    endloop
  endfacet
  facet normal 1 0 0
    outer loop
      vertex -28.001 11.623643239745022 6.9057300303826805
      vertex -28.001 15.787865178117716 7.353985057001058
      vertex -28.001 15.358149493785453 9.23100319090452
    endloop
  endfacet
  facet normal -1 0 0
    outer loop
      vertex -30.551 11.400061552917872 8.467939421182153
      vertex -30.551 11.87019389044157 8.746471301751809
      vertex -30.551 15.358149493785453 9.23100319090452
    endloop
  endfacet
  facet normal -1 0 0
    outer loop
      vertex -30.551 11.87019389044157 8.746471301751809
      vertex -30.551 11.924967960400581 8.756148965743874
      vertex -30.551 15.191681470830028 9.223677404213367
    endloop
  endfacet
  facet normal 0 -0.1416752843846949 0.98991318497862
    outer loop
      vertex -30.551 11.924967960400581 8.756148965743874
      vertex -28.001 11.924967960400581 8.756148965743874
      vertex -30.551 15.191681470830028 9.223677404213367
    endloop
  endfacet
  facet normal -1 0 0
    outer loop
      vertex -30.551 11.400061552917872 8.467939421182153
      vertex -30.551 15.358149493785453 9.23100319090452
      vertex -30.551 16.196034255104255 8.205701233214944
    endloop
  endfacet
  facet normal 1 0 0
    outer loop
      vertex -28.001 11.623643239745022 6.9057300303826805
      vertex -28.001 15.358149493785453 9.23100319090452
      vertex -28.001 11.612134821882282 8.646014942998942
    endloop
  endfacet
  facet normal 1 0 0
    outer loop
      vertex -28.001 11.612134821882282 8.646014942998942
      vertex -28.001 15.358149493785453 9.23100319090452
      vertex -28.001 11.924967960400581 8.756148965743874
    endloop
  endfacet
  facet normal -1 0 0
    outer loop
      vertex -30.551 12.041850506214546 6.76899680909548
      vertex -30.551 16.196034255104255 8.205701233214944
      vertex -30.551 15.636872236087326 7.283512358213946
    endloop
  endfacet
  facet normal -1 0 0
    outer loop
      vertex -30.551 15.475032039599418 7.243851034256126
      vertex -30.551 15.636872236087326 7.283512358213946
      vertex -30.551 15.529806109558429 7.253528698248191
    endloop
  endfacet
  facet normal -1 0 0
    outer loop
      vertex -30.551 15.529806109558429 7.253528698248191
      vertex -30.551 15.636872236087326 7.283512358213946
      vertex -30.551 15.583829954520404 7.266768037194767
    endloop
  endfacet
  facet normal -1 0 0
    outer loop
      vertex -30.551 15.636872236087326 7.283512358213946
      vertex -30.551 15.73910874409745 7.3272144376237405
      vertex -30.551 15.688705819066325 7.303689959552488
    endloop
  endfacet
  facet normal 0 0.17398848114884186 -0.9847476876984882
    outer loop
      vertex -30.551 15.475032039599418 7.243851034256126
      vertex -30.551 15.529806109558429 7.253528698248191
      vertex -28.001 15.475032039599418 7.243851034256126
    endloop
  endfacet
  facet normal 0 0.2380215387327228 -0.9712598761913863
    outer loop
      vertex -30.551 15.529806109558429 7.253528698248191
      vertex -30.551 15.583829954520404 7.266768037194767
      vertex -28.001 15.529806109558429 7.253528698248191
    endloop
  endfacet
  facet normal 0 0.30103535154601885 -0.9536129807839052
    outer loop
      vertex -30.551 15.583829954520404 7.266768037194767
      vertex -30.551 15.636872236087326 7.283512358213946
      vertex -28.001 15.636872236087326 7.283512358213946
    endloop
  endfacet
  facet normal 0 0.3627600847682218 -0.9318825681913748
    outer loop
      vertex -30.551 15.636872236087326 7.283512358213946
      vertex -30.551 15.688705819066325 7.303689959552488
      vertex -28.001 15.688705819066325 7.303689959552488
    endloop
  endfacet
  facet normal 0 0.4229314236154981 -0.9061616913766374
    outer loop
      vertex -30.551 15.688705819066325 7.303689959552488
      vertex -30.551 15.73910874409745 7.3272144376237405
      vertex -28.001 15.688705819066325 7.303689959552488
    endloop
  endfacet
  facet normal 0 0.17398848114884186 -0.9847476876984882
    outer loop
      vertex -30.551 15.529806109558429 7.253528698248191
      vertex -28.001 15.529806109558429 7.253528698248191
      vertex -28.001 15.475032039599418 7.243851034256126
    endloop
  endfacet
  facet normal 0 0.2380215387327228 -0.9712598761913863
    outer loop
      vertex -30.551 15.583829954520404 7.266768037194767
      vertex -28.001 15.583829954520404 7.266768037194767
      vertex -28.001 15.529806109558429 7.253528698248191
    endloop
  endfacet
  facet normal 0 0.30103535154601885 -0.9536129807839052
    outer loop
      vertex -30.551 15.583829954520404 7.266768037194767
      vertex -28.001 15.636872236087326 7.283512358213946
      vertex -28.001 15.583829954520404 7.266768037194767
    endloop
  endfacet
  facet normal 0 0.3627600847682218 -0.9318825681913748
    outer loop
      vertex -30.551 15.636872236087326 7.283512358213946
      vertex -28.001 15.688705819066325 7.303689959552488
      vertex -28.001 15.636872236087326 7.283512358213946
    endloop
  endfacet
  facet normal -1 0 0
    outer loop
      vertex -30.551 15.636872236087326 7.283512358213946
      vertex -30.551 15.834766338591429 7.3838871817823675
      vertex -30.551 15.73910874409745 7.3272144376237405
    endloop
  endfacet
  facet normal -1 0 0
    outer loop
      vertex -30.551 15.73910874409745 7.3272144376237405
      vertex -30.551 15.834766338591429 7.3838871817823675
      vertex -30.551 15.787865178117716 7.353985057001058
    endloop
  endfacet
  facet normal -1 0 0
    outer loop
      vertex -30.551 15.636872236087326 7.283512358213946
      vertex -30.551 15.999938447082126 7.532060578817847
      vertex -30.551 15.834766338591429 7.3838871817823675
    endloop
  endfacet
  facet normal -1 0 0
    outer loop
      vertex -30.551 15.834766338591429 7.3838871817823675
      vertex -30.551 15.922208291606179 7.452560904324621
      vertex -30.551 15.87961138754904 7.416792766478697
    endloop
  endfacet
  facet normal -1 0 0
    outer loop
      vertex -30.551 15.834766338591429 7.3838871817823675
      vertex -30.551 15.999938447082126 7.532060578817847
      vertex -30.551 15.922208291606179 7.452560904324621
    endloop
  endfacet
  facet normal -1 0 0
    outer loop
      vertex -30.551 15.922208291606179 7.452560904324621
      vertex -30.551 15.999938447082126 7.532060578817847
      vertex -30.551 15.962374644280073 7.491038430662655
    endloop
  endfacet
  facet normal 0 0.4812917051772511 -0.8765604910829452
    outer loop
      vertex -30.551 15.73910874409745 7.3272144376237405
      vertex -30.551 15.787865178117716 7.353985057001058
      vertex -28.001 15.787865178117716 7.353985057001058
    endloop
  endfacet
  facet normal 0 0.537591021768175 -0.843205724194428
    outer loop
      vertex -30.551 15.787865178117716 7.353985057001058
      vertex -30.551 15.834766338591429 7.3838871817823675
      vertex -28.001 15.787865178117716 7.353985057001058
    endloop
  endfacet
  facet normal 0 0.5915882910714091 -0.8062402209436154
    outer loop
      vertex -30.551 15.834766338591429 7.3838871817823675
      vertex -30.551 15.87961138754904 7.416792766478697
      vertex -28.001 15.834766338591429 7.3838871817823675
    endloop
  endfacet
  facet normal 0 0.6430522884900081 -0.765822273290457
    outer loop
      vertex -30.551 15.87961138754904 7.416792766478697
      vertex -30.551 15.922208291606179 7.452560904324621
      vertex -28.001 15.922208291606179 7.452560904324621
    endloop
  endfacet
  facet normal 0 0.6917626372860857 -0.7221249570919146
    outer loop
      vertex -30.551 15.922208291606179 7.452560904324621
      vertex -30.551 15.962374644280073 7.491038430662655
      vertex -28.001 15.962374644280073 7.491038430662655
    endloop
  endfacet
  facet normal 0 0.737510752267986 -0.6753353909644523
    outer loop
      vertex -30.551 15.962374644280073 7.491038430662655
      vertex -30.551 15.999938447082126 7.532060578817847
      vertex -28.001 15.962374644280073 7.491038430662655
    endloop
  endfacet
  facet normal -1 0 0
    outer loop
      vertex -30.551 15.636872236087326 7.283512358213946
      vertex -30.551 16.196034255104255 8.205701233214944
      vertex -30.551 15.999938447082126 7.532060578817847
    endloop
  endfacet
  facet normal -1 0 0
    outer loop
      vertex -30.551 15.999938447082126 7.532060578817847
      vertex -30.551 16.09546582127904 7.66858819725593
      vertex -30.551 16.034738846041837 7.5754516856539595
    endloop
  endfacet
  facet normal 0 0.7801007329839698 -0.6256539350134969
    outer loop
      vertex -30.551 15.999938447082126 7.532060578817847
      vertex -30.551 16.034738846041837 7.5754516856539595
      vertex -28.001 16.034738846041837 7.5754516856539595
    endloop
  endfacet
  facet normal -1 0 0
    outer loop
      vertex -30.551 16.034738846041837 7.5754516856539595
      vertex -30.551 16.09546582127904 7.66858819725593
      vertex -30.551 16.066626820508205 7.621025943789996
    endloop
  endfacet
  facet normal -1 0 0
    outer loop
      vertex -30.551 15.999938447082126 7.532060578817847
      vertex -30.551 16.162522446721763 7.821128941981943
      vertex -30.551 16.09546582127904 7.66858819725593
    endloop
  endfacet
  facet normal -1 0 0
    outer loop
      vertex -30.551 16.09546582127904 7.66858819725593
      vertex -30.551 16.143516514608674 7.768854373932741
      vertex -30.551 16.12113235532559 7.717934777180533
    endloop
  endfacet
  facet normal -1 0 0
    outer loop
      vertex -30.551 16.09546582127904 7.66858819725593
      vertex -30.551 16.162522446721763 7.821128941981943
      vertex -30.551 16.143516514608674 7.768854373932741
    endloop
  endfacet
  facet normal -1 0 0
    outer loop
      vertex -30.551 15.999938447082126 7.532060578817847
      vertex -30.551 16.196034255104255 8.205701233214944
      vertex -30.551 16.162522446721763 7.821128941981943
    endloop
  endfacet
  facet normal -1 0 0
    outer loop
      vertex -30.551 16.162522446721763 7.821128941981943
      vertex -30.551 16.190088898757434 7.928842757423645
      vertex -30.551 16.178068765345703 7.874534633602414
    endloop
  endfacet
  facet normal 0 0.8193502025980712 -0.5732933328606741
    outer loop
      vertex -30.551 16.034738846041837 7.5754516856539595
      vertex -30.551 16.066626820508205 7.621025943789996
      vertex -28.001 16.066626820508205 7.621025943789996
    endloop
  endfacet
  facet normal 0 0.8550910888556886 -0.5184778006429906
    outer loop
      vertex -30.551 16.066626820508205 7.621025943789996
      vertex -30.551 16.09546582127904 7.66858819725593
      vertex -28.001 16.066626820508205 7.621025943789996
    endloop
  endfacet
  facet normal 0 0.8871703437948906 -0.4614420668847341
    outer loop
      vertex -30.551 16.09546582127904 7.66858819725593
      vertex -30.551 16.12113235532559 7.717934777180533
      vertex -28.001 16.12113235532559 7.717934777180533
    endloop
  endfacet
  facet normal 0 0.915450599121066 -0.4024303673542558
    outer loop
      vertex -30.551 16.12113235532559 7.717934777180533
      vertex -30.551 16.143516514608674 7.768854373932741
      vertex -28.001 16.12113235532559 7.717934777180533
    endloop
  endfacet
  facet normal 0 0.9398107544392883 -0.3416953992084992
    outer loop
      vertex -30.551 16.143516514608674 7.768854373932741
      vertex -30.551 16.162522446721763 7.821128941981943
      vertex -28.001 16.143516514608674 7.768854373932741
    endloop
  endfacet
  facet normal 0 0.9601464958246295 -0.2794972389052968
    outer loop
      vertex -30.551 16.162522446721763 7.821128941981943
      vertex -30.551 16.178068765345703 7.874534633602414
      vertex -28.001 16.178068765345703 7.874534633602414
    endloop
  endfacet
  facet normal 0 0.4229314236154981 -0.9061616913766374
    outer loop
      vertex -30.551 15.73910874409745 7.3272144376237405
      vertex -28.001 15.73910874409745 7.3272144376237405
      vertex -28.001 15.688705819066325 7.303689959552488
    endloop
  endfacet
  facet normal 0 0.4812917051772511 -0.8765604910829452
    outer loop
      vertex -30.551 15.73910874409745 7.3272144376237405
      vertex -28.001 15.787865178117716 7.353985057001058
      vertex -28.001 15.73910874409745 7.3272144376237405
    endloop
  endfacet
  facet normal 0 0.537591021768175 -0.843205724194428
    outer loop
      vertex -30.551 15.834766338591429 7.3838871817823675
      vertex -28.001 15.834766338591429 7.3838871817823675
      vertex -28.001 15.787865178117716 7.353985057001058
    endloop
  endfacet
  facet normal 0 0.5915882910714091 -0.8062402209436154
    outer loop
      vertex -30.551 15.87961138754904 7.416792766478697
      vertex -28.001 15.87961138754904 7.416792766478697
      vertex -28.001 15.834766338591429 7.3838871817823675
    endloop
  endfacet
  facet normal 0 0.6430522884900081 -0.765822273290457
    outer loop
      vertex -30.551 15.87961138754904 7.416792766478697
      vertex -28.001 15.922208291606179 7.452560904324621
      vertex -28.001 15.87961138754904 7.416792766478697
    endloop
  endfacet
  facet normal 0 0.6917626372860857 -0.7221249570919146
    outer loop
      vertex -30.551 15.922208291606179 7.452560904324621
      vertex -28.001 15.962374644280073 7.491038430662655
      vertex -28.001 15.922208291606179 7.452560904324621
    endloop
  endfacet
  facet normal 0 0.737510752267986 -0.6753353909644523
    outer loop
      vertex -30.551 15.999938447082126 7.532060578817847
      vertex -28.001 15.999938447082126 7.532060578817847
      vertex -28.001 15.962374644280073 7.491038430662655
    endloop
  endfacet
  facet normal 0 0.7801007329839698 -0.6256539350134969
    outer loop
      vertex -30.551 15.999938447082126 7.532060578817847
      vertex -28.001 16.034738846041837 7.5754516856539595
      vertex -28.001 15.999938447082126 7.532060578817847
    endloop
  endfacet
  facet normal 0 0.8193502025980712 -0.5732933328606741
    outer loop
      vertex -30.551 16.034738846041837 7.5754516856539595
      vertex -28.001 16.066626820508205 7.621025943789996
      vertex -28.001 16.034738846041837 7.5754516856539595
    endloop
  endfacet
  facet normal 0 0.8550910888556886 -0.5184778006429906
    outer loop
      vertex -30.551 16.09546582127904 7.66858819725593
      vertex -28.001 16.09546582127904 7.66858819725593
      vertex -28.001 16.066626820508205 7.621025943789996
    endloop
  endfacet
  facet normal 0 0.8871703437948906 -0.4614420668847341
    outer loop
      vertex -30.551 16.09546582127904 7.66858819725593
      vertex -28.001 16.12113235532559 7.717934777180533
      vertex -28.001 16.09546582127904 7.66858819725593
    endloop
  endfacet
  facet normal 0 0.915450599121066 -0.4024303673542558
    outer loop
      vertex -30.551 16.143516514608674 7.768854373932741
      vertex -28.001 16.143516514608674 7.768854373932741
      vertex -28.001 16.12113235532559 7.717934777180533
    endloop
  endfacet
  facet normal 0 0.9398107544392883 -0.3416953992084992
    outer loop
      vertex -30.551 16.162522446721763 7.821128941981943
      vertex -28.001 16.162522446721763 7.821128941981943
      vertex -28.001 16.143516514608674 7.768854373932741
    endloop
  endfacet
  facet normal 0 0.9601464958246295 -0.2794972389052968
    outer loop
      vertex -30.551 16.162522446721763 7.821128941981943
      vertex -28.001 16.178068765345703 7.874534633602414
      vertex -28.001 16.162522446721763 7.821128941981943
    endloop
  endfacet
  facet normal 1 0 0
    outer loop
      vertex -28.001 12.153028785190557 6.7702480479920375
      vertex -28.001 15.529806109558429 7.253528698248191
      vertex -28.001 15.787865178117716 7.353985057001058
    endloop
  endfacet
  facet normal 1 0 0
    outer loop
      vertex -28.001 15.529806109558429 7.253528698248191
      vertex -28.001 15.583829954520404 7.266768037194767
      vertex -28.001 15.636872236087326 7.283512358213946
    endloop
  endfacet
  facet normal 1 0 0
    outer loop
      vertex -28.001 15.529806109558429 7.253528698248191
      vertex -28.001 15.636872236087326 7.283512358213946
      vertex -28.001 15.787865178117716 7.353985057001058
    endloop
  endfacet
  facet normal 1 0 0
    outer loop
      vertex -28.001 15.636872236087326 7.283512358213946
      vertex -28.001 15.688705819066325 7.303689959552488
      vertex -28.001 15.787865178117716 7.353985057001058
    endloop
  endfacet
  facet normal 1 0 0
    outer loop
      vertex -28.001 15.688705819066325 7.303689959552488
      vertex -28.001 15.73910874409745 7.3272144376237405
      vertex -28.001 15.787865178117716 7.353985057001058
    endloop
  endfacet
  facet normal 1 0 0
    outer loop
      vertex -28.001 15.787865178117716 7.353985057001058
      vertex -28.001 15.834766338591429 7.3838871817823675
      vertex -28.001 15.922208291606179 7.452560904324621
    endloop
  endfacet
  facet normal 1 0 0
    outer loop
      vertex -28.001 15.834766338591429 7.3838871817823675
      vertex -28.001 15.87961138754904 7.416792766478697
      vertex -28.001 15.922208291606179 7.452560904324621
    endloop
  endfacet
  facet normal 1 0 0
    outer loop
      vertex -28.001 15.787865178117716 7.353985057001058
      vertex -28.001 15.922208291606179 7.452560904324621
      vertex -28.001 15.999938447082126 7.532060578817847
    endloop
  endfacet
  facet normal 1 0 0
    outer loop
      vertex -28.001 15.922208291606179 7.452560904324621
      vertex -28.001 15.962374644280073 7.491038430662655
      vertex -28.001 15.999938447082126 7.532060578817847
    endloop
  endfacet
  facet normal 1 0 0
    outer loop
      vertex -28.001 15.787865178117716 7.353985057001058
      vertex -28.001 15.999938447082126 7.532060578817847
      vertex -28.001 16.162522446721763 7.821128941981943
    endloop
  endfacet
  facet normal 1 0 0
    outer loop
      vertex -28.001 15.999938447082126 7.532060578817847
      vertex -28.001 16.034738846041837 7.5754516856539595
      vertex -28.001 16.09546582127904 7.66858819725593
    endloop
  endfacet
  facet normal 1 0 0
    outer loop
      vertex -28.001 16.034738846041837 7.5754516856539595
      vertex -28.001 16.066626820508205 7.621025943789996
      vertex -28.001 16.09546582127904 7.66858819725593
    endloop
  endfacet
  facet normal 1 0 0
    outer loop
      vertex -28.001 15.999938447082126 7.532060578817847
      vertex -28.001 16.09546582127904 7.66858819725593
      vertex -28.001 16.162522446721763 7.821128941981943
    endloop
  endfacet
  facet normal 1 0 0
    outer loop
      vertex -28.001 16.09546582127904 7.66858819725593
      vertex -28.001 16.12113235532559 7.717934777180533
      vertex -28.001 16.143516514608674 7.768854373932741
    endloop
  endfacet
  facet normal 1 0 0
    outer loop
      vertex -28.001 16.09546582127904 7.66858819725593
      vertex -28.001 16.143516514608674 7.768854373932741
      vertex -28.001 16.162522446721763 7.821128941981943
    endloop
  endfacet
  facet normal 1 0 0
    outer loop
      vertex -28.001 16.162522446721763 7.821128941981943
      vertex -28.001 16.178068765345703 7.874534633602414
      vertex -28.001 16.190088898757434 7.928842757423645
    endloop
  endfacet
  facet normal -1 0 0
    outer loop
      vertex -30.551 16.162522446721763 7.821128941981943
      vertex -30.551 16.203360041795406 8.03923321025952
      vertex -30.551 16.190088898757434 7.928842757423645
    endloop
  endfacet
  facet normal -1 0 0
    outer loop
      vertex -30.551 16.190088898757434 7.928842757423645
      vertex -30.551 16.203360041795406 8.03923321025952
      vertex -30.551 16.19853137490032 7.983820757721897
    endloop
  endfacet
  facet normal -1 0 0
    outer loop
      vertex -30.551 16.162522446721763 7.821128941981943
      vertex -30.551 16.196034255104255 8.205701233214944
      vertex -30.551 16.203360041795406 8.03923321025952
    endloop
  endfacet
  facet normal -1 0 0
    outer loop
      vertex -30.551 16.203360041795406 8.03923321025952
      vertex -30.551 16.196034255104255 8.205701233214944
      vertex -30.551 16.20455422234974 8.09484283040767
    endloop
  endfacet
  facet normal -1 0 0
    outer loop
      vertex -30.551 16.20455422234974 8.09484283040767
      vertex -30.551 16.196034255104255 8.205701233214944
      vertex -30.551 16.20210880289885 8.15041148923553
    endloop
  endfacet
  facet normal 0 0.9763707425104722 -0.21610222851592484
    outer loop
      vertex -30.551 16.178068765345703 7.874534633602414
      vertex -30.551 16.190088898757434 7.928842757423645
      vertex -28.001 16.178068765345703 7.874534633602414
    endloop
  endfacet
  facet normal 0 0.9884140197817298 -0.15178183520738578
    outer loop
      vertex -30.551 16.190088898757434 7.928842757423645
      vertex -30.551 16.19853137490032 7.983820757721897
      vertex -28.001 16.19853137490032 7.983820757721897
    endloop
  endfacet
  facet normal 0 0.9962247564761931 -0.08681148877855964
    outer loop
      vertex -30.551 16.19853137490032 7.983820757721897
      vertex -30.551 16.203360041795406 8.03923321025952
      vertex -28.001 16.19853137490032 7.983820757721897
    endloop
  endfacet
  facet normal 0 0.9997695058202188 -0.02146940222724439
    outer loop
      vertex -30.551 16.203360041795406 8.03923321025952
      vertex -30.551 16.20455422234974 8.09484283040767
      vertex -28.001 16.20455422234974 8.09484283040767
    endloop
  endfacet
  facet normal 0 0.9990330886529171 0.04396461960045541
    outer loop
      vertex -30.551 16.20455422234974 8.09484283040767
      vertex -30.551 16.20210880289885 8.15041148923553
      vertex -28.001 16.20210880289885 8.15041148923553
    endloop
  endfacet
  facet normal 0 0.994018658425658 0.10921037817742013
    outer loop
      vertex -30.551 16.20210880289885 8.15041148923553
      vertex -30.551 16.196034255104255 8.205701233214944
      vertex -28.001 16.20210880289885 8.15041148923553
    endloop
  endfacet
  facet normal 0 0.9899131849786189 0.14167528438470342
    outer loop
      vertex -30.551 16.196034255104255 8.205701233214944
      vertex -30.551 16.153531669788844 8.50267518870853
      vertex -28.001 16.196034255104255 8.205701233214944
    endloop
  endfacet
  facet normal 0 0.9763707425104722 -0.21610222851592484
    outer loop
      vertex -28.001 16.178068765345703 7.874534633602414
      vertex -30.551 16.190088898757434 7.928842757423645
      vertex -28.001 16.190088898757434 7.928842757423645
    endloop
  endfacet
  facet normal 0 0.9884140197817298 -0.15178183520738578
    outer loop
      vertex -30.551 16.190088898757434 7.928842757423645
      vertex -28.001 16.19853137490032 7.983820757721897
      vertex -28.001 16.190088898757434 7.928842757423645
    endloop
  endfacet
  facet normal 0 0.9962247564761931 -0.08681148877855964
    outer loop
      vertex -30.551 16.203360041795406 8.03923321025952
      vertex -28.001 16.203360041795406 8.03923321025952
      vertex -28.001 16.19853137490032 7.983820757721897
    endloop
  endfacet
  facet normal 0 0.9997695058202188 -0.02146940222724439
    outer loop
      vertex -30.551 16.203360041795406 8.03923321025952
      vertex -28.001 16.20455422234974 8.09484283040767
      vertex -28.001 16.203360041795406 8.03923321025952
    endloop
  endfacet
  facet normal 0 0.9990330886529171 0.04396461960045541
    outer loop
      vertex -30.551 16.20455422234974 8.09484283040767
      vertex -28.001 16.20210880289885 8.15041148923553
      vertex -28.001 16.20455422234974 8.09484283040767
    endloop
  endfacet
  facet normal 0 0.994018658425658 0.10921037817742013
    outer loop
      vertex -30.551 16.196034255104255 8.205701233214944
      vertex -28.001 16.196034255104255 8.205701233214944
      vertex -28.001 16.20210880289885 8.15041148923553
    endloop
  endfacet
  facet normal 0 0.9899131849786189 0.14167528438470342
    outer loop
      vertex -30.551 16.153531669788844 8.50267518870853
      vertex -28.001 16.153531669788844 8.50267518870853
      vertex -28.001 16.196034255104255 8.205701233214944
    endloop
  endfacet
  facet normal -1 0 0
    outer loop
      vertex -30.551 16.196034255104255 8.205701233214944
      vertex -30.551 15.358149493785453 9.23100319090452
      vertex -30.551 15.980589937566275 8.907254536658154
    endloop
  endfacet
  facet normal -1 0 0
    outer loop
      vertex -30.551 15.980589937566275 8.907254536658154
      vertex -30.551 15.865322125227124 9.027581596191238
      vertex -30.551 15.906344273382317 8.990017793389187
    endloop
  endfacet
  facet normal -1 0 0
    outer loop
      vertex -30.551 15.980589937566275 8.907254536658154
      vertex -30.551 15.906344273382317 8.990017793389187
      vertex -30.551 15.944821799720351 8.949851440715292
    endloop
  endfacet
  facet normal 0 0.765822273290457 0.6430522884900081
    outer loop
      vertex -30.551 15.980589937566275 8.907254536658154
      vertex -30.551 15.944821799720351 8.949851440715292
      vertex -28.001 15.980589937566275 8.907254536658154
    endloop
  endfacet
  facet normal 0 0.7221249570919146 0.6917626372860857
    outer loop
      vertex -30.551 15.906344273382317 8.990017793389187
      vertex -28.001 15.906344273382317 8.990017793389187
      vertex -30.551 15.944821799720351 8.949851440715292
    endloop
  endfacet
  facet normal -1 0 0
    outer loop
      vertex -30.551 16.196034255104255 8.205701233214944
      vertex -30.551 15.980589937566275 8.907254536658154
      vertex -30.551 16.130614666850207 8.611473103629518
    endloop
  endfacet
  facet normal -1 0 0
    outer loop
      vertex -30.551 16.196034255104255 8.205701233214944
      vertex -30.551 16.130614666850207 8.611473103629518
      vertex -30.551 16.153531669788844 8.50267518870853
    endloop
  endfacet
  facet normal -1 0 0
    outer loop
      vertex -30.551 16.153531669788844 8.50267518870853
      vertex -30.551 16.130614666850207 8.611473103629518
      vertex -30.551 16.143854005796783 8.55744925866754
    endloop
  endfacet
  facet normal -1 0 0
    outer loop
      vertex -30.551 16.130614666850207 8.611473103629518
      vertex -30.551 16.07016826642123 8.766751893206562
      vertex -30.551 16.113870345831025 8.66451538519644
    endloop
  endfacet
  facet normal -1 0 0
    outer loop
      vertex -30.551 16.093692744492483 8.716348968175438
      vertex -30.551 16.113870345831025 8.66451538519644
      vertex -30.551 16.07016826642123 8.766751893206562
    endloop
  endfacet
  facet normal 0 0.9847476876984992 0.17398848114877993
    outer loop
      vertex -30.551 16.153531669788844 8.50267518870853
      vertex -30.551 16.143854005796783 8.55744925866754
      vertex -28.001 16.143854005796783 8.55744925866754
    endloop
  endfacet
  facet normal 0 0.9712598761913881 0.23802153873271545
    outer loop
      vertex -30.551 16.143854005796783 8.55744925866754
      vertex -30.551 16.130614666850207 8.611473103629518
      vertex -28.001 16.143854005796783 8.55744925866754
    endloop
  endfacet
  facet normal 0 0.9318825681913748 0.3627600847682218
    outer loop
      vertex -30.551 16.093692744492483 8.716348968175438
      vertex -28.001 16.093692744492483 8.716348968175438
      vertex -30.551 16.113870345831025 8.66451538519644
    endloop
  endfacet
  facet normal 0 0.953612980783887 0.3010353515460769
    outer loop
      vertex -30.551 16.130614666850207 8.611473103629518
      vertex -30.551 16.113870345831025 8.66451538519644
      vertex -28.001 16.113870345831025 8.66451538519644
    endloop
  endfacet
  facet normal -1 0 0
    outer loop
      vertex -30.551 15.980589937566275 8.907254536658154
      vertex -30.551 16.07016826642123 8.766751893206562
      vertex -30.551 16.130614666850207 8.611473103629518
    endloop
  endfacet
  facet normal -1 0 0
    outer loop
      vertex -30.551 15.980589937566275 8.907254536658154
      vertex -30.551 16.043397647043914 8.81550832722683
      vertex -30.551 16.07016826642123 8.766751893206562
    endloop
  endfacet
  facet normal -1 0 0
    outer loop
      vertex -30.551 15.980589937566275 8.907254536658154
      vertex -30.551 16.013495522262605 8.862409487700543
      vertex -30.551 16.043397647043914 8.81550832722683
    endloop
  endfacet
  facet normal 0 0.9061616913766377 0.4229314236154973
    outer loop
      vertex -30.551 16.093692744492483 8.716348968175438
      vertex -30.551 16.07016826642123 8.766751893206562
      vertex -28.001 16.093692744492483 8.716348968175438
    endloop
  endfacet
  facet normal 0 0.8432057241944352 0.5375910217681636
    outer loop
      vertex -30.551 16.043397647043914 8.81550832722683
      vertex -30.551 16.013495522262605 8.862409487700543
      vertex -28.001 16.013495522262605 8.862409487700543
    endloop
  endfacet
  facet normal 0 0.8765604910829593 0.48129170517722536
    outer loop
      vertex -30.551 16.07016826642123 8.766751893206562
      vertex -30.551 16.043397647043914 8.81550832722683
      vertex -28.001 16.043397647043914 8.81550832722683
    endloop
  endfacet
  facet normal 0 0.8062402209436078 0.5915882910714194
    outer loop
      vertex -30.551 15.980589937566275 8.907254536658154
      vertex -28.001 16.013495522262605 8.862409487700543
      vertex -30.551 16.013495522262605 8.862409487700543
    endloop
  endfacet
  facet normal 0 0.7221249570919146 0.6917626372860857
    outer loop
      vertex -30.551 15.944821799720351 8.949851440715292
      vertex -28.001 15.906344273382317 8.990017793389187
      vertex -28.001 15.944821799720351 8.949851440715292
    endloop
  endfacet
  facet normal 0 0.765822273290457 0.6430522884900081
    outer loop
      vertex -30.551 15.944821799720351 8.949851440715292
      vertex -28.001 15.944821799720351 8.949851440715292
      vertex -28.001 15.980589937566275 8.907254536658154
    endloop
  endfacet
  facet normal 0 0.9847476876984992 0.17398848114877993
    outer loop
      vertex -30.551 16.153531669788844 8.50267518870853
      vertex -28.001 16.143854005796783 8.55744925866754
      vertex -28.001 16.153531669788844 8.50267518870853
    endloop
  endfacet
  facet normal 0 0.9318825681913748 0.3627600847682218
    outer loop
      vertex -30.551 16.113870345831025 8.66451538519644
      vertex -28.001 16.093692744492483 8.716348968175438
      vertex -28.001 16.113870345831025 8.66451538519644
    endloop
  endfacet
  facet normal 0 0.9712598761913881 0.23802153873271545
    outer loop
      vertex -30.551 16.130614666850207 8.611473103629518
      vertex -28.001 16.130614666850207 8.611473103629518
      vertex -28.001 16.143854005796783 8.55744925866754
    endloop
  endfacet
  facet normal 0 0.953612980783887 0.3010353515460769
    outer loop
      vertex -30.551 16.130614666850207 8.611473103629518
      vertex -28.001 16.113870345831025 8.66451538519644
      vertex -28.001 16.130614666850207 8.611473103629518
    endloop
  endfacet
  facet normal 0 0.9061616913766377 0.4229314236154973
    outer loop
      vertex -30.551 16.07016826642123 8.766751893206562
      vertex -28.001 16.07016826642123 8.766751893206562
      vertex -28.001 16.093692744492483 8.716348968175438
    endloop
  endfacet
  facet normal 0 0.8765604910829593 0.48129170517722536
    outer loop
      vertex -30.551 16.07016826642123 8.766751893206562
      vertex -28.001 16.043397647043914 8.81550832722683
      vertex -28.001 16.07016826642123 8.766751893206562
    endloop
  endfacet
  facet normal 0 0.8432057241944352 0.5375910217681636
    outer loop
      vertex -30.551 16.043397647043914 8.81550832722683
      vertex -28.001 16.013495522262605 8.862409487700543
      vertex -28.001 16.043397647043914 8.81550832722683
    endloop
  endfacet
  facet normal 0 0.8062402209436078 0.5915882910714194
    outer loop
      vertex -30.551 15.980589937566275 8.907254536658154
      vertex -28.001 15.980589937566275 8.907254536658154
      vertex -28.001 16.013495522262605 8.862409487700543
    endloop
  endfacet
  facet normal 1 0 0
    outer loop
      vertex -28.001 15.787865178117716 7.353985057001058
      vertex -28.001 16.143854005796783 8.55744925866754
      vertex -28.001 15.358149493785453 9.23100319090452
    endloop
  endfacet
  facet normal 1 0 0
    outer loop
      vertex -28.001 15.787865178117716 7.353985057001058
      vertex -28.001 16.162522446721763 7.821128941981943
      vertex -28.001 16.143854005796783 8.55744925866754
    endloop
  endfacet
  facet normal 1 0 0
    outer loop
      vertex -28.001 16.162522446721763 7.821128941981943
      vertex -28.001 16.190088898757434 7.928842757423645
      vertex -28.001 16.20455422234974 8.09484283040767
    endloop
  endfacet
  facet normal 1 0 0
    outer loop
      vertex -28.001 16.190088898757434 7.928842757423645
      vertex -28.001 16.19853137490032 7.983820757721897
      vertex -28.001 16.20455422234974 8.09484283040767
    endloop
  endfacet
  facet normal 1 0 0
    outer loop
      vertex -28.001 16.19853137490032 7.983820757721897
      vertex -28.001 16.203360041795406 8.03923321025952
      vertex -28.001 16.20455422234974 8.09484283040767
    endloop
  endfacet
  facet normal 1 0 0
    outer loop
      vertex -28.001 16.20455422234974 8.09484283040767
      vertex -28.001 16.20210880289885 8.15041148923553
      vertex -28.001 16.196034255104255 8.205701233214944
    endloop
  endfacet
  facet normal 1 0 0
    outer loop
      vertex -28.001 16.162522446721763 7.821128941981943
      vertex -28.001 16.20455422234974 8.09484283040767
      vertex -28.001 16.143854005796783 8.55744925866754
    endloop
  endfacet
  facet normal 1 0 0
    outer loop
      vertex -28.001 16.20455422234974 8.09484283040767
      vertex -28.001 16.196034255104255 8.205701233214944
      vertex -28.001 16.143854005796783 8.55744925866754
    endloop
  endfacet
  facet normal 1 0 0
    outer loop
      vertex -28.001 16.196034255104255 8.205701233214944
      vertex -28.001 16.153531669788844 8.50267518870853
      vertex -28.001 16.143854005796783 8.55744925866754
    endloop
  endfacet
  facet normal 1 0 0
    outer loop
      vertex -28.001 16.143854005796783 8.55744925866754
      vertex -28.001 15.865322125227124 9.027581596191238
      vertex -28.001 15.358149493785453 9.23100319090452
    endloop
  endfacet
  facet normal 1 0 0
    outer loop
      vertex -28.001 15.980589937566275 8.907254536658154
      vertex -28.001 15.865322125227124 9.027581596191238
      vertex -28.001 16.043397647043914 8.81550832722683
    endloop
  endfacet
  facet normal 1 0 0
    outer loop
      vertex -28.001 15.980589937566275 8.907254536658154
      vertex -28.001 15.906344273382317 8.990017793389187
      vertex -28.001 15.865322125227124 9.027581596191238
    endloop
  endfacet
  facet normal 1 0 0
    outer loop
      vertex -28.001 15.980589937566275 8.907254536658154
      vertex -28.001 15.944821799720351 8.949851440715292
      vertex -28.001 15.906344273382317 8.990017793389187
    endloop
  endfacet
  facet normal 1 0 0
    outer loop
      vertex -28.001 16.143854005796783 8.55744925866754
      vertex -28.001 16.113870345831025 8.66451538519644
      vertex -28.001 16.043397647043914 8.81550832722683
    endloop
  endfacet
  facet normal 1 0 0
    outer loop
      vertex -28.001 16.143854005796783 8.55744925866754
      vertex -28.001 16.130614666850207 8.611473103629518
      vertex -28.001 16.113870345831025 8.66451538519644
    endloop
  endfacet
  facet normal 1 0 0
    outer loop
      vertex -28.001 16.093692744492483 8.716348968175438
      vertex -28.001 16.043397647043914 8.81550832722683
      vertex -28.001 16.113870345831025 8.66451538519644
    endloop
  endfacet
  facet normal 1 0 0
    outer loop
      vertex -28.001 16.093692744492483 8.716348968175438
      vertex -28.001 16.07016826642123 8.766751893206562
      vertex -28.001 16.043397647043914 8.81550832722683
    endloop
  endfacet
  facet normal 1 0 0
    outer loop
      vertex -28.001 16.143854005796783 8.55744925866754
      vertex -28.001 16.043397647043914 8.81550832722683
      vertex -28.001 15.865322125227124 9.027581596191238
    endloop
  endfacet
  facet normal 1 0 0
    outer loop
      vertex -28.001 15.980589937566275 8.907254536658154
      vertex -28.001 16.043397647043914 8.81550832722683
      vertex -28.001 16.013495522262605 8.862409487700543
    endloop
  endfacet
  facet normal -1 0 0
    outer loop
      vertex -30.551 11.87019389044157 8.746471301751809
      vertex -30.551 15.191681470830028 9.223677404213367
      vertex -30.551 15.358149493785453 9.23100319090452
    endloop
  endfacet
  facet normal 0 -0.1416752843846949 0.98991318497862
    outer loop
      vertex -28.001 11.924967960400581 8.756148965743874
      vertex -28.001 15.191681470830028 9.223677404213367
      vertex -30.551 15.191681470830028 9.223677404213367
    endloop
  endfacet
  facet normal 1 0 0
    outer loop
      vertex -28.001 11.924967960400581 8.756148965743874
      vertex -28.001 15.358149493785453 9.23100319090452
      vertex -28.001 15.191681470830028 9.223677404213367
    endloop
  endfacet
  facet normal -1 0 0
    outer loop
      vertex -30.551 15.191681470830028 9.223677404213367
      vertex -30.551 15.246971214809442 9.229751952007963
      vertex -30.551 15.358149493785453 9.23100319090452
    endloop
  endfacet
  facet normal -1 0 0
    outer loop
      vertex -30.551 15.246971214809442 9.229751952007963
      vertex -30.551 15.3025398736373 9.232197371458852
      vertex -30.551 15.358149493785453 9.23100319090452
    endloop
  endfacet
  facet normal -1 0 0
    outer loop
      vertex -30.551 15.358149493785453 9.23100319090452
      vertex -30.551 15.413561946323075 9.226174524009433
      vertex -30.551 15.522848070442558 9.205711914454815
    endloop
  endfacet
  facet normal -1 0 0
    outer loop
      vertex -30.551 15.413561946323075 9.226174524009433
      vertex -30.551 15.468539946621327 9.217732047866546
      vertex -30.551 15.522848070442558 9.205711914454815
    endloop
  endfacet
  facet normal 0 -0.10921037817745169 0.9940186584256544
    outer loop
      vertex -30.551 15.191681470830028 9.223677404213367
      vertex -28.001 15.246971214809442 9.229751952007963
      vertex -30.551 15.246971214809442 9.229751952007963
    endloop
  endfacet
  facet normal 0 -0.04396461960045681 0.9990330886529171
    outer loop
      vertex -30.551 15.246971214809442 9.229751952007963
      vertex -28.001 15.246971214809442 9.229751952007963
      vertex -30.551 15.3025398736373 9.232197371458852
    endloop
  endfacet
  facet normal 0 0.021469402227243705 0.9997695058202188
    outer loop
      vertex -30.551 15.3025398736373 9.232197371458852
      vertex -28.001 15.3025398736373 9.232197371458852
      vertex -30.551 15.358149493785453 9.23100319090452
    endloop
  endfacet
  facet normal 0 0.08681148877855964 0.9962247564761931
    outer loop
      vertex -30.551 15.358149493785453 9.23100319090452
      vertex -28.001 15.358149493785453 9.23100319090452
      vertex -30.551 15.413561946323075 9.226174524009433
    endloop
  endfacet
  facet normal 0 0.15178183520741698 0.9884140197817252
    outer loop
      vertex -30.551 15.413561946323075 9.226174524009433
      vertex -28.001 15.468539946621327 9.217732047866546
      vertex -30.551 15.468539946621327 9.217732047866546
    endloop
  endfacet
  facet normal 0 -0.10921037817745169 0.9940186584256544
    outer loop
      vertex -30.551 15.191681470830028 9.223677404213367
      vertex -28.001 15.191681470830028 9.223677404213367
      vertex -28.001 15.246971214809442 9.229751952007963
    endloop
  endfacet
  facet normal 0 -0.04396461960045681 0.9990330886529171
    outer loop
      vertex -30.551 15.3025398736373 9.232197371458852
      vertex -28.001 15.246971214809442 9.229751952007963
      vertex -28.001 15.3025398736373 9.232197371458852
    endloop
  endfacet
  facet normal 0 0.021469402227243705 0.9997695058202188
    outer loop
      vertex -30.551 15.358149493785453 9.23100319090452
      vertex -28.001 15.3025398736373 9.232197371458852
      vertex -28.001 15.358149493785453 9.23100319090452
    endloop
  endfacet
  facet normal 0 0.08681148877855964 0.9962247564761931
    outer loop
      vertex -30.551 15.413561946323075 9.226174524009433
      vertex -28.001 15.358149493785453 9.23100319090452
      vertex -28.001 15.413561946323075 9.226174524009433
    endloop
  endfacet
  facet normal 0 0.15178183520741698 0.9884140197817252
    outer loop
      vertex -30.551 15.413561946323075 9.226174524009433
      vertex -28.001 15.413561946323075 9.226174524009433
      vertex -28.001 15.468539946621327 9.217732047866546
    endloop
  endfacet
  facet normal -1 0 0
    outer loop
      vertex -30.551 15.980589937566275 8.907254536658154
      vertex -30.551 15.358149493785453 9.23100319090452
      vertex -30.551 15.728794506789042 9.123108970388152
    endloop
  endfacet
  facet normal -1 0 0
    outer loop
      vertex -30.551 15.358149493785453 9.23100319090452
      vertex -30.551 15.522848070442558 9.205711914454815
      vertex -30.551 15.728794506789042 9.123108970388152
    endloop
  endfacet
  facet normal -1 0 0
    outer loop
      vertex -30.551 15.522848070442558 9.205711914454815
      vertex -30.551 15.576253762063029 9.190165595830875
      vertex -30.551 15.62852833011223 9.171159663717788
    endloop
  endfacet
  facet normal -1 0 0
    outer loop
      vertex -30.551 15.522848070442558 9.205711914454815
      vertex -30.551 15.62852833011223 9.171159663717788
      vertex -30.551 15.728794506789042 9.123108970388152
    endloop
  endfacet
  facet normal -1 0 0
    outer loop
      vertex -30.551 15.62852833011223 9.171159663717788
      vertex -30.551 15.679447926864439 9.148775504434703
      vertex -30.551 15.728794506789042 9.123108970388152
    endloop
  endfacet
  facet normal -1 0 0
    outer loop
      vertex -30.551 15.821931018391012 9.06238199515095
      vertex -30.551 15.865322125227124 9.027581596191238
      vertex -30.551 15.776356760254977 9.094269969617319
    endloop
  endfacet
  facet normal -1 0 0
    outer loop
      vertex -30.551 15.776356760254977 9.094269969617319
      vertex -30.551 15.865322125227124 9.027581596191238
      vertex -30.551 15.728794506789042 9.123108970388152
    endloop
  endfacet
  facet normal -1 0 0
    outer loop
      vertex -30.551 15.980589937566275 8.907254536658154
      vertex -30.551 15.728794506789042 9.123108970388152
      vertex -30.551 15.865322125227124 9.027581596191238
    endloop
  endfacet
  facet normal 0 0.4614420668847341 0.8871703437948906
    outer loop
      vertex -30.551 15.679447926864439 9.148775504434703
      vertex -28.001 15.679447926864439 9.148775504434703
      vertex -30.551 15.728794506789042 9.123108970388152
    endloop
  endfacet
  facet normal 0 0.2794972389052968 0.9601464958246295
    outer loop
      vertex -30.551 15.522848070442558 9.205711914454815
      vertex -28.001 15.576253762063029 9.190165595830875
      vertex -30.551 15.576253762063029 9.190165595830875
    endloop
  endfacet
  facet normal 0 0.34169539920847614 0.9398107544392967
    outer loop
      vertex -30.551 15.576253762063029 9.190165595830875
      vertex -28.001 15.576253762063029 9.190165595830875
      vertex -30.551 15.62852833011223 9.171159663717788
    endloop
  endfacet
  facet normal 0 0.21610222851592484 0.9763707425104722
    outer loop
      vertex -30.551 15.468539946621327 9.217732047866546
      vertex -28.001 15.468539946621327 9.217732047866546
      vertex -30.551 15.522848070442558 9.205711914454815
    endloop
  endfacet
  facet normal 0 0.40243036735425 0.9154505991210685
    outer loop
      vertex -30.551 15.62852833011223 9.171159663717788
      vertex -28.001 15.679447926864439 9.148775504434703
      vertex -30.551 15.679447926864439 9.148775504434703
    endloop
  endfacet
  facet normal 0 0.6256539350135241 0.780100732983948
    outer loop
      vertex -30.551 15.821931018391012 9.06238199515095
      vertex -28.001 15.821931018391012 9.06238199515095
      vertex -30.551 15.865322125227124 9.027581596191238
    endloop
  endfacet
  facet normal 0 0.5184778006429835 0.855091088855693
    outer loop
      vertex -30.551 15.776356760254977 9.094269969617319
      vertex -30.551 15.728794506789042 9.123108970388152
      vertex -28.001 15.776356760254977 9.094269969617319
    endloop
  endfacet
  facet normal 0 0.5732933328606816 0.8193502025980661
    outer loop
      vertex -30.551 15.821931018391012 9.06238199515095
      vertex -30.551 15.776356760254977 9.094269969617319
      vertex -28.001 15.821931018391012 9.06238199515095
    endloop
  endfacet
  facet normal 0 0.6753353909644269 0.7375107522680092
    outer loop
      vertex -30.551 15.906344273382317 8.990017793389187
      vertex -30.551 15.865322125227124 9.027581596191238
      vertex -28.001 15.865322125227124 9.027581596191238
    endloop
  endfacet
  facet normal 0 0.4614420668847341 0.8871703437948906
    outer loop
      vertex -30.551 15.728794506789042 9.123108970388152
      vertex -28.001 15.679447926864439 9.148775504434703
      vertex -28.001 15.728794506789042 9.123108970388152
    endloop
  endfacet
  facet normal 0 0.21610222851592484 0.9763707425104722
    outer loop
      vertex -30.551 15.522848070442558 9.205711914454815
      vertex -28.001 15.468539946621327 9.217732047866546
      vertex -28.001 15.522848070442558 9.205711914454815
    endloop
  endfacet
  facet normal 0 0.2794972389052968 0.9601464958246295
    outer loop
      vertex -30.551 15.522848070442558 9.205711914454815
      vertex -28.001 15.522848070442558 9.205711914454815
      vertex -28.001 15.576253762063029 9.190165595830875
    endloop
  endfacet
  facet normal 0 0.40243036735425 0.9154505991210685
    outer loop
      vertex -30.551 15.62852833011223 9.171159663717788
      vertex -28.001 15.62852833011223 9.171159663717788
      vertex -28.001 15.679447926864439 9.148775504434703
    endloop
  endfacet
  facet normal 0 0.34169539920847614 0.9398107544392967
    outer loop
      vertex -30.551 15.62852833011223 9.171159663717788
      vertex -28.001 15.576253762063029 9.190165595830875
      vertex -28.001 15.62852833011223 9.171159663717788
    endloop
  endfacet
  facet normal 0 0.6256539350135241 0.780100732983948
    outer loop
      vertex -30.551 15.865322125227124 9.027581596191238
      vertex -28.001 15.821931018391012 9.06238199515095
      vertex -28.001 15.865322125227124 9.027581596191238
    endloop
  endfacet
  facet normal 0 0.5184778006429835 0.855091088855693
    outer loop
      vertex -30.551 15.728794506789042 9.123108970388152
      vertex -28.001 15.728794506789042 9.123108970388152
      vertex -28.001 15.776356760254977 9.094269969617319
    endloop
  endfacet
  facet normal 0 0.5732933328606816 0.8193502025980661
    outer loop
      vertex -30.551 15.776356760254977 9.094269969617319
      vertex -28.001 15.776356760254977 9.094269969617319
      vertex -28.001 15.821931018391012 9.06238199515095
    endloop
  endfacet
  facet normal 0 0.6753353909644269 0.7375107522680092
    outer loop
      vertex -30.551 15.906344273382317 8.990017793389187
      vertex -28.001 15.865322125227124 9.027581596191238
      vertex -28.001 15.906344273382317 8.990017793389187
    endloop
  endfacet
  facet normal 1 0 0
    outer loop
      vertex -28.001 15.191681470830028 9.223677404213367
      vertex -28.001 15.358149493785453 9.23100319090452
      vertex -28.001 15.246971214809442 9.229751952007963
    endloop
  endfacet
  facet normal 1 0 0
    outer loop
      vertex -28.001 15.246971214809442 9.229751952007963
      vertex -28.001 15.358149493785453 9.23100319090452
      vertex -28.001 15.3025398736373 9.232197371458852
    endloop
  endfacet
  facet normal 1 0 0
    outer loop
      vertex -28.001 15.358149493785453 9.23100319090452
      vertex -28.001 15.468539946621327 9.217732047866546
      vertex -28.001 15.413561946323075 9.226174524009433
    endloop
  endfacet
  facet normal 1 0 0
    outer loop
      vertex -28.001 15.358149493785453 9.23100319090452
      vertex -28.001 15.522848070442558 9.205711914454815
      vertex -28.001 15.468539946621327 9.217732047866546
    endloop
  endfacet
  facet normal 1 0 0
    outer loop
      vertex -28.001 15.62852833011223 9.171159663717788
      vertex -28.001 15.776356760254977 9.094269969617319
      vertex -28.001 15.679447926864439 9.148775504434703
    endloop
  endfacet
  facet normal 1 0 0
    outer loop
      vertex -28.001 15.358149493785453 9.23100319090452
      vertex -28.001 15.62852833011223 9.171159663717788
      vertex -28.001 15.522848070442558 9.205711914454815
    endloop
  endfacet
  facet normal 1 0 0
    outer loop
      vertex -28.001 15.522848070442558 9.205711914454815
      vertex -28.001 15.62852833011223 9.171159663717788
      vertex -28.001 15.576253762063029 9.190165595830875
    endloop
  endfacet
  facet normal 1 0 0
    outer loop
      vertex -28.001 15.358149493785453 9.23100319090452
      vertex -28.001 15.865322125227124 9.027581596191238
      vertex -28.001 15.62852833011223 9.171159663717788
    endloop
  endfacet
  facet normal 1 0 0
    outer loop
      vertex -28.001 15.821931018391012 9.06238199515095
      vertex -28.001 15.776356760254977 9.094269969617319
      vertex -28.001 15.865322125227124 9.027581596191238
    endloop
  endfacet
  facet normal 1 0 0
    outer loop
      vertex -28.001 15.62852833011223 9.171159663717788
      vertex -28.001 15.865322125227124 9.027581596191238
      vertex -28.001 15.776356760254977 9.094269969617319
    endloop
  endfacet
  facet normal 1 0 0
    outer loop
      vertex -28.001 15.679447926864439 9.148775504434703
      vertex -28.001 15.776356760254977 9.094269969617319
      vertex -28.001 15.728794506789042 9.123108970388152
    endloop
  endfacet
  facet normal 0 0 1
    outer loop
      vertex -28 -16.5 3.6
      vertex -27.5 -16.5 3.6
      vertex -28 -16.452768222130228 3.6
    endloop
  endfacet
  facet normal 0 1 0
    outer loop
      vertex -28 -16.5 3.6
      vertex -28 -16.5 15
      vertex -27.5 -16.5 3.6
    endloop
  endfacet
  facet normal 0 1 0
    outer loop
      vertex -27.5 -16.5 3.6
      vertex -28 -16.5 15
      vertex -26 -16.5 3.6
    endloop
  endfacet
  facet normal 1 0 0
    outer loop
      vertex -28 -16.5 3.6
      vertex -28 -16.452768222130228 3.6
      vertex -28 -13.5 18
    endloop
  endfacet
  facet normal 1 0 0
    outer loop
      vertex -28 -16.452768222130228 3.6
      vertex -28 -16.195159881374046 3.6
      vertex -28 -13.5 18
    endloop
  endfacet
  facet normal 0 0 1
    outer loop
      vertex -28 -16.195159881374046 3.6
      vertex -26 -16.20614511087408 3.6
      vertex -28 16.452768222130228 3.6
    endloop
  endfacet
  facet normal 1 0 0
    outer loop
      vertex -28 -16.195159881374046 3.6
      vertex -28 16.452768222130228 3.6
      vertex -28 -13.5 18
    endloop
  endfacet
  facet normal -1 0 0
    outer loop
      vertex -26 -16.5 3.6
      vertex -26 -13.5 18
      vertex -26 16.5 3.6
    endloop
  endfacet
  facet normal 0 1 0
    outer loop
      vertex -26 -16.5 3.6
      vertex -28 -16.5 15
      vertex -26 -16.5 15
    endloop
  endfacet
  facet normal 1 0 0
    outer loop
      vertex -28 -16.5 3.6
      vertex -28 -13.5 18
      vertex -28 -16.5 15
    endloop
  endfacet
  facet normal -1 0 0
    outer loop
      vertex -26 -16.5 3.6
      vertex -26 -16.5 15
      vertex -26 -13.5 18
    endloop
  endfacet
  facet normal 0 0.9961946980917454 -0.08715574274765958
    outer loop
      vertex -28 -16.5 15
      vertex -28 -16.454423259036624 15.52094453300079
      vertex -26 -16.5 15
    endloop
  endfacet
  facet normal 1 0 0
    outer loop
      vertex -28 -16.5 15
      vertex -28 -16.319077862357727 16.026060429977008
      vertex -28 -16.454423259036624 15.52094453300079
    endloop
  endfacet
  facet normal 0 0.9659258262890698 -0.25881904510251574
    outer loop
      vertex -28 -16.454423259036624 15.52094453300079
      vertex -28 -16.319077862357727 16.026060429977008
      vertex -26 -16.454423259036624 15.52094453300079
    endloop
  endfacet
  facet normal 0 0.9961946980917454 -0.08715574274765958
    outer loop
      vertex -28 -16.454423259036624 15.52094453300079
      vertex -26 -16.454423259036624 15.52094453300079
      vertex -26 -16.5 15
    endloop
  endfacet
  facet normal -1 0 0
    outer loop
      vertex -26 -16.5 15
      vertex -26 -16.454423259036624 15.52094453300079
      vertex -26 -16.319077862357727 16.026060429977008
    endloop
  endfacet
  facet normal 1 0 0
    outer loop
      vertex -28 -16.5 15
      vertex -28 -16.098076211353316 16.5
      vertex -28 -16.319077862357727 16.026060429977008
    endloop
  endfacet
  facet normal 1 0 0
    outer loop
      vertex -28 -16.5 15
      vertex -28 -15.798133329356935 16.92836282905962
      vertex -28 -16.098076211353316 16.5
    endloop
  endfacet
  facet normal 0 0.9063077870366483 -0.4226182617407029
    outer loop
      vertex -28 -16.319077862357727 16.026060429977008
      vertex -28 -16.098076211353316 16.5
      vertex -26 -16.319077862357727 16.026060429977008
    endloop
  endfacet
  facet normal 1 0 0
    outer loop
      vertex -28 -16.5 15
      vertex -28 -15.428362829059617 17.298133329356936
      vertex -28 -15.798133329356935 16.92836282905962
    endloop
  endfacet
  facet normal 1 0 0
    outer loop
      vertex -28 -16.5 15
      vertex -28 -15 17.598076211353316
      vertex -28 -15.428362829059617 17.298133329356936
    endloop
  endfacet
  facet normal 0 0.8191520442889928 -0.5735764363510446
    outer loop
      vertex -28 -16.098076211353316 16.5
      vertex -28 -15.798133329356935 16.92836282905962
      vertex -26 -16.098076211353316 16.5
    endloop
  endfacet
  facet normal 1 0 0
    outer loop
      vertex -28 -16.5 15
      vertex -28 -14.526060429977006 17.819077862357727
      vertex -28 -15 17.598076211353316
    endloop
  endfacet
  facet normal 0 0.7071067811865475 -0.7071067811865475
    outer loop
      vertex -28 -15.798133329356935 16.92836282905962
      vertex -28 -15.428362829059617 17.298133329356936
      vertex -26 -15.798133329356935 16.92836282905962
    endloop
  endfacet
  facet normal 1 0 0
    outer loop
      vertex -28 -16.5 15
      vertex -28 -14.02094453300079 17.954423259036624
      vertex -28 -14.526060429977006 17.819077862357727
    endloop
  endfacet
  facet normal 1 0 0
    outer loop
      vertex -28 -16.5 15
      vertex -28 -13.5 18
      vertex -28 -14.02094453300079 17.954423259036624
    endloop
  endfacet
  facet normal 0 0.5735764363510439 -0.8191520442889935
    outer loop
      vertex -28 -15.428362829059617 17.298133329356936
      vertex -28 -15 17.598076211353316
      vertex -26 -15 17.598076211353316
    endloop
  endfacet
  facet normal 0 0.42261826174070166 -0.906307787036649
    outer loop
      vertex -28 -15 17.598076211353316
      vertex -28 -14.526060429977006 17.819077862357727
      vertex -26 -14.526060429977006 17.819077862357727
    endloop
  endfacet
  facet normal 0 0.2588190451025166 -0.9659258262890694
    outer loop
      vertex -28 -14.526060429977006 17.819077862357727
      vertex -28 -14.02094453300079 17.954423259036624
      vertex -26 -14.02094453300079 17.954423259036624
    endloop
  endfacet
  facet normal 0 0.08715574274765958 -0.9961946980917454
    outer loop
      vertex -28 -14.02094453300079 17.954423259036624
      vertex -28 -13.5 18
      vertex -26 -13.5 18
    endloop
  endfacet
  facet normal 0 0.9659258262890698 -0.25881904510251574
    outer loop
      vertex -26 -16.454423259036624 15.52094453300079
      vertex -28 -16.319077862357727 16.026060429977008
      vertex -26 -16.319077862357727 16.026060429977008
    endloop
  endfacet
  facet normal -1 0 0
    outer loop
      vertex -26 -16.5 15
      vertex -26 -16.319077862357727 16.026060429977008
      vertex -26 -16.098076211353316 16.5
    endloop
  endfacet
  facet normal -1 0 0
    outer loop
      vertex -26 -16.5 15
      vertex -26 -16.098076211353316 16.5
      vertex -26 -15.798133329356935 16.92836282905962
    endloop
  endfacet
  facet normal 0 0.9063077870366483 -0.4226182617407029
    outer loop
      vertex -28 -16.098076211353316 16.5
      vertex -26 -16.098076211353316 16.5
      vertex -26 -16.319077862357727 16.026060429977008
    endloop
  endfacet
  facet normal -1 0 0
    outer loop
      vertex -26 -16.5 15
      vertex -26 -15.798133329356935 16.92836282905962
      vertex -26 -15.428362829059617 17.298133329356936
    endloop
  endfacet
  facet normal 0 0.8191520442889928 -0.5735764363510446
    outer loop
      vertex -28 -15.798133329356935 16.92836282905962
      vertex -26 -15.798133329356935 16.92836282905962
      vertex -26 -16.098076211353316 16.5
    endloop
  endfacet
  facet normal -1 0 0
    outer loop
      vertex -26 -16.5 15
      vertex -26 -15.428362829059617 17.298133329356936
      vertex -26 -15 17.598076211353316
    endloop
  endfacet
  facet normal -1 0 0
    outer loop
      vertex -26 -16.5 15
      vertex -26 -15 17.598076211353316
      vertex -26 -14.526060429977006 17.819077862357727
    endloop
  endfacet
  facet normal 0 0.7071067811865475 -0.7071067811865475
    outer loop
      vertex -28 -15.428362829059617 17.298133329356936
      vertex -26 -15.428362829059617 17.298133329356936
      vertex -26 -15.798133329356935 16.92836282905962
    endloop
  endfacet
  facet normal -1 0 0
    outer loop
      vertex -26 -16.5 15
      vertex -26 -14.526060429977006 17.819077862357727
      vertex -26 -14.02094453300079 17.954423259036624
    endloop
  endfacet
  facet normal 0 0.5735764363510439 -0.8191520442889935
    outer loop
      vertex -28 -15.428362829059617 17.298133329356936
      vertex -26 -15 17.598076211353316
      vertex -26 -15.428362829059617 17.298133329356936
    endloop
  endfacet
  facet normal -1 0 0
    outer loop
      vertex -26 -16.5 15
      vertex -26 -14.02094453300079 17.954423259036624
      vertex -26 -13.5 18
    endloop
  endfacet
  facet normal 0 0.42261826174070166 -0.906307787036649
    outer loop
      vertex -28 -15 17.598076211353316
      vertex -26 -14.526060429977006 17.819077862357727
      vertex -26 -15 17.598076211353316
    endloop
  endfacet
  facet normal 0 0.2588190451025166 -0.9659258262890694
    outer loop
      vertex -28 -14.526060429977006 17.819077862357727
      vertex -26 -14.02094453300079 17.954423259036624
      vertex -26 -14.526060429977006 17.819077862357727
    endloop
  endfacet
  facet normal 0 0.08715574274765958 -0.9961946980917454
    outer loop
      vertex -28 -14.02094453300079 17.954423259036624
      vertex -26 -13.5 18
      vertex -26 -14.02094453300079 17.954423259036624
    endloop
  endfacet
  facet normal 0 0 -1
    outer loop
      vertex -28 -13.5 18
      vertex -26 13.5 18
      vertex -26 -13.5 18
    endloop
  endfacet
  facet normal 0 0 1
    outer loop
      vertex -26 -16.20614511087408 3.6
      vertex -28 16.5 3.6
      vertex -28 16.452768222130228 3.6
    endloop
  endfacet
  facet normal 0 0 1
    outer loop
      vertex -26 -16.20614511087408 3.6
      vertex -26 16.102877198482638 3.6
      vertex -28 16.5 3.6
    endloop
  endfacet
  facet normal 1 0 0
    outer loop
      vertex -28 -13.5 18
      vertex -28 16.452768222130228 3.6
      vertex -28 16.5 3.6
    endloop
  endfacet
  facet normal 0 0 1
    outer loop
      vertex -28 16.5 3.6
      vertex -26 16.102877198482638 3.6
      vertex -27.5 16.5 3.6
    endloop
  endfacet
  facet normal 0 -1 0
    outer loop
      vertex -28 16.5 3.6
      vertex -27.5 16.5 3.6
      vertex -26 16.5 15
    endloop
  endfacet
  facet normal 0 -1 0
    outer loop
      vertex -27.5 16.5 3.6
      vertex -26 16.5 3.6
      vertex -26 16.5 15
    endloop
  endfacet
  facet normal 1 0 0
    outer loop
      vertex -28 -13.5 18
      vertex -28 16.5 3.6
      vertex -28 13.5 18
    endloop
  endfacet
  facet normal -1 0 0
    outer loop
      vertex -26 -13.5 18
      vertex -26 13.5 18
      vertex -26 16.5 3.6
    endloop
  endfacet
  facet normal 0 0 -1
    outer loop
      vertex -28 -13.5 18
      vertex -28 13.5 18
      vertex -26 13.5 18
    endloop
  endfacet
  facet normal 0 -1 0
    outer loop
      vertex -28 16.5 3.6
      vertex -26 16.5 15
      vertex -28 16.5 15
    endloop
  endfacet
  facet normal 1 0 0
    outer loop
      vertex -28 16.5 3.6
      vertex -28 16.5 15
      vertex -28 13.5 18
    endloop
  endfacet
  facet normal -1 0 0
    outer loop
      vertex -26 16.5 3.6
      vertex -26 13.5 18
      vertex -26 16.5 15
    endloop
  endfacet
  facet normal 0 -0.9969173337331282 -0.0784590957278417
    outer loop
      vertex -28 16.5 15
      vertex -26 16.463065021785415 15.469303395120694
      vertex -28 16.463065021785415 15.469303395120694
    endloop
  endfacet
  facet normal 0 -0.9969173337331282 -0.0784590957278417
    outer loop
      vertex -28 16.5 15
      vertex -26 16.5 15
      vertex -26 16.463065021785415 15.469303395120694
    endloop
  endfacet
  facet normal 0 -0.9723699203976759 -0.23344536385590878
    outer loop
      vertex -28 16.463065021785415 15.469303395120694
      vertex -26 16.463065021785415 15.469303395120694
      vertex -26 16.35316954888546 15.927050983124841
    endloop
  endfacet
  facet normal 1 0 0
    outer loop
      vertex -28 13.5 18
      vertex -28 14.427050983124841 17.85316954888546
      vertex -28 13.969303395120694 17.963065021785415
    endloop
  endfacet
  facet normal 1 0 0
    outer loop
      vertex -28 13.5 18
      vertex -28 14.86197149921864 17.673019572565103
      vertex -28 14.427050983124841 17.85316954888546
    endloop
  endfacet
  facet normal 0 -0.0784590957278417 -0.9969173337331282
    outer loop
      vertex -28 13.5 18
      vertex -28 13.969303395120694 17.963065021785415
      vertex -26 13.969303395120694 17.963065021785415
    endloop
  endfacet
  facet normal 0 -0.23344536385590878 -0.9723699203976759
    outer loop
      vertex -28 13.969303395120694 17.963065021785415
      vertex -28 14.427050983124841 17.85316954888546
      vertex -26 14.427050983124841 17.85316954888546
    endloop
  endfacet
  facet normal 1 0 0
    outer loop
      vertex -28 16.463065021785415 15.469303395120694
      vertex -28 16.35316954888546 15.927050983124841
      vertex -28 13.5 18
    endloop
  endfacet
  facet normal 1 0 0
    outer loop
      vertex -28 13.5 18
      vertex -28 16.35316954888546 15.927050983124841
      vertex -28 16.173019572565103 16.36197149921864
    endloop
  endfacet
  facet normal 1 0 0
    outer loop
      vertex -28 16.5 15
      vertex -28 16.463065021785415 15.469303395120694
      vertex -28 13.5 18
    endloop
  endfacet
  facet normal 0 -0.9723699203976759 -0.23344536385590878
    outer loop
      vertex -28 16.463065021785415 15.469303395120694
      vertex -26 16.35316954888546 15.927050983124841
      vertex -28 16.35316954888546 15.927050983124841
    endloop
  endfacet
  facet normal 0 -0.9238795325112863 -0.38268343236509084
    outer loop
      vertex -28 16.35316954888546 15.927050983124841
      vertex -26 16.173019572565103 16.36197149921864
      vertex -28 16.173019572565103 16.36197149921864
    endloop
  endfacet
  facet normal 0 -0.8526401643540942 -0.5224985647159456
    outer loop
      vertex -28 15.927050983124843 16.76335575687742
      vertex -28 16.173019572565103 16.36197149921864
      vertex -26 15.927050983124843 16.76335575687742
    endloop
  endfacet
  facet normal 1 0 0
    outer loop
      vertex -28 13.5 18
      vertex -28 16.173019572565103 16.36197149921864
      vertex -28 15.927050983124843 16.76335575687742
    endloop
  endfacet
  facet normal 1 0 0
    outer loop
      vertex -28 13.5 18
      vertex -28 15.927050983124843 16.76335575687742
      vertex -28 15.621320343559642 17.121320343559642
    endloop
  endfacet
  facet normal 1 0 0
    outer loop
      vertex -28 13.5 18
      vertex -28 15.26335575687742 17.427050983124843
      vertex -28 14.86197149921864 17.673019572565103
    endloop
  endfacet
  facet normal 1 0 0
    outer loop
      vertex -28 13.5 18
      vertex -28 15.621320343559642 17.121320343559642
      vertex -28 15.26335575687742 17.427050983124843
    endloop
  endfacet
  facet normal 0 -0.38268343236509084 -0.9238795325112863
    outer loop
      vertex -28 14.427050983124841 17.85316954888546
      vertex -28 14.86197149921864 17.673019572565103
      vertex -26 14.86197149921864 17.673019572565103
    endloop
  endfacet
  facet normal 0 -0.5224985647159456 -0.8526401643540942
    outer loop
      vertex -28 15.26335575687742 17.427050983124843
      vertex -26 15.26335575687742 17.427050983124843
      vertex -28 14.86197149921864 17.673019572565103
    endloop
  endfacet
  facet normal 0 -0.760405965600028 -0.649448048330187
    outer loop
      vertex -28 15.927050983124843 16.76335575687742
      vertex -26 15.621320343559642 17.121320343559642
      vertex -28 15.621320343559642 17.121320343559642
    endloop
  endfacet
  facet normal 0 -0.649448048330187 -0.760405965600028
    outer loop
      vertex -28 15.26335575687742 17.427050983124843
      vertex -28 15.621320343559642 17.121320343559642
      vertex -26 15.621320343559642 17.121320343559642
    endloop
  endfacet
  facet normal 0 -0.0784590957278417 -0.9969173337331282
    outer loop
      vertex -28 13.5 18
      vertex -26 13.969303395120694 17.963065021785415
      vertex -26 13.5 18
    endloop
  endfacet
  facet normal 0 -0.23344536385590878 -0.9723699203976759
    outer loop
      vertex -28 13.969303395120694 17.963065021785415
      vertex -26 14.427050983124841 17.85316954888546
      vertex -26 13.969303395120694 17.963065021785415
    endloop
  endfacet
  facet normal -1 0 0
    outer loop
      vertex -26 13.5 18
      vertex -26 13.969303395120694 17.963065021785415
      vertex -26 14.427050983124841 17.85316954888546
    endloop
  endfacet
  facet normal -1 0 0
    outer loop
      vertex -26 13.5 18
      vertex -26 14.427050983124841 17.85316954888546
      vertex -26 14.86197149921864 17.673019572565103
    endloop
  endfacet
  facet normal -1 0 0
    outer loop
      vertex -26 16.463065021785415 15.469303395120694
      vertex -26 13.5 18
      vertex -26 16.35316954888546 15.927050983124841
    endloop
  endfacet
  facet normal -1 0 0
    outer loop
      vertex -26 13.5 18
      vertex -26 16.173019572565103 16.36197149921864
      vertex -26 16.35316954888546 15.927050983124841
    endloop
  endfacet
  facet normal -1 0 0
    outer loop
      vertex -26 16.5 15
      vertex -26 13.5 18
      vertex -26 16.463065021785415 15.469303395120694
    endloop
  endfacet
  facet normal 0 -0.9238795325112863 -0.38268343236509084
    outer loop
      vertex -28 16.35316954888546 15.927050983124841
      vertex -26 16.35316954888546 15.927050983124841
      vertex -26 16.173019572565103 16.36197149921864
    endloop
  endfacet
  facet normal 0 -0.8526401643540942 -0.5224985647159456
    outer loop
      vertex -28 16.173019572565103 16.36197149921864
      vertex -26 16.173019572565103 16.36197149921864
      vertex -26 15.927050983124843 16.76335575687742
    endloop
  endfacet
  facet normal -1 0 0
    outer loop
      vertex -26 13.5 18
      vertex -26 15.927050983124843 16.76335575687742
      vertex -26 16.173019572565103 16.36197149921864
    endloop
  endfacet
  facet normal 0 -0.649448048330187 -0.760405965600028
    outer loop
      vertex -28 15.26335575687742 17.427050983124843
      vertex -26 15.621320343559642 17.121320343559642
      vertex -26 15.26335575687742 17.427050983124843
    endloop
  endfacet
  facet normal -1 0 0
    outer loop
      vertex -26 13.5 18
      vertex -26 15.621320343559642 17.121320343559642
      vertex -26 15.927050983124843 16.76335575687742
    endloop
  endfacet
  facet normal -1 0 0
    outer loop
      vertex -26 13.5 18
      vertex -26 14.86197149921864 17.673019572565103
      vertex -26 15.26335575687742 17.427050983124843
    endloop
  endfacet
  facet normal -1 0 0
    outer loop
      vertex -26 13.5 18
      vertex -26 15.26335575687742 17.427050983124843
      vertex -26 15.621320343559642 17.121320343559642
    endloop
  endfacet
  facet normal 0 -0.38268343236509084 -0.9238795325112863
    outer loop
      vertex -28 14.427050983124841 17.85316954888546
      vertex -26 14.86197149921864 17.673019572565103
      vertex -26 14.427050983124841 17.85316954888546
    endloop
  endfacet
  facet normal 0 -0.5224985647159456 -0.8526401643540942
    outer loop
      vertex -28 14.86197149921864 17.673019572565103
      vertex -26 15.26335575687742 17.427050983124843
      vertex -26 14.86197149921864 17.673019572565103
    endloop
  endfacet
  facet normal 0 -0.760405965600028 -0.649448048330187
    outer loop
      vertex -28 15.927050983124843 16.76335575687742
      vertex -26 15.927050983124843 16.76335575687742
      vertex -26 15.621320343559642 17.121320343559642
    endloop
  endfacet
  facet normal 0 0 1
    outer loop
      vertex 26 -16.102877198482638 3.6
      vertex 27.5 -16.5 3.6
      vertex 28 -16.5 3.6
    endloop
  endfacet
  facet normal 0 1 0
    outer loop
      vertex 26 -16.5 3.6
      vertex 26 -16.5 15
      vertex 27.5 -16.5 3.6
    endloop
  endfacet
  facet normal 0 1 0
    outer loop
      vertex 27.5 -16.5 3.6
      vertex 26 -16.5 15
      vertex 28 -16.5 3.6
    endloop
  endfacet
  facet normal -1 0 0
    outer loop
      vertex 28 -16.5 3.6
      vertex 28 -13.5 18
      vertex 28 -16.452768222130228 3.6
    endloop
  endfacet
  facet normal 0 0 1
    outer loop
      vertex 26 -16.102877198482638 3.6
      vertex 28 -16.5 3.6
      vertex 26 16.20614511087408 3.6
    endloop
  endfacet
  facet normal 0 0 1
    outer loop
      vertex 28 -16.5 3.6
      vertex 28 -16.452768222130228 3.6
      vertex 26 16.20614511087408 3.6
    endloop
  endfacet
  facet normal 1 0 0
    outer loop
      vertex 26 -16.5 3.6
      vertex 26 16.5 3.6
      vertex 26 -13.5 18
    endloop
  endfacet
  facet normal -1 0 0
    outer loop
      vertex 28 -16.452768222130228 3.6
      vertex 28 -13.5 18
      vertex 28 16.45358197686165 3.6
    endloop
  endfacet
  facet normal 0 1 0
    outer loop
      vertex 28 -16.5 3.6
      vertex 26 -16.5 15
      vertex 28 -16.5 15
    endloop
  endfacet
  facet normal 1 0 0
    outer loop
      vertex 26 -16.5 3.6
      vertex 26 -13.5 18
      vertex 26 -16.5 15
    endloop
  endfacet
  facet normal -1 0 0
    outer loop
      vertex 28 -16.5 3.6
      vertex 28 -16.5 15
      vertex 28 -13.5 18
    endloop
  endfacet
  facet normal 0 0.9961946980917454 -0.08715574274765958
    outer loop
      vertex 26 -16.5 15
      vertex 26 -16.454423259036624 15.52094453300079
      vertex 28 -16.5 15
    endloop
  endfacet
  facet normal 1 0 0
    outer loop
      vertex 26 -16.5 15
      vertex 26 -16.319077862357727 16.026060429977008
      vertex 26 -16.454423259036624 15.52094453300079
    endloop
  endfacet
  facet normal 0 0.9659258262890698 -0.25881904510251574
    outer loop
      vertex 26 -16.454423259036624 15.52094453300079
      vertex 26 -16.319077862357727 16.026060429977008
      vertex 28 -16.454423259036624 15.52094453300079
    endloop
  endfacet
  facet normal 0 0.9961946980917454 -0.08715574274765958
    outer loop
      vertex 26 -16.454423259036624 15.52094453300079
      vertex 28 -16.454423259036624 15.52094453300079
      vertex 28 -16.5 15
    endloop
  endfacet
  facet normal -1 0 0
    outer loop
      vertex 28 -16.5 15
      vertex 28 -16.454423259036624 15.52094453300079
      vertex 28 -16.319077862357727 16.026060429977008
    endloop
  endfacet
  facet normal 1 0 0
    outer loop
      vertex 26 -16.5 15
      vertex 26 -16.098076211353316 16.5
      vertex 26 -16.319077862357727 16.026060429977008
    endloop
  endfacet
  facet normal 1 0 0
    outer loop
      vertex 26 -16.5 15
      vertex 26 -15.798133329356935 16.92836282905962
      vertex 26 -16.098076211353316 16.5
    endloop
  endfacet
  facet normal 0 0.9063077870366483 -0.4226182617407029
    outer loop
      vertex 26 -16.319077862357727 16.026060429977008
      vertex 26 -16.098076211353316 16.5
      vertex 28 -16.319077862357727 16.026060429977008
    endloop
  endfacet
  facet normal 0 0.8191520442889928 -0.5735764363510446
    outer loop
      vertex 26 -16.098076211353316 16.5
      vertex 26 -15.798133329356935 16.92836282905962
      vertex 28 -16.098076211353316 16.5
    endloop
  endfacet
  facet normal 1 0 0
    outer loop
      vertex 26 -16.5 15
      vertex 26 -15.428362829059617 17.298133329356936
      vertex 26 -15.798133329356935 16.92836282905962
    endloop
  endfacet
  facet normal 1 0 0
    outer loop
      vertex 26 -16.5 15
      vertex 26 -15 17.598076211353316
      vertex 26 -15.428362829059617 17.298133329356936
    endloop
  endfacet
  facet normal 1 0 0
    outer loop
      vertex 26 -16.5 15
      vertex 26 -14.526060429977006 17.819077862357727
      vertex 26 -15 17.598076211353316
    endloop
  endfacet
  facet normal 0 0.7071067811865475 -0.7071067811865475
    outer loop
      vertex 26 -15.798133329356935 16.92836282905962
      vertex 26 -15.428362829059617 17.298133329356936
      vertex 28 -15.798133329356935 16.92836282905962
    endloop
  endfacet
  facet normal 1 0 0
    outer loop
      vertex 26 -16.5 15
      vertex 26 -14.02094453300079 17.954423259036624
      vertex 26 -14.526060429977006 17.819077862357727
    endloop
  endfacet
  facet normal 1 0 0
    outer loop
      vertex 26 -16.5 15
      vertex 26 -13.5 18
      vertex 26 -14.02094453300079 17.954423259036624
    endloop
  endfacet
  facet normal 0 0.5735764363510439 -0.8191520442889935
    outer loop
      vertex 26 -15.428362829059617 17.298133329356936
      vertex 26 -15 17.598076211353316
      vertex 28 -15 17.598076211353316
    endloop
  endfacet
  facet normal 0 0.42261826174070166 -0.906307787036649
    outer loop
      vertex 26 -15 17.598076211353316
      vertex 26 -14.526060429977006 17.819077862357727
      vertex 28 -14.526060429977006 17.819077862357727
    endloop
  endfacet
  facet normal 0 0.2588190451025166 -0.9659258262890694
    outer loop
      vertex 26 -14.526060429977006 17.819077862357727
      vertex 26 -14.02094453300079 17.954423259036624
      vertex 28 -14.02094453300079 17.954423259036624
    endloop
  endfacet
  facet normal 0 0.08715574274765958 -0.9961946980917454
    outer loop
      vertex 26 -14.02094453300079 17.954423259036624
      vertex 26 -13.5 18
      vertex 28 -13.5 18
    endloop
  endfacet
  facet normal 0 0.9659258262890698 -0.25881904510251574
    outer loop
      vertex 28 -16.454423259036624 15.52094453300079
      vertex 26 -16.319077862357727 16.026060429977008
      vertex 28 -16.319077862357727 16.026060429977008
    endloop
  endfacet
  facet normal -1 0 0
    outer loop
      vertex 28 -16.5 15
      vertex 28 -16.319077862357727 16.026060429977008
      vertex 28 -16.098076211353316 16.5
    endloop
  endfacet
  facet normal -1 0 0
    outer loop
      vertex 28 -16.5 15
      vertex 28 -16.098076211353316 16.5
      vertex 28 -15.798133329356935 16.92836282905962
    endloop
  endfacet
  facet normal 0 0.9063077870366483 -0.4226182617407029
    outer loop
      vertex 26 -16.098076211353316 16.5
      vertex 28 -16.098076211353316 16.5
      vertex 28 -16.319077862357727 16.026060429977008
    endloop
  endfacet
  facet normal 0 0.8191520442889928 -0.5735764363510446
    outer loop
      vertex 26 -15.798133329356935 16.92836282905962
      vertex 28 -15.798133329356935 16.92836282905962
      vertex 28 -16.098076211353316 16.5
    endloop
  endfacet
  facet normal -1 0 0
    outer loop
      vertex 28 -16.5 15
      vertex 28 -15.798133329356935 16.92836282905962
      vertex 28 -15.428362829059617 17.298133329356936
    endloop
  endfacet
  facet normal -1 0 0
    outer loop
      vertex 28 -16.5 15
      vertex 28 -15.428362829059617 17.298133329356936
      vertex 28 -15 17.598076211353316
    endloop
  endfacet
  facet normal -1 0 0
    outer loop
      vertex 28 -16.5 15
      vertex 28 -15 17.598076211353316
      vertex 28 -14.526060429977006 17.819077862357727
    endloop
  endfacet
  facet normal 0 0.7071067811865475 -0.7071067811865475
    outer loop
      vertex 26 -15.428362829059617 17.298133329356936
      vertex 28 -15.428362829059617 17.298133329356936
      vertex 28 -15.798133329356935 16.92836282905962
    endloop
  endfacet
  facet normal 0 0.5735764363510439 -0.8191520442889935
    outer loop
      vertex 26 -15.428362829059617 17.298133329356936
      vertex 28 -15 17.598076211353316
      vertex 28 -15.428362829059617 17.298133329356936
    endloop
  endfacet
  facet normal -1 0 0
    outer loop
      vertex 28 -16.5 15
      vertex 28 -14.526060429977006 17.819077862357727
      vertex 28 -14.02094453300079 17.954423259036624
    endloop
  endfacet
  facet normal -1 0 0
    outer loop
      vertex 28 -16.5 15
      vertex 28 -14.02094453300079 17.954423259036624
      vertex 28 -13.5 18
    endloop
  endfacet
  facet normal 0 0.42261826174070166 -0.906307787036649
    outer loop
      vertex 26 -15 17.598076211353316
      vertex 28 -14.526060429977006 17.819077862357727
      vertex 28 -15 17.598076211353316
    endloop
  endfacet
  facet normal 0 0.2588190451025166 -0.9659258262890694
    outer loop
      vertex 26 -14.526060429977006 17.819077862357727
      vertex 28 -14.02094453300079 17.954423259036624
      vertex 28 -14.526060429977006 17.819077862357727
    endloop
  endfacet
  facet normal 0 0.08715574274765958 -0.9961946980917454
    outer loop
      vertex 26 -14.02094453300079 17.954423259036624
      vertex 28 -13.5 18
      vertex 28 -14.02094453300079 17.954423259036624
    endloop
  endfacet
  facet normal 0 0 -1
    outer loop
      vertex 26 -13.5 18
      vertex 28 13.5 18
      vertex 28 -13.5 18
    endloop
  endfacet
  facet normal 0 0 1
    outer loop
      vertex 28 -16.452768222130228 3.6
      vertex 28 16.195159881374046 3.6
      vertex 26 16.20614511087408 3.6
    endloop
  endfacet
  facet normal -1 0 0
    outer loop
      vertex 28 -13.5 18
      vertex 28 16.5 3.6
      vertex 28 16.45358197686165 3.6
    endloop
  endfacet
  facet normal 0 0 1
    outer loop
      vertex 27.5 16.5 3.6
      vertex 28 16.45358197686165 3.6
      vertex 28 16.5 3.6
    endloop
  endfacet
  facet normal 0 -1 0
    outer loop
      vertex 26 16.5 3.6
      vertex 27.5 16.5 3.6
      vertex 28 16.5 15
    endloop
  endfacet
  facet normal 0 -1 0
    outer loop
      vertex 27.5 16.5 3.6
      vertex 28 16.5 3.6
      vertex 28 16.5 15
    endloop
  endfacet
  facet normal 1 0 0
    outer loop
      vertex 26 -13.5 18
      vertex 26 16.5 3.6
      vertex 26 13.5 18
    endloop
  endfacet
  facet normal -1 0 0
    outer loop
      vertex 28 -13.5 18
      vertex 28 13.5 18
      vertex 28 16.5 3.6
    endloop
  endfacet
  facet normal 0 0 -1
    outer loop
      vertex 26 -13.5 18
      vertex 26 13.5 18
      vertex 28 13.5 18
    endloop
  endfacet
  facet normal 0 -1 0
    outer loop
      vertex 26 16.5 3.6
      vertex 28 16.5 15
      vertex 26 16.5 15
    endloop
  endfacet
  facet normal 1 0 0
    outer loop
      vertex 26 16.5 3.6
      vertex 26 16.5 15
      vertex 26 13.5 18
    endloop
  endfacet
  facet normal -1 0 0
    outer loop
      vertex 28 16.5 3.6
      vertex 28 13.5 18
      vertex 28 16.5 15
    endloop
  endfacet
  facet normal 0 -0.9969173337331282 -0.0784590957278417
    outer loop
      vertex 26 16.5 15
      vertex 28 16.463065021785415 15.469303395120694
      vertex 26 16.463065021785415 15.469303395120694
    endloop
  endfacet
  facet normal 0 -0.9969173337331282 -0.0784590957278417
    outer loop
      vertex 26 16.5 15
      vertex 28 16.5 15
      vertex 28 16.463065021785415 15.469303395120694
    endloop
  endfacet
  facet normal 0 -0.9723699203976759 -0.23344536385590878
    outer loop
      vertex 26 16.463065021785415 15.469303395120694
      vertex 28 16.463065021785415 15.469303395120694
      vertex 28 16.35316954888546 15.927050983124841
    endloop
  endfacet
  facet normal 0 -0.0784590957278417 -0.9969173337331282
    outer loop
      vertex 26 13.5 18
      vertex 26 13.969303395120694 17.963065021785415
      vertex 28 13.969303395120694 17.963065021785415
    endloop
  endfacet
  facet normal 1 0 0
    outer loop
      vertex 26 13.5 18
      vertex 26 14.427050983124841 17.85316954888546
      vertex 26 13.969303395120694 17.963065021785415
    endloop
  endfacet
  facet normal 1 0 0
    outer loop
      vertex 26 13.5 18
      vertex 26 14.86197149921864 17.673019572565103
      vertex 26 14.427050983124841 17.85316954888546
    endloop
  endfacet
  facet normal 0 -0.23344536385590878 -0.9723699203976759
    outer loop
      vertex 26 13.969303395120694 17.963065021785415
      vertex 26 14.427050983124841 17.85316954888546
      vertex 28 14.427050983124841 17.85316954888546
    endloop
  endfacet
  facet normal 1 0 0
    outer loop
      vertex 26 16.463065021785415 15.469303395120694
      vertex 26 16.35316954888546 15.927050983124841
      vertex 26 13.5 18
    endloop
  endfacet
  facet normal 1 0 0
    outer loop
      vertex 26 13.5 18
      vertex 26 16.35316954888546 15.927050983124841
      vertex 26 16.173019572565103 16.36197149921864
    endloop
  endfacet
  facet normal 1 0 0
    outer loop
      vertex 26 16.5 15
      vertex 26 16.463065021785415 15.469303395120694
      vertex 26 13.5 18
    endloop
  endfacet
  facet normal 0 -0.9723699203976759 -0.23344536385590878
    outer loop
      vertex 26 16.463065021785415 15.469303395120694
      vertex 28 16.35316954888546 15.927050983124841
      vertex 26 16.35316954888546 15.927050983124841
    endloop
  endfacet
  facet normal 0 -0.9238795325112863 -0.38268343236509084
    outer loop
      vertex 26 16.35316954888546 15.927050983124841
      vertex 28 16.173019572565103 16.36197149921864
      vertex 26 16.173019572565103 16.36197149921864
    endloop
  endfacet
  facet normal 0 -0.8526401643540942 -0.5224985647159456
    outer loop
      vertex 26 15.927050983124843 16.76335575687742
      vertex 26 16.173019572565103 16.36197149921864
      vertex 28 15.927050983124843 16.76335575687742
    endloop
  endfacet
  facet normal 1 0 0
    outer loop
      vertex 26 13.5 18
      vertex 26 16.173019572565103 16.36197149921864
      vertex 26 15.927050983124843 16.76335575687742
    endloop
  endfacet
  facet normal 1 0 0
    outer loop
      vertex 26 13.5 18
      vertex 26 15.927050983124843 16.76335575687742
      vertex 26 15.621320343559642 17.121320343559642
    endloop
  endfacet
  facet normal 1 0 0
    outer loop
      vertex 26 13.5 18
      vertex 26 15.26335575687742 17.427050983124843
      vertex 26 14.86197149921864 17.673019572565103
    endloop
  endfacet
  facet normal 1 0 0
    outer loop
      vertex 26 13.5 18
      vertex 26 15.621320343559642 17.121320343559642
      vertex 26 15.26335575687742 17.427050983124843
    endloop
  endfacet
  facet normal 0 -0.38268343236509084 -0.9238795325112863
    outer loop
      vertex 26 14.427050983124841 17.85316954888546
      vertex 26 14.86197149921864 17.673019572565103
      vertex 28 14.86197149921864 17.673019572565103
    endloop
  endfacet
  facet normal 0 -0.5224985647159456 -0.8526401643540942
    outer loop
      vertex 26 15.26335575687742 17.427050983124843
      vertex 28 15.26335575687742 17.427050983124843
      vertex 26 14.86197149921864 17.673019572565103
    endloop
  endfacet
  facet normal 0 -0.760405965600028 -0.649448048330187
    outer loop
      vertex 26 15.927050983124843 16.76335575687742
      vertex 28 15.621320343559642 17.121320343559642
      vertex 26 15.621320343559642 17.121320343559642
    endloop
  endfacet
  facet normal 0 -0.649448048330187 -0.760405965600028
    outer loop
      vertex 26 15.26335575687742 17.427050983124843
      vertex 26 15.621320343559642 17.121320343559642
      vertex 28 15.621320343559642 17.121320343559642
    endloop
  endfacet
  facet normal 0 -0.0784590957278417 -0.9969173337331282
    outer loop
      vertex 26 13.5 18
      vertex 28 13.969303395120694 17.963065021785415
      vertex 28 13.5 18
    endloop
  endfacet
  facet normal 0 -0.23344536385590878 -0.9723699203976759
    outer loop
      vertex 26 13.969303395120694 17.963065021785415
      vertex 28 14.427050983124841 17.85316954888546
      vertex 28 13.969303395120694 17.963065021785415
    endloop
  endfacet
  facet normal -1 0 0
    outer loop
      vertex 28 13.5 18
      vertex 28 13.969303395120694 17.963065021785415
      vertex 28 14.427050983124841 17.85316954888546
    endloop
  endfacet
  facet normal -1 0 0
    outer loop
      vertex 28 13.5 18
      vertex 28 14.427050983124841 17.85316954888546
      vertex 28 14.86197149921864 17.673019572565103
    endloop
  endfacet
  facet normal -1 0 0
    outer loop
      vertex 28 16.463065021785415 15.469303395120694
      vertex 28 13.5 18
      vertex 28 16.35316954888546 15.927050983124841
    endloop
  endfacet
  facet normal -1 0 0
    outer loop
      vertex 28 13.5 18
      vertex 28 16.173019572565103 16.36197149921864
      vertex 28 16.35316954888546 15.927050983124841
    endloop
  endfacet
  facet normal 0 -0.9238795325112863 -0.38268343236509084
    outer loop
      vertex 26 16.35316954888546 15.927050983124841
      vertex 28 16.35316954888546 15.927050983124841
      vertex 28 16.173019572565103 16.36197149921864
    endloop
  endfacet
  facet normal -1 0 0
    outer loop
      vertex 28 16.5 15
      vertex 28 13.5 18
      vertex 28 16.463065021785415 15.469303395120694
    endloop
  endfacet
  facet normal 0 -0.8526401643540942 -0.5224985647159456
    outer loop
      vertex 26 16.173019572565103 16.36197149921864
      vertex 28 16.173019572565103 16.36197149921864
      vertex 28 15.927050983124843 16.76335575687742
    endloop
  endfacet
  facet normal 0 -0.649448048330187 -0.760405965600028
    outer loop
      vertex 26 15.26335575687742 17.427050983124843
      vertex 28 15.621320343559642 17.121320343559642
      vertex 28 15.26335575687742 17.427050983124843
    endloop
  endfacet
  facet normal -1 0 0
    outer loop
      vertex 28 13.5 18
      vertex 28 15.927050983124843 16.76335575687742
      vertex 28 16.173019572565103 16.36197149921864
    endloop
  endfacet
  facet normal -1 0 0
    outer loop
      vertex 28 13.5 18
      vertex 28 15.621320343559642 17.121320343559642
      vertex 28 15.927050983124843 16.76335575687742
    endloop
  endfacet
  facet normal 0 -0.38268343236509084 -0.9238795325112863
    outer loop
      vertex 26 14.427050983124841 17.85316954888546
      vertex 28 14.86197149921864 17.673019572565103
      vertex 28 14.427050983124841 17.85316954888546
    endloop
  endfacet
  facet normal 0 -0.5224985647159456 -0.8526401643540942
    outer loop
      vertex 26 14.86197149921864 17.673019572565103
      vertex 28 15.26335575687742 17.427050983124843
      vertex 28 14.86197149921864 17.673019572565103
    endloop
  endfacet
  facet normal -1 0 0
    outer loop
      vertex 28 13.5 18
      vertex 28 14.86197149921864 17.673019572565103
      vertex 28 15.26335575687742 17.427050983124843
    endloop
  endfacet
  facet normal -1 0 0
    outer loop
      vertex 28 13.5 18
      vertex 28 15.26335575687742 17.427050983124843
      vertex 28 15.621320343559642 17.121320343559642
    endloop
  endfacet
  facet normal 0 -0.760405965600028 -0.649448048330187
    outer loop
      vertex 26 15.927050983124843 16.76335575687742
      vertex 28 15.927050983124843 16.76335575687742
      vertex 28 15.621320343559642 17.121320343559642
    endloop
  endfacet
  facet normal -0.6343932841636453 0 -0.7730104533627371
    outer loop
      vertex -1.6235064793593155 -16.5 3.6
      vertex -1.648364537750172 -16.5 3.6204004813025565
      vertex -1.6235064793593155 -16.34003579873925 3.6
    endloop
  endfacet
  facet normal 0 -1 0
    outer loop
      vertex -1.6235064793593155 -16.5 3.6
      vertex -0.6111272563215624 -16.5 4.5853834264672
      vertex -0.6696375719095927 -16.5 4.627311325679641
    endloop
  endfacet
  facet normal 0 -1 0
    outer loop
      vertex -1.6235064793593155 -16.5 3.6
      vertex -0.6696375719095927 -16.5 4.627311325679641
      vertex -0.7252803966100758 -16.5 4.672976211773125
    endloop
  endfacet
  facet normal 0 -1 0
    outer loop
      vertex -1.6235064793593155 -16.5 3.6
      vertex -0.7252803966100758 -16.5 4.672976211773125
      vertex -0.776316400371056 -16.5 4.72077664558275
    endloop
  endfacet
  facet normal 0 -1 0
    outer loop
      vertex -1.6235064793593155 -16.5 3.6
      vertex -0.776316400371056 -16.5 4.72077664558275
      vertex -0.7778174593052024 -16.5 4.7221825406947975
    endloop
  endfacet
  facet normal 0 -1 0
    outer loop
      vertex -1.6235064793593155 -16.5 3.6
      vertex -0.7778174593052024 -16.5 4.7221825406947975
      vertex -0.8270237882268752 -16.5 4.774719603389924
    endloop
  endfacet
  facet normal 0 -1 0
    outer loop
      vertex -1.6235064793593155 -16.5 3.6
      vertex -0.8270237882268752 -16.5 4.774719603389924
      vertex -0.8283284992581176 -16.5 4.7763093983813665
    endloop
  endfacet
  facet normal 0 -1 0
    outer loop
      vertex -1.6235064793593155 -16.5 3.6
      vertex -0.8283284992581176 -16.5 4.7763093983813665
      vertex -0.8726886743203588 -16.5 4.830362428090408
    endloop
  endfacet
  facet normal 0 -1 0
    outer loop
      vertex -1.6235064793593155 -16.5 3.6
      vertex -0.8726886743203588 -16.5 4.830362428090408
      vertex -0.9146165735327998 -16.5 4.888872743678437
    endloop
  endfacet
  facet normal 0 -1 0
    outer loop
      vertex -1.6235064793593155 -16.5 3.6
      vertex -0.9146165735327998 -16.5 4.888872743678437
      vertex -0.9157026126936593 -16.5 4.890619236716196
    endloop
  endfacet
  facet normal 0 -1 0
    outer loop
      vertex -1.6235064793593155 -16.5 3.6
      vertex -0.9157026126936593 -16.5 4.890619236716196
      vertex -0.9526279441628825 -16.5 4.95
    endloop
  endfacet
  facet normal 0 -1 0
    outer loop
      vertex -1.6235064793593155 -16.5 3.6
      vertex -0.4209517756015988 -16.5 4.483732514237585
      vertex -0.48651755924090145 -16.5 4.513439984314043
    endloop
  endfacet
  facet normal 0 -1 0
    outer loop
      vertex -1.6235064793593155 -16.5 3.6
      vertex -0.3535834118334778 -16.5 4.4583768575553835
      vertex -0.4190269652082239 -16.5 4.483008066903808
    endloop
  endfacet
  facet normal 0 -1 0
    outer loop
      vertex -1.6235064793593155 -16.5 3.6
      vertex -0.2847009496127728 -16.5 4.437481591082024
      vertex -0.3535834118334778 -16.5 4.4583768575553835
    endloop
  endfacet
  facet normal 0 -1 0
    outer loop
      vertex -1.6235064793593155 -16.5 3.6
      vertex -0.4190269652082239 -16.5 4.483008066903808
      vertex -0.4209517756015988 -16.5 4.483732514237585
    endloop
  endfacet
  facet normal 0 -1 0
    outer loop
      vertex -1.6235064793593155 -16.5 3.6
      vertex -0.14357881144205675 -16.5 4.409410652488809
      vertex -0.2145993542177411 -16.5 4.421136191556446
    endloop
  endfacet
  facet normal 0 -1 0
    outer loop
      vertex -1.6235064793593155 -16.5 3.6
      vertex -0.07194344215315737 -16.5 4.402355184437536
      vertex -0.14153208660523106 -16.5 4.409209067687344
    endloop
  endfacet
  facet normal 0 -1 0
    outer loop
      vertex -1.6235064793593155 -16.5 3.6
      vertex -0.14153208660523106 -16.5 4.409209067687344
      vertex -0.14357881144205675 -16.5 4.409410652488809
    endloop
  endfacet
  facet normal 0 -1 0
    outer loop
      vertex -1.6235064793593155 -16.5 3.6
      vertex 0 -16.5 4.4
      vertex -0.07194344215315737 -16.5 4.402355184437536
    endloop
  endfacet
  facet normal 0 -1 0
    outer loop
      vertex -1.6235064793593155 -16.5 3.6
      vertex -0.2145993542177411 -16.5 4.421136191556446
      vertex -0.2847009496127728 -16.5 4.437481591082024
    endloop
  endfacet
  facet normal 0 -1 0
    outer loop
      vertex -1.6235064793593155 -16.5 3.6
      vertex -0.55 -16.5 4.547372055837117
      vertex -0.6093807632838034 -16.5 4.584297387306341
    endloop
  endfacet
  facet normal 0 -1 0
    outer loop
      vertex -1.6235064793593155 -16.5 3.6
      vertex -0.48651755924090145 -16.5 4.513439984314043
      vertex -0.55 -16.5 4.547372055837117
    endloop
  endfacet
  facet normal 0 -1 0
    outer loop
      vertex -1.6235064793593155 -16.5 3.6
      vertex -0.6093807632838034 -16.5 4.584297387306341
      vertex -0.6111272563215624 -16.5 4.5853834264672
    endloop
  endfacet
  facet normal 0 -1 0
    outer loop
      vertex -1.9833833507280878 -16.5 3.9780964274781985
      vertex -1.8795995186974435 -16.5 3.8516354622498277
      vertex -1.9833833507280878 -16.5 7.0219035725218015
    endloop
  endfacet
  facet normal 0 -1 0
    outer loop
      vertex -1.9833833507280878 -16.5 3.9780964274781985
      vertex -2.078674030756363 -16.5 6.888925582549005
      vertex -2.078674030756363 -16.5 4.111074417450995
    endloop
  endfacet
  facet normal 0 -1 0
    outer loop
      vertex -2.078674030756363 -16.5 4.111074417450995
      vertex -2.1650635094610964 -16.5 6.75
      vertex -2.1650635094610964 -16.5 4.25
    endloop
  endfacet
  facet normal 0 -1 0
    outer loop
      vertex -2.3673253237377643 -16.5 4.696401336742096
      vertex -2.4148145657226707 -16.5 6.147047612756301
      vertex -2.4148145657226707 -16.5 4.852952387243699
    endloop
  endfacet
  facet normal 0 -1 0
    outer loop
      vertex -2.4148145657226707 -16.5 4.852952387243699
      vertex -2.451963201008076 -16.5 5.987725805040321
      vertex -2.451963201008076 -16.5 5.012274194959679
    endloop
  endfacet
  facet normal 0 -1 0
    outer loop
      vertex -2.451963201008076 -16.5 5.012274194959679
      vertex -2.478612153434526 -16.5 5.826315480550129
      vertex -2.478612153434526 -16.5 5.173684519449871
    endloop
  endfacet
  facet normal 0 -1 0
    outer loop
      vertex -2.2421818538317204 -16.5 4.394278274452496
      vertex -2.309698831278217 -16.5 6.456708580912725
      vertex -2.309698831278217 -16.5 4.543291419087275
    endloop
  endfacet
  facet normal 0 -1 0
    outer loop
      vertex -2.1650635094610964 -16.5 4.25
      vertex -2.2421818538317204 -16.5 6.605721725547504
      vertex -2.2421818538317204 -16.5 4.394278274452496
    endloop
  endfacet
  facet normal 0 -1 0
    outer loop
      vertex -2.309698831278217 -16.5 4.543291419087275
      vertex -2.3673253237377643 -16.5 6.303598663257904
      vertex -2.3673253237377643 -16.5 4.696401336742096
    endloop
  endfacet
  facet normal 0 -1 0
    outer loop
      vertex -2.478612153434526 -16.5 5.173684519449871
      vertex -2.494647308096509 -16.5 5.663507823075357
      vertex -2.494647308096509 -16.5 5.336492176924643
    endloop
  endfacet
  facet normal 0 -1 0
    outer loop
      vertex -2.494647308096509 -16.5 5.336492176924643
      vertex -2.494647308096509 -16.5 5.663507823075357
      vertex -2.5 -16.5 5.5
    endloop
  endfacet
  facet normal 0 -1 0
    outer loop
      vertex -2.478612153434526 -16.5 5.173684519449871
      vertex -2.478612153434526 -16.5 5.826315480550129
      vertex -2.494647308096509 -16.5 5.663507823075357
    endloop
  endfacet
  facet normal 0 -1 0
    outer loop
      vertex -2.451963201008076 -16.5 5.012274194959679
      vertex -2.451963201008076 -16.5 5.987725805040321
      vertex -2.478612153434526 -16.5 5.826315480550129
    endloop
  endfacet
  facet normal 0 -1 0
    outer loop
      vertex -1.6235064793593155 -16.5 3.6
      vertex -0.9865600156859572 -16.5 5.013482440759098
      vertex -0.9874088005452846 -16.5 5.015355748863079
    endloop
  endfacet
  facet normal 0 -1 0
    outer loop
      vertex -1.6235064793593155 -16.5 3.6
      vertex -0.9874088005452846 -16.5 5.015355748863079
      vertex -1.0162674857624154 -16.5 5.079048224398401
    endloop
  endfacet
  facet normal 0 -1 0
    outer loop
      vertex -1.6235064793593155 -16.5 3.6
      vertex -1.0162674857624154 -16.5 5.079048224398401
      vertex -1.0416231424446163 -16.5 5.146416588166522
    endloop
  endfacet
  facet normal 0 -1 0
    outer loop
      vertex -1.6235064793593155 -16.5 3.6
      vertex -0.9526279441628825 -16.5 4.95
      vertex -0.9865600156859572 -16.5 5.013482440759098
    endloop
  endfacet
  facet normal 0 -1 0
    outer loop
      vertex -1.6235064793593155 -16.5 3.6
      vertex -1.0416231424446163 -16.5 5.146416588166522
      vertex -1.0625184089179753 -16.5 5.215299050387227
    endloop
  endfacet
  facet normal 0 -1 0
    outer loop
      vertex -1.6235064793593155 -16.5 3.6
      vertex -1.0629854203329918 -16.5 5.217301953112799
      vertex -1.0788638084435536 -16.5 5.285400645782259
    endloop
  endfacet
  facet normal 0 -1 0
    outer loop
      vertex -1.6235064793593155 -16.5 3.6
      vertex -1.0625184089179753 -16.5 5.215299050387227
      vertex -1.0629854203329918 -16.5 5.217301953112799
    endloop
  endfacet
  facet normal 0 -1 0
    outer loop
      vertex -1.6235064793593155 -16.5 3.6
      vertex -1.0788638084435536 -16.5 5.285400645782259
      vertex -1.0791988238454862 -16.5 5.287429804147278
    endloop
  endfacet
  facet normal 0 -1 0
    outer loop
      vertex -1.6235064793593155 -16.5 3.6
      vertex -1.0791988238454862 -16.5 5.287429804147278
      vertex -1.0905893475111914 -16.5 5.356421188557944
    endloop
  endfacet
  facet normal 0 -1 0
    outer loop
      vertex -1.7677669529663689 -16.5 3.732233047033631
      vertex -1.8795995186974435 -16.5 7.148364537750172
      vertex -1.8795995186974435 -16.5 3.8516354622498277
    endloop
  endfacet
  facet normal 0 -1 0
    outer loop
      vertex -1.648364537750172 -16.5 3.6204004813025565
      vertex -1.7677669529663689 -16.5 7.267766952966369
      vertex -1.7677669529663689 -16.5 3.732233047033631
    endloop
  endfacet
  facet normal 0 -1 0
    outer loop
      vertex -1.6235064793593155 -16.5 3.6
      vertex -1.648364537750172 -16.5 7.379599518697443
      vertex -1.648364537750172 -16.5 3.6204004813025565
    endloop
  endfacet
  facet normal 0 -1 0
    outer loop
      vertex -1.6235064793593155 -16.5 3.6
      vertex -1.0905893475111914 -16.5 5.356421188557944
      vertex -1.0976448155624638 -16.5 5.428056557846842
    endloop
  endfacet
  facet normal 0 -1 0
    outer loop
      vertex -1.6235064793593155 -16.5 3.6
      vertex -1.0976448155624638 -16.5 5.428056557846842
      vertex -1.0977121065463935 -16.5 5.430112084765504
    endloop
  endfacet
  facet normal 0 -1 0
    outer loop
      vertex -1.6235064793593155 -16.5 3.6
      vertex -1.0977121065463935 -16.5 5.430112084765504
      vertex -1.1 -16.5 5.5
    endloop
  endfacet
  facet normal 0 -1 0
    outer loop
      vertex -1.6235064793593155 -16.5 3.6
      vertex -1.1 -16.5 5.5
      vertex -1.1057217255475034 -16.5 7.74218185383172
    endloop
  endfacet
  facet normal 0 -1 0
    outer loop
      vertex -2.4148145657226707 -16.5 4.852952387243699
      vertex -2.4148145657226707 -16.5 6.147047612756301
      vertex -2.451963201008076 -16.5 5.987725805040321
    endloop
  endfacet
  facet normal 0 -1 0
    outer loop
      vertex -2.3673253237377643 -16.5 4.696401336742096
      vertex -2.3673253237377643 -16.5 6.303598663257904
      vertex -2.4148145657226707 -16.5 6.147047612756301
    endloop
  endfacet
  facet normal 0 -1 0
    outer loop
      vertex -2.309698831278217 -16.5 4.543291419087275
      vertex -2.309698831278217 -16.5 6.456708580912725
      vertex -2.3673253237377643 -16.5 6.303598663257904
    endloop
  endfacet
  facet normal 0 -1 0
    outer loop
      vertex -2.2421818538317204 -16.5 4.394278274452496
      vertex -2.2421818538317204 -16.5 6.605721725547504
      vertex -2.309698831278217 -16.5 6.456708580912725
    endloop
  endfacet
  facet normal 0 -1 0
    outer loop
      vertex -2.1650635094610964 -16.5 4.25
      vertex -2.1650635094610964 -16.5 6.75
      vertex -2.2421818538317204 -16.5 6.605721725547504
    endloop
  endfacet
  facet normal 0 -1 0
    outer loop
      vertex -2.078674030756363 -16.5 4.111074417450995
      vertex -2.078674030756363 -16.5 6.888925582549005
      vertex -2.1650635094610964 -16.5 6.75
    endloop
  endfacet
  facet normal 0 -1 0
    outer loop
      vertex -1.9833833507280878 -16.5 3.9780964274781985
      vertex -1.9833833507280878 -16.5 7.0219035725218015
      vertex -2.078674030756363 -16.5 6.888925582549005
    endloop
  endfacet
  facet normal 0 -1 0
    outer loop
      vertex -1.8795995186974435 -16.5 3.8516354622498277
      vertex -1.8795995186974435 -16.5 7.148364537750172
      vertex -1.9833833507280878 -16.5 7.0219035725218015
    endloop
  endfacet
  facet normal 0 -1 0
    outer loop
      vertex -1.7677669529663689 -16.5 3.732233047033631
      vertex -1.7677669529663689 -16.5 7.267766952966369
      vertex -1.8795995186974435 -16.5 7.148364537750172
    endloop
  endfacet
  facet normal 0 -1 0
    outer loop
      vertex -1.648364537750172 -16.5 3.6204004813025565
      vertex -1.648364537750172 -16.5 7.379599518697443
      vertex -1.7677669529663689 -16.5 7.267766952966369
    endloop
  endfacet
  facet normal 0 -1 0
    outer loop
      vertex -1.6235064793593155 -16.5 3.6
      vertex -1.5219035725218015 -16.5 7.483383350728088
      vertex -1.648364537750172 -16.5 7.379599518697443
    endloop
  endfacet
  facet normal 0 -1 0
    outer loop
      vertex -1.6235064793593155 -16.5 3.6
      vertex -1.3889255825490054 -16.5 7.578674030756363
      vertex -1.5219035725218015 -16.5 7.483383350728088
    endloop
  endfacet
  facet normal 0 -1 0
    outer loop
      vertex -1.6235064793593155 -16.5 3.6
      vertex -1.25 -16.5 7.665063509461096
      vertex -1.3889255825490054 -16.5 7.578674030756363
    endloop
  endfacet
  facet normal 0 -1 0
    outer loop
      vertex -1.1057217255475034 -16.5 7.74218185383172
      vertex -1.1 -16.5 5.5
      vertex -1.0976448155624638 -16.5 5.571943442153158
    endloop
  endfacet
  facet normal 0 -1 0
    outer loop
      vertex -1.1057217255475034 -16.5 7.74218185383172
      vertex -1.0976448155624638 -16.5 5.571943442153158
      vertex -1.0905893475111914 -16.5 5.643578811442056
    endloop
  endfacet
  facet normal 0 -1 0
    outer loop
      vertex -1.6235064793593155 -16.5 3.6
      vertex -1.1057217255475034 -16.5 7.74218185383172
      vertex -1.25 -16.5 7.665063509461096
    endloop
  endfacet
  facet normal 0 -1 0
    outer loop
      vertex -1.1057217255475034 -16.5 7.74218185383172
      vertex -1.0905893475111914 -16.5 5.643578811442056
      vertex -1.0788638084435536 -16.5 5.714599354217741
    endloop
  endfacet
  facet normal 0 -1 0
    outer loop
      vertex -1.1057217255475034 -16.5 7.74218185383172
      vertex -1.0788638084435536 -16.5 5.714599354217741
      vertex -1.0625184089179753 -16.5 5.784700949612773
    endloop
  endfacet
  facet normal 0 -1 0
    outer loop
      vertex -1.1057217255475034 -16.5 7.74218185383172
      vertex -1.0625184089179753 -16.5 5.784700949612773
      vertex -1.0416231424446163 -16.5 5.853583411833478
    endloop
  endfacet
  facet normal 0 -1 0
    outer loop
      vertex -1.1057217255475034 -16.5 7.74218185383172
      vertex -1.0416231424446163 -16.5 5.853583411833478
      vertex -1.0162674857624154 -16.5 5.920951775601599
    endloop
  endfacet
  facet normal 0 -1 0
    outer loop
      vertex -1.1057217255475034 -16.5 7.74218185383172
      vertex -1.0162674857624154 -16.5 5.920951775601599
      vertex -0.9865600156859572 -16.5 5.986517559240902
    endloop
  endfacet
  facet normal 0 -1 0
    outer loop
      vertex -1.1057217255475034 -16.5 7.74218185383172
      vertex -0.9865600156859572 -16.5 5.986517559240902
      vertex -0.9526279441628825 -16.5 6.05
    endloop
  endfacet
  facet normal 0 -1 0
    outer loop
      vertex -0.9567085809127245 -16.5 7.809698831278217
      vertex -0.9526279441628825 -16.5 6.05
      vertex -0.9146165735327998 -16.5 6.111127256321563
    endloop
  endfacet
  facet normal 0 -1 0
    outer loop
      vertex -0.9567085809127245 -16.5 7.809698831278217
      vertex -0.9146165735327998 -16.5 6.111127256321563
      vertex -0.8726886743203588 -16.5 6.169637571909592
    endloop
  endfacet
  facet normal 0 -1 0
    outer loop
      vertex -0.9567085809127245 -16.5 7.809698831278217
      vertex -0.8726886743203588 -16.5 6.169637571909592
      vertex -0.8270237882268752 -16.5 6.225280396610076
    endloop
  endfacet
  facet normal 0 -1 0
    outer loop
      vertex -1.1057217255475034 -16.5 7.74218185383172
      vertex -0.9526279441628825 -16.5 6.05
      vertex -0.9567085809127245 -16.5 7.809698831278217
    endloop
  endfacet
  facet normal 0 -1 0
    outer loop
      vertex -0.9567085809127245 -16.5 7.809698831278217
      vertex -0.8270237882268752 -16.5 6.225280396610076
      vertex -0.7778174593052024 -16.5 6.2778174593052025
    endloop
  endfacet
  facet normal 0 -1 0
    outer loop
      vertex -0.803598663257904 -16.5 7.867325323737765
      vertex -0.7778174593052024 -16.5 6.2778174593052025
      vertex -0.7252803966100758 -16.5 6.327023788226875
    endloop
  endfacet
  facet normal 0 -1 0
    outer loop
      vertex -0.803598663257904 -16.5 7.867325323737765
      vertex -0.7252803966100758 -16.5 6.327023788226875
      vertex -0.6696375719095927 -16.5 6.372688674320359
    endloop
  endfacet
  facet normal 0 -1 0
    outer loop
      vertex -0.803598663257904 -16.5 7.867325323737765
      vertex -0.6696375719095927 -16.5 6.372688674320359
      vertex -0.6111272563215624 -16.5 6.4146165735328
    endloop
  endfacet
  facet normal 0 -1 0
    outer loop
      vertex -0.6470476127563018 -16.5 7.91481456572267
      vertex -0.6111272563215624 -16.5 6.4146165735328
      vertex -0.55 -16.5 6.452627944162883
    endloop
  endfacet
  facet normal 0 -1 0
    outer loop
      vertex -0.6470476127563018 -16.5 7.91481456572267
      vertex -0.55 -16.5 6.452627944162883
      vertex -0.48651755924090145 -16.5 6.486560015685957
    endloop
  endfacet
  facet normal 0 -1 0
    outer loop
      vertex -0.4877258050403206 -16.5 7.951963201008076
      vertex -0.48651755924090145 -16.5 6.486560015685957
      vertex -0.4209517756015988 -16.5 6.516267485762415
    endloop
  endfacet
  facet normal 0 -1 0
    outer loop
      vertex -0.4877258050403206 -16.5 7.951963201008076
      vertex -0.4209517756015988 -16.5 6.516267485762415
      vertex -0.3535834118334778 -16.5 6.5416231424446165
    endloop
  endfacet
  facet normal 0 -1 0
    outer loop
      vertex -0.4877258050403206 -16.5 7.951963201008076
      vertex -0.3535834118334778 -16.5 6.5416231424446165
      vertex -0.2847009496127728 -16.5 6.562518408917976
    endloop
  endfacet
  facet normal 0 -1 0
    outer loop
      vertex -0.32631548055012893 -16.5 7.978612153434526
      vertex -0.2847009496127728 -16.5 6.562518408917976
      vertex -0.2145993542177411 -16.5 6.578863808443554
    endloop
  endfacet
  facet normal 0 -1 0
    outer loop
      vertex -0.32631548055012893 -16.5 7.978612153434526
      vertex -0.2145993542177411 -16.5 6.578863808443554
      vertex -0.14357881144205675 -16.5 6.590589347511191
    endloop
  endfacet
  facet normal 0 -1 0
    outer loop
      vertex -0.16350782307535766 -16.5 7.994647308096509
      vertex -0.14357881144205675 -16.5 6.590589347511191
      vertex -0.07194344215315737 -16.5 6.597644815562464
    endloop
  endfacet
  facet normal 0 -1 0
    outer loop
      vertex 0 -16.5 8
      vertex -0.07194344215315737 -16.5 6.597644815562464
      vertex -0.002055526918661639 -16.5 6.59993270901607
    endloop
  endfacet
  facet normal 0 -1 0
    outer loop
      vertex 0 -16.5 8
      vertex -0.002055526918661639 -16.5 6.59993270901607
      vertex 0 -16.5 6.6
    endloop
  endfacet
  facet normal 0 -1 0
    outer loop
      vertex -0.9567085809127245 -16.5 7.809698831278217
      vertex -0.7778174593052024 -16.5 6.2778174593052025
      vertex -0.803598663257904 -16.5 7.867325323737765
    endloop
  endfacet
  facet normal 0 -1 0
    outer loop
      vertex -0.803598663257904 -16.5 7.867325323737765
      vertex -0.6111272563215624 -16.5 6.4146165735328
      vertex -0.6470476127563018 -16.5 7.91481456572267
    endloop
  endfacet
  facet normal 0 -1 0
    outer loop
      vertex -0.6470476127563018 -16.5 7.91481456572267
      vertex -0.48651755924090145 -16.5 6.486560015685957
      vertex -0.4877258050403206 -16.5 7.951963201008076
    endloop
  endfacet
  facet normal 0 -1 0
    outer loop
      vertex -0.4877258050403206 -16.5 7.951963201008076
      vertex -0.2847009496127728 -16.5 6.562518408917976
      vertex -0.32631548055012893 -16.5 7.978612153434526
    endloop
  endfacet
  facet normal 0 -1 0
    outer loop
      vertex -0.32631548055012893 -16.5 7.978612153434526
      vertex -0.14357881144205675 -16.5 6.590589347511191
      vertex -0.16350782307535766 -16.5 7.994647308096509
    endloop
  endfacet
  facet normal 0 -1 0
    outer loop
      vertex -0.16350782307535766 -16.5 7.994647308096509
      vertex -0.07194344215315737 -16.5 6.597644815562464
      vertex 0 -16.5 8
    endloop
  endfacet
  facet normal -0.7730104533627378 0 -0.6343932841636445
    outer loop
      vertex -1.9833833507280878 -16.5 3.9780964274781985
      vertex -1.8795995186974435 16.5 3.8516354622498277
      vertex -1.8795995186974435 -16.5 3.8516354622498277
    endloop
  endfacet
  facet normal -0.8128466845916158 0 -0.5824776968678014
    outer loop
      vertex -1.9833833507280878 -16.5 3.9780964274781985
      vertex -2.078674030756363 -16.5 4.111074417450995
      vertex -1.9833833507280878 16.5 3.9780964274781985
    endloop
  endfacet
  facet normal -0.8492021815265788 0 -0.5280678506503683
    outer loop
      vertex -2.078674030756363 -16.5 4.111074417450995
      vertex -2.1650635094610964 -16.5 4.25
      vertex -2.078674030756363 16.5 4.111074417450995
    endloop
  endfacet
  facet normal -0.8819212643483545 0 -0.47139673682599864
    outer loop
      vertex -2.1650635094610964 -16.5 4.25
      vertex -2.2421818538317204 -16.5 4.394278274452496
      vertex -2.1650635094610964 16.5 4.25
    endloop
  endfacet
  facet normal -0.9108638249211749 0 -0.41270702980439655
    outer loop
      vertex -2.2421818538317204 -16.5 4.394278274452496
      vertex -2.309698831278217 -16.5 4.543291419087275
      vertex -2.2421818538317204 16.5 4.394278274452496
    endloop
  endfacet
  facet normal -0.6343932841636453 0 -0.7730104533627371
    outer loop
      vertex -1.648364537750172 -16.5 3.6204004813025565
      vertex -1.648364537750172 16.5 3.6204004813025565
      vertex -1.6235064793593155 -16.34003579873925 3.6
    endloop
  endfacet
  facet normal -0.6835923020228707 0 -0.7298640726978364
    outer loop
      vertex -1.648364537750172 -16.5 3.6204004813025565
      vertex -1.7677669529663689 -16.5 3.732233047033631
      vertex -1.7677669529663689 16.5 3.732233047033631
    endloop
  endfacet
  facet normal -0.7298640726978356 0 -0.6835923020228712
    outer loop
      vertex -1.7677669529663689 -16.5 3.732233047033631
      vertex -1.8795995186974435 -16.5 3.8516354622498277
      vertex -1.7677669529663689 16.5 3.732233047033631
    endloop
  endfacet
  facet normal -0.9359059267573262 0 -0.3522500479212324
    outer loop
      vertex -2.309698831278217 -16.5 4.543291419087275
      vertex -2.3673253237377643 -16.5 4.696401336742096
      vertex -2.309698831278217 16.5 4.543291419087275
    endloop
  endfacet
  facet normal -0.9569403357322092 0 -0.2902846772544613
    outer loop
      vertex -2.3673253237377643 -16.5 4.696401336742096
      vertex -2.4148145657226707 -16.5 4.852952387243699
      vertex -2.3673253237377643 16.5 4.696401336742096
    endloop
  endfacet
  facet normal -0.9738769792773334 0 -0.22707626303437375
    outer loop
      vertex -2.4148145657226707 -16.5 4.852952387243699
      vertex -2.451963201008076 -16.5 5.012274194959679
      vertex -2.4148145657226707 16.5 4.852952387243699
    endloop
  endfacet
  facet normal -0.986643332084879 0 -0.1628954733945885
    outer loop
      vertex -2.451963201008076 -16.5 5.012274194959679
      vertex -2.478612153434526 -16.5 5.173684519449871
      vertex -2.451963201008076 16.5 5.012274194959679
    endloop
  endfacet
  facet normal -0.9951847266721969 0 -0.0980171403295609
    outer loop
      vertex -2.478612153434526 -16.5 5.173684519449871
      vertex -2.494647308096509 -16.5 5.336492176924643
      vertex -2.478612153434526 16.5 5.173684519449871
    endloop
  endfacet
  facet normal -0.9994645874763656 0 -0.03271908282177596
    outer loop
      vertex -2.494647308096509 -16.5 5.336492176924643
      vertex -2.5 -16.5 5.5
      vertex -2.494647308096509 16.5 5.336492176924643
    endloop
  endfacet
  facet normal -0.9994645874763656 0 0.03271908282177596
    outer loop
      vertex -2.5 -16.5 5.5
      vertex -2.494647308096509 -16.5 5.663507823075357
      vertex -2.5 16.5 5.5
    endloop
  endfacet
  facet normal -0.9951847266721969 0 0.0980171403295609
    outer loop
      vertex -2.494647308096509 -16.5 5.663507823075357
      vertex -2.478612153434526 -16.5 5.826315480550129
      vertex -2.494647308096509 16.5 5.663507823075357
    endloop
  endfacet
  facet normal -0.986643332084879 0 0.1628954733945885
    outer loop
      vertex -2.478612153434526 -16.5 5.826315480550129
      vertex -2.451963201008076 -16.5 5.987725805040321
      vertex -2.478612153434526 16.5 5.826315480550129
    endloop
  endfacet
  facet normal -0.9738769792773334 0 0.22707626303437375
    outer loop
      vertex -2.451963201008076 -16.5 5.987725805040321
      vertex -2.4148145657226707 -16.5 6.147047612756301
      vertex -2.451963201008076 16.5 5.987725805040321
    endloop
  endfacet
  facet normal -0.9569403357322092 0 0.2902846772544613
    outer loop
      vertex -2.4148145657226707 -16.5 6.147047612756301
      vertex -2.3673253237377643 -16.5 6.303598663257904
      vertex -2.4148145657226707 16.5 6.147047612756301
    endloop
  endfacet
  facet normal -0.9359059267573262 0 0.3522500479212324
    outer loop
      vertex -2.3673253237377643 -16.5 6.303598663257904
      vertex -2.309698831278217 -16.5 6.456708580912725
      vertex -2.3673253237377643 16.5 6.303598663257904
    endloop
  endfacet
  facet normal -0.9108638249211749 0 0.41270702980439655
    outer loop
      vertex -2.309698831278217 -16.5 6.456708580912725
      vertex -2.2421818538317204 -16.5 6.605721725547504
      vertex -2.309698831278217 16.5 6.456708580912725
    endloop
  endfacet
  facet normal -0.8819212643483545 0 0.47139673682599864
    outer loop
      vertex -2.2421818538317204 -16.5 6.605721725547504
      vertex -2.1650635094610964 -16.5 6.75
      vertex -2.2421818538317204 16.5 6.605721725547504
    endloop
  endfacet
  facet normal -0.8492021815265788 0 0.5280678506503683
    outer loop
      vertex -2.1650635094610964 -16.5 6.75
      vertex -2.078674030756363 -16.5 6.888925582549005
      vertex -2.1650635094610964 16.5 6.75
    endloop
  endfacet
  facet normal -0.8128466845916158 0 0.5824776968678014
    outer loop
      vertex -2.078674030756363 -16.5 6.888925582549005
      vertex -1.9833833507280878 -16.5 7.0219035725218015
      vertex -2.078674030756363 16.5 6.888925582549005
    endloop
  endfacet
  facet normal -0.7730104533627378 0 0.6343932841636445
    outer loop
      vertex -1.9833833507280878 -16.5 7.0219035725218015
      vertex -1.8795995186974435 -16.5 7.148364537750172
      vertex -1.9833833507280878 16.5 7.0219035725218015
    endloop
  endfacet
  facet normal -0.7298640726978356 0 0.6835923020228712
    outer loop
      vertex -1.8795995186974435 -16.5 7.148364537750172
      vertex -1.7677669529663689 -16.5 7.267766952966369
      vertex -1.8795995186974435 16.5 7.148364537750172
    endloop
  endfacet
  facet normal -0.6835923020228691 0 0.7298640726978376
    outer loop
      vertex -1.7677669529663689 -16.5 7.267766952966369
      vertex -1.648364537750172 -16.5 7.379599518697443
      vertex -1.648364537750172 16.5 7.379599518697443
    endloop
  endfacet
  facet normal -0.6343932841636484 0 0.7730104533627346
    outer loop
      vertex -1.648364537750172 -16.5 7.379599518697443
      vertex -1.5219035725218015 -16.5 7.483383350728088
      vertex -1.5219035725218015 16.5 7.483383350728088
    endloop
  endfacet
  facet normal -0.5824776968678008 0 0.812846684591616
    outer loop
      vertex -1.5219035725218015 -16.5 7.483383350728088
      vertex -1.3889255825490054 -16.5 7.578674030756363
      vertex -1.3889255825490054 16.5 7.578674030756363
    endloop
  endfacet
  facet normal -0.5280678506503671 0 0.8492021815265794
    outer loop
      vertex -1.3889255825490054 -16.5 7.578674030756363
      vertex -1.25 -16.5 7.665063509461096
      vertex -1.25 16.5 7.665063509461096
    endloop
  endfacet
  facet normal -0.4713967368259976 0 0.881921264348355
    outer loop
      vertex -1.25 -16.5 7.665063509461096
      vertex -1.1057217255475034 -16.5 7.74218185383172
      vertex -1.1057217255475034 16.5 7.74218185383172
    endloop
  endfacet
  facet normal -0.41270702980439655 0 0.9108638249211749
    outer loop
      vertex -1.1057217255475034 -16.5 7.74218185383172
      vertex -0.9567085809127245 -16.5 7.809698831278217
      vertex -0.9567085809127245 16.5 7.809698831278217
    endloop
  endfacet
  facet normal -0.3522500479212361 0 0.9359059267573248
    outer loop
      vertex -0.9567085809127245 -16.5 7.809698831278217
      vertex -0.803598663257904 -16.5 7.867325323737765
      vertex -0.803598663257904 16.5 7.867325323737765
    endloop
  endfacet
  facet normal -0.29028467725445667 0 0.9569403357322105
    outer loop
      vertex -0.803598663257904 -16.5 7.867325323737765
      vertex -0.6470476127563018 -16.5 7.91481456572267
      vertex -0.6470476127563018 16.5 7.91481456572267
    endloop
  endfacet
  facet normal -0.22707626303437542 0 0.9738769792773331
    outer loop
      vertex -0.6470476127563018 -16.5 7.91481456572267
      vertex -0.4877258050403206 -16.5 7.951963201008076
      vertex -0.4877258050403206 16.5 7.951963201008076
    endloop
  endfacet
  facet normal -0.16289547339458632 0 0.9866433320848794
    outer loop
      vertex -0.4877258050403206 -16.5 7.951963201008076
      vertex -0.32631548055012893 -16.5 7.978612153434526
      vertex -0.32631548055012893 16.5 7.978612153434526
    endloop
  endfacet
  facet normal -0.09801714032956367 0 0.9951847266721966
    outer loop
      vertex -0.32631548055012893 -16.5 7.978612153434526
      vertex -0.16350782307535766 -16.5 7.994647308096509
      vertex -0.16350782307535766 16.5 7.994647308096509
    endloop
  endfacet
  facet normal -0.03271908282177589 0 0.9994645874763656
    outer loop
      vertex -0.16350782307535766 -16.5 7.994647308096509
      vertex 0 -16.5 8
      vertex 0 16.5 8
    endloop
  endfacet
  facet normal -0.7730104533627378 0 -0.6343932841636445
    outer loop
      vertex -1.9833833507280878 -16.5 3.9780964274781985
      vertex -1.9833833507280878 16.5 3.9780964274781985
      vertex -1.8795995186974435 16.5 3.8516354622498277
    endloop
  endfacet
  facet normal -0.8128466845916158 0 -0.5824776968678014
    outer loop
      vertex -2.078674030756363 -16.5 4.111074417450995
      vertex -2.078674030756363 16.5 4.111074417450995
      vertex -1.9833833507280878 16.5 3.9780964274781985
    endloop
  endfacet
  facet normal -0.8492021815265788 0 -0.5280678506503683
    outer loop
      vertex -2.1650635094610964 -16.5 4.25
      vertex -2.1650635094610964 16.5 4.25
      vertex -2.078674030756363 16.5 4.111074417450995
    endloop
  endfacet
  facet normal -0.8819212643483545 0 -0.47139673682599864
    outer loop
      vertex -2.2421818538317204 -16.5 4.394278274452496
      vertex -2.2421818538317204 16.5 4.394278274452496
      vertex -2.1650635094610964 16.5 4.25
    endloop
  endfacet
  facet normal -0.9108638249211749 0 -0.41270702980439655
    outer loop
      vertex -2.309698831278217 -16.5 4.543291419087275
      vertex -2.309698831278217 16.5 4.543291419087275
      vertex -2.2421818538317204 16.5 4.394278274452496
    endloop
  endfacet
  facet normal -0.6343932841636454 0 -0.7730104533627373
    outer loop
      vertex -1.6235064793593155 -16.34003579873925 3.6
      vertex -1.648364537750172 16.5 3.6204004813025565
      vertex -1.6235064793593155 16.5 3.6
    endloop
  endfacet
  facet normal -0.6835923020228707 0 -0.7298640726978364
    outer loop
      vertex -1.648364537750172 -16.5 3.6204004813025565
      vertex -1.7677669529663689 16.5 3.732233047033631
      vertex -1.648364537750172 16.5 3.6204004813025565
    endloop
  endfacet
  facet normal -0.7298640726978356 0 -0.6835923020228712
    outer loop
      vertex -1.8795995186974435 -16.5 3.8516354622498277
      vertex -1.8795995186974435 16.5 3.8516354622498277
      vertex -1.7677669529663689 16.5 3.732233047033631
    endloop
  endfacet
  facet normal -0.9359059267573262 0 -0.3522500479212324
    outer loop
      vertex -2.3673253237377643 -16.5 4.696401336742096
      vertex -2.3673253237377643 16.5 4.696401336742096
      vertex -2.309698831278217 16.5 4.543291419087275
    endloop
  endfacet
  facet normal -0.9569403357322092 0 -0.2902846772544613
    outer loop
      vertex -2.4148145657226707 -16.5 4.852952387243699
      vertex -2.4148145657226707 16.5 4.852952387243699
      vertex -2.3673253237377643 16.5 4.696401336742096
    endloop
  endfacet
  facet normal -0.9738769792773334 0 -0.22707626303437375
    outer loop
      vertex -2.451963201008076 -16.5 5.012274194959679
      vertex -2.451963201008076 16.5 5.012274194959679
      vertex -2.4148145657226707 16.5 4.852952387243699
    endloop
  endfacet
  facet normal -0.986643332084879 0 -0.1628954733945885
    outer loop
      vertex -2.478612153434526 -16.5 5.173684519449871
      vertex -2.478612153434526 16.5 5.173684519449871
      vertex -2.451963201008076 16.5 5.012274194959679
    endloop
  endfacet
  facet normal -0.9951847266721969 0 -0.0980171403295609
    outer loop
      vertex -2.494647308096509 -16.5 5.336492176924643
      vertex -2.494647308096509 16.5 5.336492176924643
      vertex -2.478612153434526 16.5 5.173684519449871
    endloop
  endfacet
  facet normal -0.9994645874763656 0 -0.03271908282177596
    outer loop
      vertex -2.5 -16.5 5.5
      vertex -2.5 16.5 5.5
      vertex -2.494647308096509 16.5 5.336492176924643
    endloop
  endfacet
  facet normal -0.9994645874763656 0 0.03271908282177596
    outer loop
      vertex -2.494647308096509 -16.5 5.663507823075357
      vertex -2.494647308096509 16.5 5.663507823075357
      vertex -2.5 16.5 5.5
    endloop
  endfacet
  facet normal -0.9951847266721969 0 0.0980171403295609
    outer loop
      vertex -2.478612153434526 -16.5 5.826315480550129
      vertex -2.478612153434526 16.5 5.826315480550129
      vertex -2.494647308096509 16.5 5.663507823075357
    endloop
  endfacet
  facet normal -0.986643332084879 0 0.1628954733945885
    outer loop
      vertex -2.451963201008076 -16.5 5.987725805040321
      vertex -2.451963201008076 16.5 5.987725805040321
      vertex -2.478612153434526 16.5 5.826315480550129
    endloop
  endfacet
  facet normal -0.9738769792773334 0 0.22707626303437375
    outer loop
      vertex -2.4148145657226707 -16.5 6.147047612756301
      vertex -2.4148145657226707 16.5 6.147047612756301
      vertex -2.451963201008076 16.5 5.987725805040321
    endloop
  endfacet
  facet normal -0.9569403357322092 0 0.2902846772544613
    outer loop
      vertex -2.3673253237377643 -16.5 6.303598663257904
      vertex -2.3673253237377643 16.5 6.303598663257904
      vertex -2.4148145657226707 16.5 6.147047612756301
    endloop
  endfacet
  facet normal -0.9359059267573262 0 0.3522500479212324
    outer loop
      vertex -2.309698831278217 -16.5 6.456708580912725
      vertex -2.309698831278217 16.5 6.456708580912725
      vertex -2.3673253237377643 16.5 6.303598663257904
    endloop
  endfacet
  facet normal -0.9108638249211749 0 0.41270702980439655
    outer loop
      vertex -2.2421818538317204 -16.5 6.605721725547504
      vertex -2.2421818538317204 16.5 6.605721725547504
      vertex -2.309698831278217 16.5 6.456708580912725
    endloop
  endfacet
  facet normal -0.8819212643483545 0 0.47139673682599864
    outer loop
      vertex -2.1650635094610964 -16.5 6.75
      vertex -2.1650635094610964 16.5 6.75
      vertex -2.2421818538317204 16.5 6.605721725547504
    endloop
  endfacet
  facet normal -0.8492021815265788 0 0.5280678506503683
    outer loop
      vertex -2.078674030756363 -16.5 6.888925582549005
      vertex -2.078674030756363 16.5 6.888925582549005
      vertex -2.1650635094610964 16.5 6.75
    endloop
  endfacet
  facet normal -0.8128466845916158 0 0.5824776968678014
    outer loop
      vertex -1.9833833507280878 -16.5 7.0219035725218015
      vertex -1.9833833507280878 16.5 7.0219035725218015
      vertex -2.078674030756363 16.5 6.888925582549005
    endloop
  endfacet
  facet normal -0.7730104533627378 0 0.6343932841636445
    outer loop
      vertex -1.8795995186974435 -16.5 7.148364537750172
      vertex -1.8795995186974435 16.5 7.148364537750172
      vertex -1.9833833507280878 16.5 7.0219035725218015
    endloop
  endfacet
  facet normal -0.7298640726978356 0 0.6835923020228712
    outer loop
      vertex -1.7677669529663689 -16.5 7.267766952966369
      vertex -1.7677669529663689 16.5 7.267766952966369
      vertex -1.8795995186974435 16.5 7.148364537750172
    endloop
  endfacet
  facet normal -0.6835923020228691 0 0.7298640726978376
    outer loop
      vertex -1.7677669529663689 -16.5 7.267766952966369
      vertex -1.648364537750172 16.5 7.379599518697443
      vertex -1.7677669529663689 16.5 7.267766952966369
    endloop
  endfacet
  facet normal -0.6343932841636484 0 0.7730104533627346
    outer loop
      vertex -1.648364537750172 -16.5 7.379599518697443
      vertex -1.5219035725218015 16.5 7.483383350728088
      vertex -1.648364537750172 16.5 7.379599518697443
    endloop
  endfacet
  facet normal -0.5824776968678008 0 0.812846684591616
    outer loop
      vertex -1.5219035725218015 -16.5 7.483383350728088
      vertex -1.3889255825490054 16.5 7.578674030756363
      vertex -1.5219035725218015 16.5 7.483383350728088
    endloop
  endfacet
  facet normal -0.5280678506503671 0 0.8492021815265794
    outer loop
      vertex -1.3889255825490054 -16.5 7.578674030756363
      vertex -1.25 16.5 7.665063509461096
      vertex -1.3889255825490054 16.5 7.578674030756363
    endloop
  endfacet
  facet normal -0.4713967368259976 0 0.881921264348355
    outer loop
      vertex -1.25 -16.5 7.665063509461096
      vertex -1.1057217255475034 16.5 7.74218185383172
      vertex -1.25 16.5 7.665063509461096
    endloop
  endfacet
  facet normal -0.41270702980439655 0 0.9108638249211749
    outer loop
      vertex -1.1057217255475034 -16.5 7.74218185383172
      vertex -0.9567085809127245 16.5 7.809698831278217
      vertex -1.1057217255475034 16.5 7.74218185383172
    endloop
  endfacet
  facet normal -0.3522500479212361 0 0.9359059267573248
    outer loop
      vertex -0.9567085809127245 -16.5 7.809698831278217
      vertex -0.803598663257904 16.5 7.867325323737765
      vertex -0.9567085809127245 16.5 7.809698831278217
    endloop
  endfacet
  facet normal -0.29028467725445667 0 0.9569403357322105
    outer loop
      vertex -0.803598663257904 -16.5 7.867325323737765
      vertex -0.6470476127563018 16.5 7.91481456572267
      vertex -0.803598663257904 16.5 7.867325323737765
    endloop
  endfacet
  facet normal -0.22707626303437542 0 0.9738769792773331
    outer loop
      vertex -0.6470476127563018 -16.5 7.91481456572267
      vertex -0.4877258050403206 16.5 7.951963201008076
      vertex -0.6470476127563018 16.5 7.91481456572267
    endloop
  endfacet
  facet normal -0.16289547339458632 0 0.9866433320848794
    outer loop
      vertex -0.4877258050403206 -16.5 7.951963201008076
      vertex -0.32631548055012893 16.5 7.978612153434526
      vertex -0.4877258050403206 16.5 7.951963201008076
    endloop
  endfacet
  facet normal -0.09801714032956367 0 0.9951847266721966
    outer loop
      vertex -0.32631548055012893 -16.5 7.978612153434526
      vertex -0.16350782307535766 16.5 7.994647308096509
      vertex -0.32631548055012893 16.5 7.978612153434526
    endloop
  endfacet
  facet normal -0.03271908282177589 0 0.9994645874763656
    outer loop
      vertex -0.16350782307535766 -16.5 7.994647308096509
      vertex 0 16.5 8
      vertex -0.16350782307535766 16.5 7.994647308096509
    endloop
  endfacet
  facet normal 0 1 0
    outer loop
      vertex -1.6235064793593155 16.5 3.6
      vertex -0.6696375719095927 16.5 4.627311325679641
      vertex -0.6111272563215624 16.5 4.5853834264672
    endloop
  endfacet
  facet normal 0 1 0
    outer loop
      vertex -1.6235064793593155 16.5 3.6
      vertex -0.7267814555442222 16.5 4.674382106885172
      vertex -0.7252803966100758 16.5 4.672976211773125
    endloop
  endfacet
  facet normal 0 1 0
    outer loop
      vertex -1.6235064793593155 16.5 3.6
      vertex -0.7252803966100758 16.5 4.672976211773125
      vertex -0.6696375719095927 16.5 4.627311325679641
    endloop
  endfacet
  facet normal 0 1 0
    outer loop
      vertex -1.6235064793593155 16.5 3.6
      vertex -0.7778174593052024 16.5 4.7221825406947975
      vertex -0.7267814555442222 16.5 4.674382106885172
    endloop
  endfacet
  facet normal 0 1 0
    outer loop
      vertex -1.6235064793593155 16.5 3.6
      vertex -0.8270237882268752 16.5 4.774719603389924
      vertex -0.7778174593052024 16.5 4.7221825406947975
    endloop
  endfacet
  facet normal 0 1 0
    outer loop
      vertex -1.6235064793593155 16.5 3.6
      vertex -0.8713839632891164 16.5 4.828772633098965
      vertex -0.8270237882268752 16.5 4.774719603389924
    endloop
  endfacet
  facet normal 0 1 0
    outer loop
      vertex -1.6235064793593155 16.5 3.6
      vertex -0.8726886743203588 16.5 4.830362428090408
      vertex -0.8713839632891164 16.5 4.828772633098965
    endloop
  endfacet
  facet normal 0 1 0
    outer loop
      vertex -1.6235064793593155 16.5 3.6
      vertex -0.9146165735327998 16.5 4.888872743678437
      vertex -0.8726886743203588 16.5 4.830362428090408
    endloop
  endfacet
  facet normal 0 1 0
    outer loop
      vertex -1.6235064793593155 16.5 3.6
      vertex -0.9515419050020231 16.5 4.948253506962241
      vertex -0.9146165735327998 16.5 4.888872743678437
    endloop
  endfacet
  facet normal 0 1 0
    outer loop
      vertex -1.6235064793593155 16.5 3.6
      vertex -0.9526279441628825 16.5 4.95
      vertex -0.9515419050020231 16.5 4.948253506962241
    endloop
  endfacet
  facet normal 0 1 0
    outer loop
      vertex -1.6235064793593155 16.5 3.6
      vertex -0.48651755924090145 16.5 4.513439984314043
      vertex -0.4209517756015988 16.5 4.483732514237585
    endloop
  endfacet
  facet normal 0 1 0
    outer loop
      vertex -1.6235064793593155 16.5 3.6
      vertex -0.3555082222268527 16.5 4.459101304889161
      vertex -0.3535834118334778 16.5 4.4583768575553835
    endloop
  endfacet
  facet normal 0 1 0
    outer loop
      vertex -1.6235064793593155 16.5 3.6
      vertex -0.4209517756015988 16.5 4.483732514237585
      vertex -0.3555082222268527 16.5 4.459101304889161
    endloop
  endfacet
  facet normal 0 1 0
    outer loop
      vertex -1.6235064793593155 16.5 3.6
      vertex -0.28666901996193583 16.5 4.438078598695549
      vertex -0.2847009496127728 16.5 4.437481591082024
    endloop
  endfacet
  facet normal 0 1 0
    outer loop
      vertex -1.6235064793593155 16.5 3.6
      vertex -0.3535834118334778 16.5 4.4583768575553835
      vertex -0.28666901996193583 16.5 4.438078598695549
    endloop
  endfacet
  facet normal 0 1 0
    outer loop
      vertex -1.6235064793593155 16.5 3.6
      vertex -0.2145993542177411 16.5 4.421136191556446
      vertex -0.14357881144205675 16.5 4.409410652488809
    endloop
  endfacet
  facet normal 0 1 0
    outer loop
      vertex -1.6235064793593155 16.5 3.6
      vertex -0.14357881144205675 16.5 4.409410652488809
      vertex -0.07399016698998306 16.5 4.402556769239001
    endloop
  endfacet
  facet normal 0 1 0
    outer loop
      vertex -1.6235064793593155 16.5 3.6
      vertex -0.07399016698998306 16.5 4.402556769239001
      vertex -0.07194344215315737 16.5 4.402355184437536
    endloop
  endfacet
  facet normal 0 1 0
    outer loop
      vertex -1.6235064793593155 16.5 3.6
      vertex -0.07194344215315737 16.5 4.402355184437536
      vertex 0 16.5 4.4
    endloop
  endfacet
  facet normal 0 1 0
    outer loop
      vertex -1.6235064793593155 16.5 3.6
      vertex 0 16.5 4.4
      vertex 0.07194344215315737 16.5 4.402355184437536
    endloop
  endfacet
  facet normal 0 1 0
    outer loop
      vertex -1.6235064793593155 16.5 3.6
      vertex -0.2847009496127728 16.5 4.437481591082024
      vertex -0.2145993542177411 16.5 4.421136191556446
    endloop
  endfacet
  facet normal 0 1 0
    outer loop
      vertex -1.6235064793593155 16.5 3.6
      vertex 0.07194344215315737 16.5 4.402355184437536
      vertex 0.14357881144205675 16.5 4.409410652488809
    endloop
  endfacet
  facet normal 0 1 0
    outer loop
      vertex -1.6235064793593155 16.5 3.6
      vertex 0.14357881144205675 16.5 4.409410652488809
      vertex 0.2145993542177411 16.5 4.421136191556446
    endloop
  endfacet
  facet normal 0 1 0
    outer loop
      vertex -1.6235064793593155 16.5 3.6
      vertex 0.2145993542177411 16.5 4.421136191556446
      vertex 0.2847009496127728 16.5 4.437481591082024
    endloop
  endfacet
  facet normal 0 1 0
    outer loop
      vertex -1.6235064793593155 16.5 3.6
      vertex 0.2847009496127728 16.5 4.437481591082024
      vertex 0.3535834118334778 16.5 4.4583768575553835
    endloop
  endfacet
  facet normal 0 1 0
    outer loop
      vertex -1.6235064793593155 16.5 3.6
      vertex 0.3535834118334778 16.5 4.4583768575553835
      vertex 0.4209517756015988 16.5 4.483732514237585
    endloop
  endfacet
  facet normal 0 1 0
    outer loop
      vertex -1.6235064793593155 16.5 3.6
      vertex -0.551746493037759 16.5 4.548458094997977
      vertex -0.55 16.5 4.547372055837117
    endloop
  endfacet
  facet normal 0 1 0
    outer loop
      vertex -1.6235064793593155 16.5 3.6
      vertex -0.6111272563215624 16.5 4.5853834264672
      vertex -0.551746493037759 16.5 4.548458094997977
    endloop
  endfacet
  facet normal 0 1 0
    outer loop
      vertex -1.6235064793593155 16.5 3.6
      vertex -0.55 16.5 4.547372055837117
      vertex -0.48651755924090145 16.5 4.513439984314043
    endloop
  endfacet
  facet normal 0 1 0
    outer loop
      vertex -1.9833833507280878 16.5 3.9780964274781985
      vertex -1.8795995186974435 16.5 7.148364537750172
      vertex -1.8795995186974435 16.5 3.8516354622498277
    endloop
  endfacet
  facet normal 0 1 0
    outer loop
      vertex -1.9833833507280878 16.5 3.9780964274781985
      vertex -2.078674030756363 16.5 4.111074417450995
      vertex -1.9833833507280878 16.5 7.0219035725218015
    endloop
  endfacet
  facet normal 0 1 0
    outer loop
      vertex -2.4148145657226707 16.5 4.852952387243699
      vertex -2.451963201008076 16.5 5.012274194959679
      vertex -2.4148145657226707 16.5 6.147047612756301
    endloop
  endfacet
  facet normal 0 1 0
    outer loop
      vertex -2.1650635094610964 16.5 4.25
      vertex -2.2421818538317204 16.5 4.394278274452496
      vertex -2.1650635094610964 16.5 6.75
    endloop
  endfacet
  facet normal 0 1 0
    outer loop
      vertex -2.2421818538317204 16.5 4.394278274452496
      vertex -2.309698831278217 16.5 4.543291419087275
      vertex -2.2421818538317204 16.5 6.605721725547504
    endloop
  endfacet
  facet normal 0 1 0
    outer loop
      vertex -2.078674030756363 16.5 4.111074417450995
      vertex -2.1650635094610964 16.5 4.25
      vertex -2.078674030756363 16.5 6.888925582549005
    endloop
  endfacet
  facet normal 0 1 0
    outer loop
      vertex -2.309698831278217 16.5 4.543291419087275
      vertex -2.3673253237377643 16.5 4.696401336742096
      vertex -2.309698831278217 16.5 6.456708580912725
    endloop
  endfacet
  facet normal 0 1 0
    outer loop
      vertex -2.3673253237377643 16.5 4.696401336742096
      vertex -2.4148145657226707 16.5 4.852952387243699
      vertex -2.3673253237377643 16.5 6.303598663257904
    endloop
  endfacet
  facet normal 0 1 0
    outer loop
      vertex -2.451963201008076 16.5 5.012274194959679
      vertex -2.478612153434526 16.5 5.173684519449871
      vertex -2.451963201008076 16.5 5.987725805040321
    endloop
  endfacet
  facet normal 0 1 0
    outer loop
      vertex -2.478612153434526 16.5 5.173684519449871
      vertex -2.494647308096509 16.5 5.336492176924643
      vertex -2.478612153434526 16.5 5.826315480550129
    endloop
  endfacet
  facet normal 0 1 0
    outer loop
      vertex -2.494647308096509 16.5 5.336492176924643
      vertex -2.5 16.5 5.5
      vertex -2.494647308096509 16.5 5.663507823075357
    endloop
  endfacet
  facet normal 0 1 0
    outer loop
      vertex -2.494647308096509 16.5 5.336492176924643
      vertex -2.494647308096509 16.5 5.663507823075357
      vertex -2.478612153434526 16.5 5.826315480550129
    endloop
  endfacet
  facet normal 0 1 0
    outer loop
      vertex -1.6235064793593155 16.5 3.6
      vertex -1.015418700903088 16.5 5.077174916294421
      vertex -0.9865600156859572 16.5 5.013482440759098
    endloop
  endfacet
  facet normal 0 1 0
    outer loop
      vertex -1.6235064793593155 16.5 3.6
      vertex -1.0162674857624154 16.5 5.079048224398401
      vertex -1.015418700903088 16.5 5.077174916294421
    endloop
  endfacet
  facet normal 0 1 0
    outer loop
      vertex -1.6235064793593155 16.5 3.6
      vertex -1.0416231424446163 16.5 5.146416588166522
      vertex -1.0162674857624154 16.5 5.079048224398401
    endloop
  endfacet
  facet normal 0 1 0
    outer loop
      vertex -1.6235064793593155 16.5 3.6
      vertex -0.9865600156859572 16.5 5.013482440759098
      vertex -0.9526279441628825 16.5 4.95
    endloop
  endfacet
  facet normal 0 1 0
    outer loop
      vertex -1.6235064793593155 16.5 3.6
      vertex -1.0625184089179753 16.5 5.215299050387227
      vertex -1.0416231424446163 16.5 5.146416588166522
    endloop
  endfacet
  facet normal 0 1 0
    outer loop
      vertex -1.6235064793593155 16.5 3.6
      vertex -1.078396797028537 16.5 5.283397743056686
      vertex -1.0625184089179753 16.5 5.215299050387227
    endloop
  endfacet
  facet normal 0 1 0
    outer loop
      vertex -1.6235064793593155 16.5 3.6
      vertex -1.0788638084435536 16.5 5.285400645782259
      vertex -1.078396797028537 16.5 5.283397743056686
    endloop
  endfacet
  facet normal 0 1 0
    outer loop
      vertex -1.6235064793593155 16.5 3.6
      vertex -1.0902543321092588 16.5 5.354392030192924
      vertex -1.0788638084435536 16.5 5.285400645782259
    endloop
  endfacet
  facet normal 0 1 0
    outer loop
      vertex -1.6235064793593155 16.5 3.6
      vertex -1.0905893475111914 16.5 5.356421188557944
      vertex -1.0902543321092588 16.5 5.354392030192924
    endloop
  endfacet
  facet normal 0 1 0
    outer loop
      vertex -1.648364537750172 16.5 3.6204004813025565
      vertex -1.7677669529663689 16.5 3.732233047033631
      vertex -1.648364537750172 16.5 7.379599518697443
    endloop
  endfacet
  facet normal 0 1 0
    outer loop
      vertex -1.6235064793593155 16.5 3.6
      vertex -1.648364537750172 16.5 3.6204004813025565
      vertex -1.5219035725218015 16.5 7.483383350728088
    endloop
  endfacet
  facet normal 0 1 0
    outer loop
      vertex -1.7677669529663689 16.5 3.732233047033631
      vertex -1.8795995186974435 16.5 3.8516354622498277
      vertex -1.7677669529663689 16.5 7.267766952966369
    endloop
  endfacet
  facet normal 0 1 0
    outer loop
      vertex -1.6235064793593155 16.5 3.6
      vertex -1.0976448155624638 16.5 5.428056557846842
      vertex -1.0905893475111914 16.5 5.356421188557944
    endloop
  endfacet
  facet normal 0 1 0
    outer loop
      vertex -1.6235064793593155 16.5 3.6
      vertex -1.0999327090160704 16.5 5.497944473081338
      vertex -1.0976448155624638 16.5 5.428056557846842
    endloop
  endfacet
  facet normal 0 1 0
    outer loop
      vertex -1.6235064793593155 16.5 3.6
      vertex -1.1 16.5 5.5
      vertex -1.0999327090160704 16.5 5.497944473081338
    endloop
  endfacet
  facet normal 0 1 0
    outer loop
      vertex -1.6235064793593155 16.5 3.6
      vertex -1.1057217255475034 16.5 7.74218185383172
      vertex -1.1 16.5 5.5
    endloop
  endfacet
  facet normal 0 1 0
    outer loop
      vertex -2.478612153434526 16.5 5.173684519449871
      vertex -2.478612153434526 16.5 5.826315480550129
      vertex -2.451963201008076 16.5 5.987725805040321
    endloop
  endfacet
  facet normal 0 1 0
    outer loop
      vertex -2.451963201008076 16.5 5.012274194959679
      vertex -2.451963201008076 16.5 5.987725805040321
      vertex -2.4148145657226707 16.5 6.147047612756301
    endloop
  endfacet
  facet normal 0 1 0
    outer loop
      vertex -2.4148145657226707 16.5 4.852952387243699
      vertex -2.4148145657226707 16.5 6.147047612756301
      vertex -2.3673253237377643 16.5 6.303598663257904
    endloop
  endfacet
  facet normal 0 1 0
    outer loop
      vertex -2.3673253237377643 16.5 4.696401336742096
      vertex -2.3673253237377643 16.5 6.303598663257904
      vertex -2.309698831278217 16.5 6.456708580912725
    endloop
  endfacet
  facet normal 0 1 0
    outer loop
      vertex -2.309698831278217 16.5 4.543291419087275
      vertex -2.309698831278217 16.5 6.456708580912725
      vertex -2.2421818538317204 16.5 6.605721725547504
    endloop
  endfacet
  facet normal 0 1 0
    outer loop
      vertex -2.2421818538317204 16.5 4.394278274452496
      vertex -2.2421818538317204 16.5 6.605721725547504
      vertex -2.1650635094610964 16.5 6.75
    endloop
  endfacet
  facet normal 0 1 0
    outer loop
      vertex -2.1650635094610964 16.5 4.25
      vertex -2.1650635094610964 16.5 6.75
      vertex -2.078674030756363 16.5 6.888925582549005
    endloop
  endfacet
  facet normal 0 1 0
    outer loop
      vertex -2.078674030756363 16.5 4.111074417450995
      vertex -2.078674030756363 16.5 6.888925582549005
      vertex -1.9833833507280878 16.5 7.0219035725218015
    endloop
  endfacet
  facet normal 0 1 0
    outer loop
      vertex -1.9833833507280878 16.5 3.9780964274781985
      vertex -1.9833833507280878 16.5 7.0219035725218015
      vertex -1.8795995186974435 16.5 7.148364537750172
    endloop
  endfacet
  facet normal 0 1 0
    outer loop
      vertex -1.8795995186974435 16.5 3.8516354622498277
      vertex -1.8795995186974435 16.5 7.148364537750172
      vertex -1.7677669529663689 16.5 7.267766952966369
    endloop
  endfacet
  facet normal 0 1 0
    outer loop
      vertex -1.7677669529663689 16.5 3.732233047033631
      vertex -1.7677669529663689 16.5 7.267766952966369
      vertex -1.648364537750172 16.5 7.379599518697443
    endloop
  endfacet
  facet normal 0 1 0
    outer loop
      vertex -1.648364537750172 16.5 3.6204004813025565
      vertex -1.648364537750172 16.5 7.379599518697443
      vertex -1.5219035725218015 16.5 7.483383350728088
    endloop
  endfacet
  facet normal 0 1 0
    outer loop
      vertex -1.6235064793593155 16.5 3.6
      vertex -1.5219035725218015 16.5 7.483383350728088
      vertex -1.3889255825490054 16.5 7.578674030756363
    endloop
  endfacet
  facet normal 0 1 0
    outer loop
      vertex -1.6235064793593155 16.5 3.6
      vertex -1.3889255825490054 16.5 7.578674030756363
      vertex -1.25 16.5 7.665063509461096
    endloop
  endfacet
  facet normal 0 1 0
    outer loop
      vertex -1.1057217255475034 16.5 7.74218185383172
      vertex -1.0976448155624638 16.5 5.571943442153158
      vertex -1.1 16.5 5.5
    endloop
  endfacet
  facet normal 0 1 0
    outer loop
      vertex -1.1057217255475034 16.5 7.74218185383172
      vertex -1.0905893475111914 16.5 5.643578811442056
      vertex -1.0976448155624638 16.5 5.571943442153158
    endloop
  endfacet
  facet normal 0 1 0
    outer loop
      vertex -1.6235064793593155 16.5 3.6
      vertex -1.25 16.5 7.665063509461096
      vertex -1.1057217255475034 16.5 7.74218185383172
    endloop
  endfacet
  facet normal 0 1 0
    outer loop
      vertex -1.1057217255475034 16.5 7.74218185383172
      vertex -1.0788638084435536 16.5 5.714599354217741
      vertex -1.0905893475111914 16.5 5.643578811442056
    endloop
  endfacet
  facet normal 0 1 0
    outer loop
      vertex -1.1057217255475034 16.5 7.74218185383172
      vertex -1.0625184089179753 16.5 5.784700949612773
      vertex -1.0788638084435536 16.5 5.714599354217741
    endloop
  endfacet
  facet normal 0 1 0
    outer loop
      vertex -1.1057217255475034 16.5 7.74218185383172
      vertex -1.0416231424446163 16.5 5.853583411833478
      vertex -1.0625184089179753 16.5 5.784700949612773
    endloop
  endfacet
  facet normal 0 1 0
    outer loop
      vertex -0.9567085809127245 16.5 7.809698831278217
      vertex -1.0162674857624154 16.5 5.920951775601599
      vertex -1.0416231424446163 16.5 5.853583411833478
    endloop
  endfacet
  facet normal 0 1 0
    outer loop
      vertex -0.9567085809127245 16.5 7.809698831278217
      vertex -0.9865600156859572 16.5 5.986517559240902
      vertex -1.0162674857624154 16.5 5.920951775601599
    endloop
  endfacet
  facet normal 0 1 0
    outer loop
      vertex -0.9567085809127245 16.5 7.809698831278217
      vertex -0.9526279441628825 16.5 6.05
      vertex -0.9865600156859572 16.5 5.986517559240902
    endloop
  endfacet
  facet normal 0 1 0
    outer loop
      vertex -0.9567085809127245 16.5 7.809698831278217
      vertex -0.9146165735327998 16.5 6.111127256321563
      vertex -0.9526279441628825 16.5 6.05
    endloop
  endfacet
  facet normal 0 1 0
    outer loop
      vertex -0.9567085809127245 16.5 7.809698831278217
      vertex -0.8726886743203588 16.5 6.169637571909592
      vertex -0.9146165735327998 16.5 6.111127256321563
    endloop
  endfacet
  facet normal 0 1 0
    outer loop
      vertex -1.1057217255475034 16.5 7.74218185383172
      vertex -0.9567085809127245 16.5 7.809698831278217
      vertex -1.0416231424446163 16.5 5.853583411833478
    endloop
  endfacet
  facet normal 0 1 0
    outer loop
      vertex -0.803598663257904 16.5 7.867325323737765
      vertex -0.8270237882268752 16.5 6.225280396610076
      vertex -0.8726886743203588 16.5 6.169637571909592
    endloop
  endfacet
  facet normal 0 1 0
    outer loop
      vertex -0.803598663257904 16.5 7.867325323737765
      vertex -0.7778174593052024 16.5 6.2778174593052025
      vertex -0.8270237882268752 16.5 6.225280396610076
    endloop
  endfacet
  facet normal 0 1 0
    outer loop
      vertex -0.803598663257904 16.5 7.867325323737765
      vertex -0.7252803966100758 16.5 6.327023788226875
      vertex -0.7778174593052024 16.5 6.2778174593052025
    endloop
  endfacet
  facet normal 0 1 0
    outer loop
      vertex -0.6470476127563018 16.5 7.91481456572267
      vertex -0.6696375719095927 16.5 6.372688674320359
      vertex -0.7252803966100758 16.5 6.327023788226875
    endloop
  endfacet
  facet normal 0 1 0
    outer loop
      vertex -0.6470476127563018 16.5 7.91481456572267
      vertex -0.6111272563215624 16.5 6.4146165735328
      vertex -0.6696375719095927 16.5 6.372688674320359
    endloop
  endfacet
  facet normal 0 1 0
    outer loop
      vertex -0.6470476127563018 16.5 7.91481456572267
      vertex -0.55 16.5 6.452627944162883
      vertex -0.6111272563215624 16.5 6.4146165735328
    endloop
  endfacet
  facet normal 0 1 0
    outer loop
      vertex -0.4877258050403206 16.5 7.951963201008076
      vertex -0.48651755924090145 16.5 6.486560015685957
      vertex -0.55 16.5 6.452627944162883
    endloop
  endfacet
  facet normal 0 1 0
    outer loop
      vertex -0.4877258050403206 16.5 7.951963201008076
      vertex -0.4209517756015988 16.5 6.516267485762415
      vertex -0.48651755924090145 16.5 6.486560015685957
    endloop
  endfacet
  facet normal 0 1 0
    outer loop
      vertex -0.32631548055012893 16.5 7.978612153434526
      vertex -0.3535834118334778 16.5 6.5416231424446165
      vertex -0.4209517756015988 16.5 6.516267485762415
    endloop
  endfacet
  facet normal 0 1 0
    outer loop
      vertex -0.32631548055012893 16.5 7.978612153434526
      vertex -0.2847009496127728 16.5 6.562518408917976
      vertex -0.3535834118334778 16.5 6.5416231424446165
    endloop
  endfacet
  facet normal 0 1 0
    outer loop
      vertex -0.9567085809127245 16.5 7.809698831278217
      vertex -0.803598663257904 16.5 7.867325323737765
      vertex -0.8726886743203588 16.5 6.169637571909592
    endloop
  endfacet
  facet normal 0 1 0
    outer loop
      vertex -0.32631548055012893 16.5 7.978612153434526
      vertex -0.2145993542177411 16.5 6.578863808443554
      vertex -0.2847009496127728 16.5 6.562518408917976
    endloop
  endfacet
  facet normal 0 1 0
    outer loop
      vertex -0.16350782307535766 16.5 7.994647308096509
      vertex -0.14357881144205675 16.5 6.590589347511191
      vertex -0.2145993542177411 16.5 6.578863808443554
    endloop
  endfacet
  facet normal 0 1 0
    outer loop
      vertex -0.16350782307535766 16.5 7.994647308096509
      vertex -0.07194344215315737 16.5 6.597644815562464
      vertex -0.14357881144205675 16.5 6.590589347511191
    endloop
  endfacet
  facet normal 0 1 0
    outer loop
      vertex 0 16.5 8
      vertex 0 16.5 6.6
      vertex -0.07194344215315737 16.5 6.597644815562464
    endloop
  endfacet
  facet normal 0 1 0
    outer loop
      vertex -0.803598663257904 16.5 7.867325323737765
      vertex -0.6470476127563018 16.5 7.91481456572267
      vertex -0.7252803966100758 16.5 6.327023788226875
    endloop
  endfacet
  facet normal 0 1 0
    outer loop
      vertex -0.6470476127563018 16.5 7.91481456572267
      vertex -0.4877258050403206 16.5 7.951963201008076
      vertex -0.55 16.5 6.452627944162883
    endloop
  endfacet
  facet normal 0 1 0
    outer loop
      vertex -0.4877258050403206 16.5 7.951963201008076
      vertex -0.32631548055012893 16.5 7.978612153434526
      vertex -0.4209517756015988 16.5 6.516267485762415
    endloop
  endfacet
  facet normal 0 1 0
    outer loop
      vertex -0.32631548055012893 16.5 7.978612153434526
      vertex -0.16350782307535766 16.5 7.994647308096509
      vertex -0.2145993542177411 16.5 6.578863808443554
    endloop
  endfacet
  facet normal 0 1 0
    outer loop
      vertex -0.16350782307535766 16.5 7.994647308096509
      vertex 0 16.5 8
      vertex -0.07194344215315737 16.5 6.597644815562464
    endloop
  endfacet
  facet normal 0 -1 0
    outer loop
      vertex -1.6235064793593155 -16.5 3.6
      vertex 1.6235064793593155 -16.5 3.6
      vertex 0 -16.5 4.4
    endloop
  endfacet
  facet normal 0 -1 0
    outer loop
      vertex 1.6235064793593155 -16.5 3.6
      vertex 0.07194344215315737 -16.5 4.402355184437536
      vertex 0 -16.5 4.4
    endloop
  endfacet
  facet normal 0 -1 0
    outer loop
      vertex 1.6235064793593155 -16.5 3.6
      vertex 0.14357881144205675 -16.5 4.409410652488809
      vertex 0.07194344215315737 -16.5 4.402355184437536
    endloop
  endfacet
  facet normal 0 -1 0
    outer loop
      vertex 1.6235064793593155 -16.5 3.6
      vertex 0.2145993542177411 -16.5 4.421136191556446
      vertex 0.14357881144205675 -16.5 4.409410652488809
    endloop
  endfacet
  facet normal 0 -1 0
    outer loop
      vertex 1.6235064793593155 -16.5 3.6
      vertex 0.2847009496127728 -16.5 4.437481591082024
      vertex 0.2145993542177411 -16.5 4.421136191556446
    endloop
  endfacet
  facet normal 0 -1 0
    outer loop
      vertex 1.6235064793593155 -16.5 3.6
      vertex 0.3535834118334778 -16.5 4.4583768575553835
      vertex 0.2847009496127728 -16.5 4.437481591082024
    endloop
  endfacet
  facet normal 0 -1 0
    outer loop
      vertex 1.6235064793593155 -16.5 3.6
      vertex 0.4209517756015988 -16.5 4.483732514237585
      vertex 0.3535834118334778 -16.5 4.4583768575553835
    endloop
  endfacet
  facet normal 0 -1 0
    outer loop
      vertex 1.6235064793593155 -16.5 3.6
      vertex 0.48651755924090145 -16.5 4.513439984314043
      vertex 0.4209517756015988 -16.5 4.483732514237585
    endloop
  endfacet
  facet normal 0 -1 0
    outer loop
      vertex 1.6235064793593155 -16.5 3.6
      vertex 0.55 -16.5 4.547372055837117
      vertex 0.48651755924090145 -16.5 4.513439984314043
    endloop
  endfacet
  facet normal 0 -1 0
    outer loop
      vertex 1.6235064793593155 -16.5 3.6
      vertex 0.6111272563215624 -16.5 4.5853834264672
      vertex 0.55 -16.5 4.547372055837117
    endloop
  endfacet
  facet normal 0 -1 0
    outer loop
      vertex 1.6235064793593155 -16.5 3.6
      vertex 0.6696375719095927 -16.5 4.627311325679641
      vertex 0.6111272563215624 -16.5 4.5853834264672
    endloop
  endfacet
  facet normal 0 -1 0
    outer loop
      vertex 1.6235064793593155 -16.5 3.6
      vertex 0.7252803966100758 -16.5 4.672976211773125
      vertex 0.6696375719095927 -16.5 4.627311325679641
    endloop
  endfacet
  facet normal 0 -1 0
    outer loop
      vertex 1.6235064793593155 -16.5 3.6
      vertex 0.7778174593052024 -16.5 4.7221825406947975
      vertex 0.7252803966100758 -16.5 4.672976211773125
    endloop
  endfacet
  facet normal 0 -1 0
    outer loop
      vertex 1.6235064793593155 -16.5 3.6
      vertex 0.8270237882268752 -16.5 4.774719603389924
      vertex 0.7778174593052024 -16.5 4.7221825406947975
    endloop
  endfacet
  facet normal 0 -1 0
    outer loop
      vertex 1.6235064793593155 -16.5 3.6
      vertex 0.8726886743203588 -16.5 4.830362428090408
      vertex 0.8270237882268752 -16.5 4.774719603389924
    endloop
  endfacet
  facet normal 0 -1 0
    outer loop
      vertex 1.6235064793593155 -16.5 3.6
      vertex 0.9146165735327998 -16.5 4.888872743678437
      vertex 0.8726886743203588 -16.5 4.830362428090408
    endloop
  endfacet
  facet normal 0 -1 0
    outer loop
      vertex 1.6235064793593155 -16.5 3.6
      vertex 0.9526279441628825 -16.5 4.95
      vertex 0.9146165735327998 -16.5 4.888872743678437
    endloop
  endfacet
  facet normal 0 -1 0
    outer loop
      vertex 1.6235064793593155 -16.5 3.6
      vertex 0.9865600156859572 -16.5 5.013482440759098
      vertex 0.9526279441628825 -16.5 4.95
    endloop
  endfacet
  facet normal 0 -1 0
    outer loop
      vertex 1.6235064793593155 -16.5 3.6
      vertex 1.0162674857624154 -16.5 5.079048224398401
      vertex 0.9865600156859572 -16.5 5.013482440759098
    endloop
  endfacet
  facet normal 0 -1 0
    outer loop
      vertex 1.6235064793593155 -16.5 3.6
      vertex 1.0416231424446163 -16.5 5.146416588166522
      vertex 1.0162674857624154 -16.5 5.079048224398401
    endloop
  endfacet
  facet normal 0 -1 0
    outer loop
      vertex 1.6235064793593155 -16.5 3.6
      vertex 1.0625184089179753 -16.5 5.215299050387227
      vertex 1.0416231424446163 -16.5 5.146416588166522
    endloop
  endfacet
  facet normal 0 -1 0
    outer loop
      vertex 1.6235064793593155 -16.5 3.6
      vertex 1.0788638084435536 -16.5 5.285400645782259
      vertex 1.0625184089179753 -16.5 5.215299050387227
    endloop
  endfacet
  facet normal 0 -1 0
    outer loop
      vertex 1.6235064793593155 -16.5 3.6
      vertex 1.0905893475111914 -16.5 5.356421188557944
      vertex 1.0788638084435536 -16.5 5.285400645782259
    endloop
  endfacet
  facet normal 0 -1 0
    outer loop
      vertex 1.6235064793593155 -16.5 3.6
      vertex 1.0976448155624638 -16.5 5.428056557846842
      vertex 1.0905893475111914 -16.5 5.356421188557944
    endloop
  endfacet
  facet normal 0 -1 0
    outer loop
      vertex 1.6235064793593155 -16.5 3.6
      vertex 1.1 -16.5 5.5
      vertex 1.0976448155624638 -16.5 5.428056557846842
    endloop
  endfacet
  facet normal 0 -1 0
    outer loop
      vertex 1.6235064793593155 -16.5 3.6
      vertex 1.648364537750172 -16.5 3.6204004813025565
      vertex 1.5219035725218015 -16.5 7.483383350728088
    endloop
  endfacet
  facet normal 0 -1 0
    outer loop
      vertex 1.648364537750172 -16.5 3.6204004813025565
      vertex 1.7677669529663689 -16.5 3.732233047033631
      vertex 1.648364537750172 -16.5 7.379599518697443
    endloop
  endfacet
  facet normal 0 -1 0
    outer loop
      vertex 1.7677669529663689 -16.5 3.732233047033631
      vertex 1.8795995186974435 -16.5 3.8516354622498277
      vertex 1.7677669529663689 -16.5 7.267766952966369
    endloop
  endfacet
  facet normal 0 -1 0
    outer loop
      vertex 1.6235064793593155 -16.5 3.6
      vertex 1.1057217255475034 -16.5 7.74218185383172
      vertex 1.1 -16.5 5.5
    endloop
  endfacet
  facet normal 0 -1 0
    outer loop
      vertex 1.8795995186974435 -16.5 3.8516354622498277
      vertex 1.9833833507280878 -16.5 3.9780964274781985
      vertex 1.8795995186974435 -16.5 7.148364537750172
    endloop
  endfacet
  facet normal 0 -1 0
    outer loop
      vertex 1.9833833507280878 -16.5 3.9780964274781985
      vertex 2.078674030756363 -16.5 4.111074417450995
      vertex 1.9833833507280878 -16.5 7.0219035725218015
    endloop
  endfacet
  facet normal 0 -1 0
    outer loop
      vertex 2.078674030756363 -16.5 4.111074417450995
      vertex 2.1650635094610964 -16.5 4.25
      vertex 2.078674030756363 -16.5 6.888925582549005
    endloop
  endfacet
  facet normal 0 -1 0
    outer loop
      vertex 2.1650635094610964 -16.5 4.25
      vertex 2.2421818538317204 -16.5 4.394278274452496
      vertex 2.1650635094610964 -16.5 6.75
    endloop
  endfacet
  facet normal 0 -1 0
    outer loop
      vertex 2.2421818538317204 -16.5 4.394278274452496
      vertex 2.309698831278217 -16.5 4.543291419087275
      vertex 2.2421818538317204 -16.5 6.605721725547504
    endloop
  endfacet
  facet normal 0 -1 0
    outer loop
      vertex 2.309698831278217 -16.5 4.543291419087275
      vertex 2.3673253237377643 -16.5 4.696401336742096
      vertex 2.309698831278217 -16.5 6.456708580912725
    endloop
  endfacet
  facet normal 0 -1 0
    outer loop
      vertex 2.3673253237377643 -16.5 4.696401336742096
      vertex 2.4148145657226707 -16.5 4.852952387243699
      vertex 2.3673253237377643 -16.5 6.303598663257904
    endloop
  endfacet
  facet normal 0 -1 0
    outer loop
      vertex 2.4148145657226707 -16.5 4.852952387243699
      vertex 2.451963201008076 -16.5 5.012274194959679
      vertex 2.4148145657226707 -16.5 6.147047612756301
    endloop
  endfacet
  facet normal 0 -1 0
    outer loop
      vertex 2.451963201008076 -16.5 5.012274194959679
      vertex 2.478612153434526 -16.5 5.173684519449871
      vertex 2.451963201008076 -16.5 5.987725805040321
    endloop
  endfacet
  facet normal 0 -1 0
    outer loop
      vertex 2.478612153434526 -16.5 5.173684519449871
      vertex 2.494647308096509 -16.5 5.336492176924643
      vertex 2.478612153434526 -16.5 5.826315480550129
    endloop
  endfacet
  facet normal 0 -1 0
    outer loop
      vertex 2.494647308096509 -16.5 5.336492176924643
      vertex 2.5 -16.5 5.5
      vertex 2.494647308096509 -16.5 5.663507823075357
    endloop
  endfacet
  facet normal 0 -1 0
    outer loop
      vertex 2.494647308096509 -16.5 5.336492176924643
      vertex 2.494647308096509 -16.5 5.663507823075357
      vertex 2.478612153434526 -16.5 5.826315480550129
    endloop
  endfacet
  facet normal 0 -1 0
    outer loop
      vertex 1.648364537750172 -16.5 3.6204004813025565
      vertex 1.648364537750172 -16.5 7.379599518697443
      vertex 1.5219035725218015 -16.5 7.483383350728088
    endloop
  endfacet
  facet normal 0 -1 0
    outer loop
      vertex 1.8795995186974435 -16.5 3.8516354622498277
      vertex 1.8795995186974435 -16.5 7.148364537750172
      vertex 1.7677669529663689 -16.5 7.267766952966369
    endloop
  endfacet
  facet normal 0 -1 0
    outer loop
      vertex 1.7677669529663689 -16.5 3.732233047033631
      vertex 1.7677669529663689 -16.5 7.267766952966369
      vertex 1.648364537750172 -16.5 7.379599518697443
    endloop
  endfacet
  facet normal 0 -1 0
    outer loop
      vertex 0.9567085809127245 -16.5 7.809698831278217
      vertex 0.9146165735327998 -16.5 6.111127256321563
      vertex 0.9526279441628825 -16.5 6.05
    endloop
  endfacet
  facet normal 0 -1 0
    outer loop
      vertex 0.9567085809127245 -16.5 7.809698831278217
      vertex 0.8726886743203588 -16.5 6.169637571909592
      vertex 0.9146165735327998 -16.5 6.111127256321563
    endloop
  endfacet
  facet normal 0 -1 0
    outer loop
      vertex 1.1057217255475034 -16.5 7.74218185383172
      vertex 1.0976448155624638 -16.5 5.571943442153158
      vertex 1.1 -16.5 5.5
    endloop
  endfacet
  facet normal 0 -1 0
    outer loop
      vertex 1.1057217255475034 -16.5 7.74218185383172
      vertex 1.0905893475111914 -16.5 5.643578811442056
      vertex 1.0976448155624638 -16.5 5.571943442153158
    endloop
  endfacet
  facet normal 0 -1 0
    outer loop
      vertex 1.6235064793593155 -16.5 3.6
      vertex 1.3889255825490054 -16.5 7.578674030756363
      vertex 1.25 -16.5 7.665063509461096
    endloop
  endfacet
  facet normal 0 -1 0
    outer loop
      vertex 1.1057217255475034 -16.5 7.74218185383172
      vertex 1.0788638084435536 -16.5 5.714599354217741
      vertex 1.0905893475111914 -16.5 5.643578811442056
    endloop
  endfacet
  facet normal 0 -1 0
    outer loop
      vertex 1.1057217255475034 -16.5 7.74218185383172
      vertex 1.0416231424446163 -16.5 5.853583411833478
      vertex 1.0625184089179753 -16.5 5.784700949612773
    endloop
  endfacet
  facet normal 0 -1 0
    outer loop
      vertex 1.1057217255475034 -16.5 7.74218185383172
      vertex 1.0625184089179753 -16.5 5.784700949612773
      vertex 1.0788638084435536 -16.5 5.714599354217741
    endloop
  endfacet
  facet normal 0 -1 0
    outer loop
      vertex 1.6235064793593155 -16.5 3.6
      vertex 1.25 -16.5 7.665063509461096
      vertex 1.1057217255475034 -16.5 7.74218185383172
    endloop
  endfacet
  facet normal 0 -1 0
    outer loop
      vertex 1.6235064793593155 -16.5 3.6
      vertex 1.5219035725218015 -16.5 7.483383350728088
      vertex 1.3889255825490054 -16.5 7.578674030756363
    endloop
  endfacet
  facet normal 0 -1 0
    outer loop
      vertex 0.9567085809127245 -16.5 7.809698831278217
      vertex 1.0162674857624154 -16.5 5.920951775601599
      vertex 1.0416231424446163 -16.5 5.853583411833478
    endloop
  endfacet
  facet normal 0 -1 0
    outer loop
      vertex 0.9567085809127245 -16.5 7.809698831278217
      vertex 0.9865600156859572 -16.5 5.986517559240902
      vertex 1.0162674857624154 -16.5 5.920951775601599
    endloop
  endfacet
  facet normal 0 -1 0
    outer loop
      vertex 0.9567085809127245 -16.5 7.809698831278217
      vertex 0.9526279441628825 -16.5 6.05
      vertex 0.9865600156859572 -16.5 5.986517559240902
    endloop
  endfacet
  facet normal 0 -1 0
    outer loop
      vertex 2.3673253237377643 -16.5 4.696401336742096
      vertex 2.3673253237377643 -16.5 6.303598663257904
      vertex 2.309698831278217 -16.5 6.456708580912725
    endloop
  endfacet
  facet normal 0 -1 0
    outer loop
      vertex 2.309698831278217 -16.5 4.543291419087275
      vertex 2.309698831278217 -16.5 6.456708580912725
      vertex 2.2421818538317204 -16.5 6.605721725547504
    endloop
  endfacet
  facet normal 0 -1 0
    outer loop
      vertex 2.478612153434526 -16.5 5.173684519449871
      vertex 2.478612153434526 -16.5 5.826315480550129
      vertex 2.451963201008076 -16.5 5.987725805040321
    endloop
  endfacet
  facet normal 0 -1 0
    outer loop
      vertex 2.451963201008076 -16.5 5.012274194959679
      vertex 2.451963201008076 -16.5 5.987725805040321
      vertex 2.4148145657226707 -16.5 6.147047612756301
    endloop
  endfacet
  facet normal 0 -1 0
    outer loop
      vertex 2.4148145657226707 -16.5 4.852952387243699
      vertex 2.4148145657226707 -16.5 6.147047612756301
      vertex 2.3673253237377643 -16.5 6.303598663257904
    endloop
  endfacet
  facet normal 0 -1 0
    outer loop
      vertex 2.1650635094610964 -16.5 4.25
      vertex 2.1650635094610964 -16.5 6.75
      vertex 2.078674030756363 -16.5 6.888925582549005
    endloop
  endfacet
  facet normal 0 -1 0
    outer loop
      vertex 2.078674030756363 -16.5 4.111074417450995
      vertex 2.078674030756363 -16.5 6.888925582549005
      vertex 1.9833833507280878 -16.5 7.0219035725218015
    endloop
  endfacet
  facet normal 0 -1 0
    outer loop
      vertex 2.2421818538317204 -16.5 4.394278274452496
      vertex 2.2421818538317204 -16.5 6.605721725547504
      vertex 2.1650635094610964 -16.5 6.75
    endloop
  endfacet
  facet normal 0 -1 0
    outer loop
      vertex 1.9833833507280878 -16.5 3.9780964274781985
      vertex 1.9833833507280878 -16.5 7.0219035725218015
      vertex 1.8795995186974435 -16.5 7.148364537750172
    endloop
  endfacet
  facet normal 0 -1 0
    outer loop
      vertex 0.32631548055012893 -16.5 7.978612153434526
      vertex 0.2847009496127728 -16.5 6.562518408917976
      vertex 0.3535834118334778 -16.5 6.5416231424446165
    endloop
  endfacet
  facet normal 0 -1 0
    outer loop
      vertex 0.4877258050403206 -16.5 7.951963201008076
      vertex 0.4209517756015988 -16.5 6.516267485762415
      vertex 0.48651755924090145 -16.5 6.486560015685957
    endloop
  endfacet
  facet normal 0 -1 0
    outer loop
      vertex 0.32631548055012893 -16.5 7.978612153434526
      vertex 0.4190269652082239 -16.5 6.516991933096192
      vertex 0.4209517756015988 -16.5 6.516267485762415
    endloop
  endfacet
  facet normal 0 -1 0
    outer loop
      vertex 0.32631548055012893 -16.5 7.978612153434526
      vertex 0.3535834118334778 -16.5 6.5416231424446165
      vertex 0.4190269652082239 -16.5 6.516991933096192
    endloop
  endfacet
  facet normal 0 -1 0
    outer loop
      vertex 0.6470476127563018 -16.5 7.91481456572267
      vertex 0.6696375719095927 -16.5 6.372688674320359
      vertex 0.7252803966100758 -16.5 6.327023788226875
    endloop
  endfacet
  facet normal 0 -1 0
    outer loop
      vertex 0.803598663257904 -16.5 7.867325323737765
      vertex 0.8270237882268752 -16.5 6.225280396610076
      vertex 0.8726886743203588 -16.5 6.169637571909592
    endloop
  endfacet
  facet normal 0 -1 0
    outer loop
      vertex 0.803598663257904 -16.5 7.867325323737765
      vertex 0.7778174593052024 -16.5 6.2778174593052025
      vertex 0.8270237882268752 -16.5 6.225280396610076
    endloop
  endfacet
  facet normal 0 -1 0
    outer loop
      vertex 0.803598663257904 -16.5 7.867325323737765
      vertex 0.7252803966100758 -16.5 6.327023788226875
      vertex 0.7778174593052024 -16.5 6.2778174593052025
    endloop
  endfacet
  facet normal 0 -1 0
    outer loop
      vertex 0.6470476127563018 -16.5 7.91481456572267
      vertex 0.6111272563215624 -16.5 6.4146165735328
      vertex 0.6696375719095927 -16.5 6.372688674320359
    endloop
  endfacet
  facet normal 0 -1 0
    outer loop
      vertex 0.6470476127563018 -16.5 7.91481456572267
      vertex 0.6093807632838034 -16.5 6.415702612693659
      vertex 0.6111272563215624 -16.5 6.4146165735328
    endloop
  endfacet
  facet normal 0 -1 0
    outer loop
      vertex 0.6470476127563018 -16.5 7.91481456572267
      vertex 0.55 -16.5 6.452627944162883
      vertex 0.6093807632838034 -16.5 6.415702612693659
    endloop
  endfacet
  facet normal 0 -1 0
    outer loop
      vertex 0.4877258050403206 -16.5 7.951963201008076
      vertex 0.48651755924090145 -16.5 6.486560015685957
      vertex 0.55 -16.5 6.452627944162883
    endloop
  endfacet
  facet normal 0 -1 0
    outer loop
      vertex 0 -16.5 8
      vertex 0 -16.5 6.6
      vertex 0.07194344215315737 -16.5 6.597644815562464
    endloop
  endfacet
  facet normal 0 -1 0
    outer loop
      vertex 0.16350782307535766 -16.5 7.994647308096509
      vertex 0.14357881144205675 -16.5 6.590589347511191
      vertex 0.2145993542177411 -16.5 6.578863808443554
    endloop
  endfacet
  facet normal 0 -1 0
    outer loop
      vertex 0.16350782307535766 -16.5 7.994647308096509
      vertex 0.14153208660523106 -16.5 6.590790932312656
      vertex 0.14357881144205675 -16.5 6.590589347511191
    endloop
  endfacet
  facet normal 0 -1 0
    outer loop
      vertex 0.16350782307535766 -16.5 7.994647308096509
      vertex 0.07194344215315737 -16.5 6.597644815562464
      vertex 0.14153208660523106 -16.5 6.590790932312656
    endloop
  endfacet
  facet normal 0 -1 0
    outer loop
      vertex 0.32631548055012893 -16.5 7.978612153434526
      vertex 0.28269804688720046 -16.5 6.562985420332993
      vertex 0.2847009496127728 -16.5 6.562518408917976
    endloop
  endfacet
  facet normal 0 -1 0
    outer loop
      vertex 0.32631548055012893 -16.5 7.978612153434526
      vertex 0.2145993542177411 -16.5 6.578863808443554
      vertex 0.28269804688720046 -16.5 6.562985420332993
    endloop
  endfacet
  facet normal 0 -1 0
    outer loop
      vertex 0.803598663257904 -16.5 7.867325323737765
      vertex 0.8726886743203588 -16.5 6.169637571909592
      vertex 0.9567085809127245 -16.5 7.809698831278217
    endloop
  endfacet
  facet normal 0 -1 0
    outer loop
      vertex 1.1057217255475034 -16.5 7.74218185383172
      vertex 0.9567085809127245 -16.5 7.809698831278217
      vertex 1.0416231424446163 -16.5 5.853583411833478
    endloop
  endfacet
  facet normal 0 -1 0
    outer loop
      vertex 0.16350782307535766 -16.5 7.994647308096509
      vertex 0.2145993542177411 -16.5 6.578863808443554
      vertex 0.32631548055012893 -16.5 7.978612153434526
    endloop
  endfacet
  facet normal 0 -1 0
    outer loop
      vertex 0 -16.5 8
      vertex 0.07194344215315737 -16.5 6.597644815562464
      vertex 0.16350782307535766 -16.5 7.994647308096509
    endloop
  endfacet
  facet normal 0 -1 0
    outer loop
      vertex 0.32631548055012893 -16.5 7.978612153434526
      vertex 0.4209517756015988 -16.5 6.516267485762415
      vertex 0.4877258050403206 -16.5 7.951963201008076
    endloop
  endfacet
  facet normal 0 -1 0
    outer loop
      vertex 0.6470476127563018 -16.5 7.91481456572267
      vertex 0.4877258050403206 -16.5 7.951963201008076
      vertex 0.55 -16.5 6.452627944162883
    endloop
  endfacet
  facet normal 0 -1 0
    outer loop
      vertex 0.803598663257904 -16.5 7.867325323737765
      vertex 0.6470476127563018 -16.5 7.91481456572267
      vertex 0.7252803966100758 -16.5 6.327023788226875
    endloop
  endfacet
  facet normal 0.6343932841636453 0 -0.7730104533627371
    outer loop
      vertex 1.6235064793593155 -16.5 3.6
      vertex 1.648364537750172 16.5 3.6204004813025565
      vertex 1.648364537750172 -16.5 3.6204004813025565
    endloop
  endfacet
  facet normal 0.6835923020228707 0 -0.7298640726978364
    outer loop
      vertex 1.648364537750172 -16.5 3.6204004813025565
      vertex 1.648364537750172 16.5 3.6204004813025565
      vertex 1.7677669529663689 -16.5 3.732233047033631
    endloop
  endfacet
  facet normal 0.7298640726978356 0 -0.6835923020228712
    outer loop
      vertex 1.7677669529663689 -16.5 3.732233047033631
      vertex 1.8795995186974435 16.5 3.8516354622498277
      vertex 1.8795995186974435 -16.5 3.8516354622498277
    endloop
  endfacet
  facet normal 0.7730104533627378 0 -0.6343932841636445
    outer loop
      vertex 1.8795995186974435 -16.5 3.8516354622498277
      vertex 1.9833833507280878 16.5 3.9780964274781985
      vertex 1.9833833507280878 -16.5 3.9780964274781985
    endloop
  endfacet
  facet normal 0.8128466845916158 0 -0.5824776968678014
    outer loop
      vertex 1.9833833507280878 -16.5 3.9780964274781985
      vertex 2.078674030756363 16.5 4.111074417450995
      vertex 2.078674030756363 -16.5 4.111074417450995
    endloop
  endfacet
  facet normal 0.8492021815265788 0 -0.5280678506503683
    outer loop
      vertex 2.078674030756363 -16.5 4.111074417450995
      vertex 2.1650635094610964 16.5 4.25
      vertex 2.1650635094610964 -16.5 4.25
    endloop
  endfacet
  facet normal 0.8819212643483545 0 -0.47139673682599864
    outer loop
      vertex 2.1650635094610964 -16.5 4.25
      vertex 2.2421818538317204 16.5 4.394278274452496
      vertex 2.2421818538317204 -16.5 4.394278274452496
    endloop
  endfacet
  facet normal 0.9108638249211749 0 -0.41270702980439655
    outer loop
      vertex 2.2421818538317204 -16.5 4.394278274452496
      vertex 2.309698831278217 16.5 4.543291419087275
      vertex 2.309698831278217 -16.5 4.543291419087275
    endloop
  endfacet
  facet normal 0.9359059267573262 0 -0.3522500479212324
    outer loop
      vertex 2.309698831278217 -16.5 4.543291419087275
      vertex 2.3673253237377643 16.5 4.696401336742096
      vertex 2.3673253237377643 -16.5 4.696401336742096
    endloop
  endfacet
  facet normal 0.9569403357322092 0 -0.2902846772544613
    outer loop
      vertex 2.3673253237377643 -16.5 4.696401336742096
      vertex 2.4148145657226707 16.5 4.852952387243699
      vertex 2.4148145657226707 -16.5 4.852952387243699
    endloop
  endfacet
  facet normal 0.9738769792773334 0 -0.22707626303437375
    outer loop
      vertex 2.4148145657226707 -16.5 4.852952387243699
      vertex 2.451963201008076 16.5 5.012274194959679
      vertex 2.451963201008076 -16.5 5.012274194959679
    endloop
  endfacet
  facet normal 0.986643332084879 0 -0.1628954733945885
    outer loop
      vertex 2.451963201008076 -16.5 5.012274194959679
      vertex 2.478612153434526 16.5 5.173684519449871
      vertex 2.478612153434526 -16.5 5.173684519449871
    endloop
  endfacet
  facet normal 0.9951847266721969 0 -0.0980171403295609
    outer loop
      vertex 2.478612153434526 -16.5 5.173684519449871
      vertex 2.494647308096509 16.5 5.336492176924643
      vertex 2.494647308096509 -16.5 5.336492176924643
    endloop
  endfacet
  facet normal 0.9994645874763656 0 -0.03271908282177596
    outer loop
      vertex 2.494647308096509 -16.5 5.336492176924643
      vertex 2.5 16.5 5.5
      vertex 2.5 -16.5 5.5
    endloop
  endfacet
  facet normal 0.9994645874763656 0 0.03271908282177596
    outer loop
      vertex 2.5 -16.5 5.5
      vertex 2.494647308096509 16.5 5.663507823075357
      vertex 2.494647308096509 -16.5 5.663507823075357
    endloop
  endfacet
  facet normal 0.9951847266721969 0 0.0980171403295609
    outer loop
      vertex 2.494647308096509 -16.5 5.663507823075357
      vertex 2.478612153434526 16.5 5.826315480550129
      vertex 2.478612153434526 -16.5 5.826315480550129
    endloop
  endfacet
  facet normal 0.986643332084879 0 0.1628954733945885
    outer loop
      vertex 2.478612153434526 -16.5 5.826315480550129
      vertex 2.451963201008076 16.5 5.987725805040321
      vertex 2.451963201008076 -16.5 5.987725805040321
    endloop
  endfacet
  facet normal 0.9738769792773334 0 0.22707626303437375
    outer loop
      vertex 2.451963201008076 -16.5 5.987725805040321
      vertex 2.4148145657226707 16.5 6.147047612756301
      vertex 2.4148145657226707 -16.5 6.147047612756301
    endloop
  endfacet
  facet normal 0.9569403357322092 0 0.2902846772544613
    outer loop
      vertex 2.4148145657226707 -16.5 6.147047612756301
      vertex 2.3673253237377643 16.5 6.303598663257904
      vertex 2.3673253237377643 -16.5 6.303598663257904
    endloop
  endfacet
  facet normal 0.9359059267573262 0 0.3522500479212324
    outer loop
      vertex 2.3673253237377643 -16.5 6.303598663257904
      vertex 2.309698831278217 16.5 6.456708580912725
      vertex 2.309698831278217 -16.5 6.456708580912725
    endloop
  endfacet
  facet normal 0.9108638249211749 0 0.41270702980439655
    outer loop
      vertex 2.309698831278217 -16.5 6.456708580912725
      vertex 2.2421818538317204 16.5 6.605721725547504
      vertex 2.2421818538317204 -16.5 6.605721725547504
    endloop
  endfacet
  facet normal 0.8819212643483545 0 0.47139673682599864
    outer loop
      vertex 2.2421818538317204 -16.5 6.605721725547504
      vertex 2.1650635094610964 16.5 6.75
      vertex 2.1650635094610964 -16.5 6.75
    endloop
  endfacet
  facet normal 0.7298640726978356 0 0.6835923020228712
    outer loop
      vertex 1.8795995186974435 -16.5 7.148364537750172
      vertex 1.7677669529663689 16.5 7.267766952966369
      vertex 1.7677669529663689 -16.5 7.267766952966369
    endloop
  endfacet
  facet normal 0.6835923020228691 0 0.7298640726978376
    outer loop
      vertex 1.7677669529663689 -16.5 7.267766952966369
      vertex 1.7677669529663689 16.5 7.267766952966369
      vertex 1.648364537750172 -16.5 7.379599518697443
    endloop
  endfacet
  facet normal 0.3522500479212361 0 0.9359059267573248
    outer loop
      vertex 0.803598663257904 -16.5 7.867325323737765
      vertex 0.9567085809127245 -16.5 7.809698831278217
      vertex 0.9567085809127245 16.5 7.809698831278217
    endloop
  endfacet
  facet normal 0.6343932841636484 0 0.7730104533627346
    outer loop
      vertex 1.648364537750172 -16.5 7.379599518697443
      vertex 1.648364537750172 16.5 7.379599518697443
      vertex 1.5219035725218015 -16.5 7.483383350728088
    endloop
  endfacet
  facet normal 0.5824776968678008 0 0.812846684591616
    outer loop
      vertex 1.3889255825490054 -16.5 7.578674030756363
      vertex 1.5219035725218015 -16.5 7.483383350728088
      vertex 1.5219035725218015 16.5 7.483383350728088
    endloop
  endfacet
  facet normal 0.5280678506503671 0 0.8492021815265794
    outer loop
      vertex 1.3889255825490054 -16.5 7.578674030756363
      vertex 1.3889255825490054 16.5 7.578674030756363
      vertex 1.25 -16.5 7.665063509461096
    endloop
  endfacet
  facet normal 0.4713967368259976 0 0.881921264348355
    outer loop
      vertex 1.25 -16.5 7.665063509461096
      vertex 1.25 16.5 7.665063509461096
      vertex 1.1057217255475034 -16.5 7.74218185383172
    endloop
  endfacet
  facet normal 0.41270702980439655 0 0.9108638249211749
    outer loop
      vertex 1.1057217255475034 -16.5 7.74218185383172
      vertex 1.1057217255475034 16.5 7.74218185383172
      vertex 0.9567085809127245 -16.5 7.809698831278217
    endloop
  endfacet
  facet normal 0.8492021815265788 0 0.5280678506503683
    outer loop
      vertex 2.078674030756363 -16.5 6.888925582549005
      vertex 2.1650635094610964 -16.5 6.75
      vertex 2.078674030756363 16.5 6.888925582549005
    endloop
  endfacet
  facet normal 0.8128466845916158 0 0.5824776968678014
    outer loop
      vertex 2.078674030756363 -16.5 6.888925582549005
      vertex 1.9833833507280878 16.5 7.0219035725218015
      vertex 1.9833833507280878 -16.5 7.0219035725218015
    endloop
  endfacet
  facet normal 0.7730104533627378 0 0.6343932841636445
    outer loop
      vertex 1.8795995186974435 -16.5 7.148364537750172
      vertex 1.9833833507280878 -16.5 7.0219035725218015
      vertex 1.8795995186974435 16.5 7.148364537750172
    endloop
  endfacet
  facet normal 0.03271908282177589 0 0.9994645874763656
    outer loop
      vertex 0 -16.5 8
      vertex 0.16350782307535766 -16.5 7.994647308096509
      vertex 0.16350782307535766 16.5 7.994647308096509
    endloop
  endfacet
  facet normal 0.09801714032956367 0 0.9951847266721966
    outer loop
      vertex 0.16350782307535766 -16.5 7.994647308096509
      vertex 0.32631548055012893 -16.5 7.978612153434526
      vertex 0.32631548055012893 16.5 7.978612153434526
    endloop
  endfacet
  facet normal 0.16289547339458632 0 0.9866433320848794
    outer loop
      vertex 0.32631548055012893 -16.5 7.978612153434526
      vertex 0.4877258050403206 -16.5 7.951963201008076
      vertex 0.4877258050403206 16.5 7.951963201008076
    endloop
  endfacet
  facet normal 0.22707626303437542 0 0.9738769792773331
    outer loop
      vertex 0.6470476127563018 -16.5 7.91481456572267
      vertex 0.6470476127563018 16.5 7.91481456572267
      vertex 0.4877258050403206 -16.5 7.951963201008076
    endloop
  endfacet
  facet normal 0.29028467725445667 0 0.9569403357322105
    outer loop
      vertex 0.803598663257904 -16.5 7.867325323737765
      vertex 0.803598663257904 16.5 7.867325323737765
      vertex 0.6470476127563018 -16.5 7.91481456572267
    endloop
  endfacet
  facet normal 0.6343932841636453 0 -0.7730104533627371
    outer loop
      vertex 1.6235064793593155 -16.5 3.6
      vertex 1.6235064793593155 16.5 3.6
      vertex 1.648364537750172 16.5 3.6204004813025565
    endloop
  endfacet
  facet normal 0.6835923020228707 0 -0.7298640726978364
    outer loop
      vertex 1.7677669529663689 -16.5 3.732233047033631
      vertex 1.648364537750172 16.5 3.6204004813025565
      vertex 1.7677669529663689 16.5 3.732233047033631
    endloop
  endfacet
  facet normal 0.7298640726978356 0 -0.6835923020228712
    outer loop
      vertex 1.7677669529663689 -16.5 3.732233047033631
      vertex 1.7677669529663689 16.5 3.732233047033631
      vertex 1.8795995186974435 16.5 3.8516354622498277
    endloop
  endfacet
  facet normal 0.7730104533627378 0 -0.6343932841636445
    outer loop
      vertex 1.8795995186974435 -16.5 3.8516354622498277
      vertex 1.8795995186974435 16.5 3.8516354622498277
      vertex 1.9833833507280878 16.5 3.9780964274781985
    endloop
  endfacet
  facet normal 0.8128466845916158 0 -0.5824776968678014
    outer loop
      vertex 1.9833833507280878 -16.5 3.9780964274781985
      vertex 1.9833833507280878 16.5 3.9780964274781985
      vertex 2.078674030756363 16.5 4.111074417450995
    endloop
  endfacet
  facet normal 0.8492021815265788 0 -0.5280678506503683
    outer loop
      vertex 2.078674030756363 -16.5 4.111074417450995
      vertex 2.078674030756363 16.5 4.111074417450995
      vertex 2.1650635094610964 16.5 4.25
    endloop
  endfacet
  facet normal 0.8819212643483545 0 -0.47139673682599864
    outer loop
      vertex 2.1650635094610964 -16.5 4.25
      vertex 2.1650635094610964 16.5 4.25
      vertex 2.2421818538317204 16.5 4.394278274452496
    endloop
  endfacet
  facet normal 0.9108638249211749 0 -0.41270702980439655
    outer loop
      vertex 2.2421818538317204 -16.5 4.394278274452496
      vertex 2.2421818538317204 16.5 4.394278274452496
      vertex 2.309698831278217 16.5 4.543291419087275
    endloop
  endfacet
  facet normal 0.9359059267573262 0 -0.3522500479212324
    outer loop
      vertex 2.309698831278217 -16.5 4.543291419087275
      vertex 2.309698831278217 16.5 4.543291419087275
      vertex 2.3673253237377643 16.5 4.696401336742096
    endloop
  endfacet
  facet normal 0.9569403357322092 0 -0.2902846772544613
    outer loop
      vertex 2.3673253237377643 -16.5 4.696401336742096
      vertex 2.3673253237377643 16.5 4.696401336742096
      vertex 2.4148145657226707 16.5 4.852952387243699
    endloop
  endfacet
  facet normal 0.9738769792773334 0 -0.22707626303437375
    outer loop
      vertex 2.4148145657226707 -16.5 4.852952387243699
      vertex 2.4148145657226707 16.5 4.852952387243699
      vertex 2.451963201008076 16.5 5.012274194959679
    endloop
  endfacet
  facet normal 0.986643332084879 0 -0.1628954733945885
    outer loop
      vertex 2.451963201008076 -16.5 5.012274194959679
      vertex 2.451963201008076 16.5 5.012274194959679
      vertex 2.478612153434526 16.5 5.173684519449871
    endloop
  endfacet
  facet normal 0.9951847266721969 0 -0.0980171403295609
    outer loop
      vertex 2.478612153434526 -16.5 5.173684519449871
      vertex 2.478612153434526 16.5 5.173684519449871
      vertex 2.494647308096509 16.5 5.336492176924643
    endloop
  endfacet
  facet normal 0.9994645874763656 0 -0.03271908282177596
    outer loop
      vertex 2.494647308096509 -16.5 5.336492176924643
      vertex 2.494647308096509 16.5 5.336492176924643
      vertex 2.5 16.5 5.5
    endloop
  endfacet
  facet normal 0.9994645874763656 0 0.03271908282177596
    outer loop
      vertex 2.5 -16.5 5.5
      vertex 2.5 16.5 5.5
      vertex 2.494647308096509 16.5 5.663507823075357
    endloop
  endfacet
  facet normal 0.9951847266721969 0 0.0980171403295609
    outer loop
      vertex 2.494647308096509 -16.5 5.663507823075357
      vertex 2.494647308096509 16.5 5.663507823075357
      vertex 2.478612153434526 16.5 5.826315480550129
    endloop
  endfacet
  facet normal 0.986643332084879 0 0.1628954733945885
    outer loop
      vertex 2.478612153434526 -16.5 5.826315480550129
      vertex 2.478612153434526 16.5 5.826315480550129
      vertex 2.451963201008076 16.5 5.987725805040321
    endloop
  endfacet
  facet normal 0.9738769792773334 0 0.22707626303437375
    outer loop
      vertex 2.451963201008076 -16.5 5.987725805040321
      vertex 2.451963201008076 16.5 5.987725805040321
      vertex 2.4148145657226707 16.5 6.147047612756301
    endloop
  endfacet
  facet normal 0.9359059267573262 0 0.3522500479212324
    outer loop
      vertex 2.3673253237377643 -16.5 6.303598663257904
      vertex 2.3673253237377643 16.5 6.303598663257904
      vertex 2.309698831278217 16.5 6.456708580912725
    endloop
  endfacet
  facet normal 0.9569403357322092 0 0.2902846772544613
    outer loop
      vertex 2.4148145657226707 -16.5 6.147047612756301
      vertex 2.4148145657226707 16.5 6.147047612756301
      vertex 2.3673253237377643 16.5 6.303598663257904
    endloop
  endfacet
  facet normal 0.9108638249211749 0 0.41270702980439655
    outer loop
      vertex 2.309698831278217 -16.5 6.456708580912725
      vertex 2.309698831278217 16.5 6.456708580912725
      vertex 2.2421818538317204 16.5 6.605721725547504
    endloop
  endfacet
  facet normal 0.8819212643483545 0 0.47139673682599864
    outer loop
      vertex 2.2421818538317204 -16.5 6.605721725547504
      vertex 2.2421818538317204 16.5 6.605721725547504
      vertex 2.1650635094610964 16.5 6.75
    endloop
  endfacet
  facet normal 0.7298640726978356 0 0.6835923020228712
    outer loop
      vertex 1.8795995186974435 -16.5 7.148364537750172
      vertex 1.8795995186974435 16.5 7.148364537750172
      vertex 1.7677669529663689 16.5 7.267766952966369
    endloop
  endfacet
  facet normal 0.3522500479212361 0 0.9359059267573248
    outer loop
      vertex 0.803598663257904 -16.5 7.867325323737765
      vertex 0.9567085809127245 16.5 7.809698831278217
      vertex 0.803598663257904 16.5 7.867325323737765
    endloop
  endfacet
  facet normal 0.6343932841636484 0 0.7730104533627346
    outer loop
      vertex 1.5219035725218015 -16.5 7.483383350728088
      vertex 1.648364537750172 16.5 7.379599518697443
      vertex 1.5219035725218015 16.5 7.483383350728088
    endloop
  endfacet
  facet normal 0.6835923020228691 0 0.7298640726978376
    outer loop
      vertex 1.648364537750172 -16.5 7.379599518697443
      vertex 1.7677669529663689 16.5 7.267766952966369
      vertex 1.648364537750172 16.5 7.379599518697443
    endloop
  endfacet
  facet normal 0.5824776968678008 0 0.812846684591616
    outer loop
      vertex 1.3889255825490054 -16.5 7.578674030756363
      vertex 1.5219035725218015 16.5 7.483383350728088
      vertex 1.3889255825490054 16.5 7.578674030756363
    endloop
  endfacet
  facet normal 0.4713967368259976 0 0.881921264348355
    outer loop
      vertex 1.1057217255475034 -16.5 7.74218185383172
      vertex 1.25 16.5 7.665063509461096
      vertex 1.1057217255475034 16.5 7.74218185383172
    endloop
  endfacet
  facet normal 0.5280678506503671 0 0.8492021815265794
    outer loop
      vertex 1.25 -16.5 7.665063509461096
      vertex 1.3889255825490054 16.5 7.578674030756363
      vertex 1.25 16.5 7.665063509461096
    endloop
  endfacet
  facet normal 0.41270702980439655 0 0.9108638249211749
    outer loop
      vertex 0.9567085809127245 -16.5 7.809698831278217
      vertex 1.1057217255475034 16.5 7.74218185383172
      vertex 0.9567085809127245 16.5 7.809698831278217
    endloop
  endfacet
  facet normal 0.8492021815265788 0 0.5280678506503683
    outer loop
      vertex 2.1650635094610964 -16.5 6.75
      vertex 2.1650635094610964 16.5 6.75
      vertex 2.078674030756363 16.5 6.888925582549005
    endloop
  endfacet
  facet normal 0.8128466845916158 0 0.5824776968678014
    outer loop
      vertex 2.078674030756363 -16.5 6.888925582549005
      vertex 2.078674030756363 16.5 6.888925582549005
      vertex 1.9833833507280878 16.5 7.0219035725218015
    endloop
  endfacet
  facet normal 0.7730104533627378 0 0.6343932841636445
    outer loop
      vertex 1.9833833507280878 -16.5 7.0219035725218015
      vertex 1.9833833507280878 16.5 7.0219035725218015
      vertex 1.8795995186974435 16.5 7.148364537750172
    endloop
  endfacet
  facet normal 0.03271908282177589 0 0.9994645874763656
    outer loop
      vertex 0 -16.5 8
      vertex 0.16350782307535766 16.5 7.994647308096509
      vertex 0 16.5 8
    endloop
  endfacet
  facet normal 0.09801714032956367 0 0.9951847266721966
    outer loop
      vertex 0.16350782307535766 -16.5 7.994647308096509
      vertex 0.32631548055012893 16.5 7.978612153434526
      vertex 0.16350782307535766 16.5 7.994647308096509
    endloop
  endfacet
  facet normal 0.16289547339458632 0 0.9866433320848794
    outer loop
      vertex 0.32631548055012893 -16.5 7.978612153434526
      vertex 0.4877258050403206 16.5 7.951963201008076
      vertex 0.32631548055012893 16.5 7.978612153434526
    endloop
  endfacet
  facet normal 0.22707626303437542 0 0.9738769792773331
    outer loop
      vertex 0.4877258050403206 -16.5 7.951963201008076
      vertex 0.6470476127563018 16.5 7.91481456572267
      vertex 0.4877258050403206 16.5 7.951963201008076
    endloop
  endfacet
  facet normal 0.29028467725445667 0 0.9569403357322105
    outer loop
      vertex 0.6470476127563018 -16.5 7.91481456572267
      vertex 0.803598663257904 16.5 7.867325323737765
      vertex 0.6470476127563018 16.5 7.91481456572267
    endloop
  endfacet
  facet normal 0 1 0
    outer loop
      vertex -1.6235064793593155 16.5 3.6
      vertex 0.4209517756015988 16.5 4.483732514237585
      vertex 1.6235064793593155 16.5 3.6
    endloop
  endfacet
  facet normal 0 1 0
    outer loop
      vertex 1.6235064793593155 16.5 3.6
      vertex 0.4209517756015988 16.5 4.483732514237585
      vertex 0.48651755924090145 16.5 4.513439984314043
    endloop
  endfacet
  facet normal 0 1 0
    outer loop
      vertex 1.6235064793593155 16.5 3.6
      vertex 0.48651755924090145 16.5 4.513439984314043
      vertex 0.55 16.5 4.547372055837117
    endloop
  endfacet
  facet normal 0 1 0
    outer loop
      vertex 1.6235064793593155 16.5 3.6
      vertex 0.55 16.5 4.547372055837117
      vertex 0.6111272563215624 16.5 4.5853834264672
    endloop
  endfacet
  facet normal 0 1 0
    outer loop
      vertex 1.6235064793593155 16.5 3.6
      vertex 0.6111272563215624 16.5 4.5853834264672
      vertex 0.6696375719095927 16.5 4.627311325679641
    endloop
  endfacet
  facet normal 0 1 0
    outer loop
      vertex 1.6235064793593155 16.5 3.6
      vertex 0.6696375719095927 16.5 4.627311325679641
      vertex 0.7252803966100758 16.5 4.672976211773125
    endloop
  endfacet
  facet normal 0 1 0
    outer loop
      vertex 1.6235064793593155 16.5 3.6
      vertex 0.7252803966100758 16.5 4.672976211773125
      vertex 0.7778174593052024 16.5 4.7221825406947975
    endloop
  endfacet
  facet normal 0 1 0
    outer loop
      vertex 1.6235064793593155 16.5 3.6
      vertex 0.7778174593052024 16.5 4.7221825406947975
      vertex 0.8270237882268752 16.5 4.774719603389924
    endloop
  endfacet
  facet normal 0 1 0
    outer loop
      vertex 1.6235064793593155 16.5 3.6
      vertex 0.8270237882268752 16.5 4.774719603389924
      vertex 0.8726886743203588 16.5 4.830362428090408
    endloop
  endfacet
  facet normal 0 1 0
    outer loop
      vertex 1.6235064793593155 16.5 3.6
      vertex 0.8726886743203588 16.5 4.830362428090408
      vertex 0.9146165735327998 16.5 4.888872743678437
    endloop
  endfacet
  facet normal 0 1 0
    outer loop
      vertex 1.6235064793593155 16.5 3.6
      vertex 0.9146165735327998 16.5 4.888872743678437
      vertex 0.9526279441628825 16.5 4.95
    endloop
  endfacet
  facet normal 0 1 0
    outer loop
      vertex 1.6235064793593155 16.5 3.6
      vertex 0.9526279441628825 16.5 4.95
      vertex 0.9865600156859572 16.5 5.013482440759098
    endloop
  endfacet
  facet normal 0 1 0
    outer loop
      vertex 1.6235064793593155 16.5 3.6
      vertex 0.9865600156859572 16.5 5.013482440759098
      vertex 1.0162674857624154 16.5 5.079048224398401
    endloop
  endfacet
  facet normal 0 1 0
    outer loop
      vertex 1.6235064793593155 16.5 3.6
      vertex 1.0162674857624154 16.5 5.079048224398401
      vertex 1.0416231424446163 16.5 5.146416588166522
    endloop
  endfacet
  facet normal 0 1 0
    outer loop
      vertex 1.6235064793593155 16.5 3.6
      vertex 1.0416231424446163 16.5 5.146416588166522
      vertex 1.0625184089179753 16.5 5.215299050387227
    endloop
  endfacet
  facet normal 0 1 0
    outer loop
      vertex 1.6235064793593155 16.5 3.6
      vertex 1.0625184089179753 16.5 5.215299050387227
      vertex 1.0788638084435536 16.5 5.285400645782259
    endloop
  endfacet
  facet normal 0 1 0
    outer loop
      vertex 1.6235064793593155 16.5 3.6
      vertex 1.0788638084435536 16.5 5.285400645782259
      vertex 1.0905893475111914 16.5 5.356421188557944
    endloop
  endfacet
  facet normal 0 1 0
    outer loop
      vertex 1.6235064793593155 16.5 3.6
      vertex 1.0905893475111914 16.5 5.356421188557944
      vertex 1.0976448155624638 16.5 5.428056557846842
    endloop
  endfacet
  facet normal 0 1 0
    outer loop
      vertex 1.6235064793593155 16.5 3.6
      vertex 1.0976448155624638 16.5 5.428056557846842
      vertex 1.1 16.5 5.5
    endloop
  endfacet
  facet normal 0 1 0
    outer loop
      vertex 1.6235064793593155 16.5 3.6
      vertex 1.648364537750172 16.5 7.379599518697443
      vertex 1.648364537750172 16.5 3.6204004813025565
    endloop
  endfacet
  facet normal 0 1 0
    outer loop
      vertex 1.648364537750172 16.5 3.6204004813025565
      vertex 1.7677669529663689 16.5 7.267766952966369
      vertex 1.7677669529663689 16.5 3.732233047033631
    endloop
  endfacet
  facet normal 0 1 0
    outer loop
      vertex 1.7677669529663689 16.5 3.732233047033631
      vertex 1.8795995186974435 16.5 7.148364537750172
      vertex 1.8795995186974435 16.5 3.8516354622498277
    endloop
  endfacet
  facet normal 0 1 0
    outer loop
      vertex 1.6235064793593155 16.5 3.6
      vertex 1.1 16.5 5.5
      vertex 1.1057217255475034 16.5 7.74218185383172
    endloop
  endfacet
  facet normal 0 1 0
    outer loop
      vertex 1.8795995186974435 16.5 3.8516354622498277
      vertex 1.9833833507280878 16.5 7.0219035725218015
      vertex 1.9833833507280878 16.5 3.9780964274781985
    endloop
  endfacet
  facet normal 0 1 0
    outer loop
      vertex 1.9833833507280878 16.5 3.9780964274781985
      vertex 2.078674030756363 16.5 6.888925582549005
      vertex 2.078674030756363 16.5 4.111074417450995
    endloop
  endfacet
  facet normal 0 1 0
    outer loop
      vertex 2.078674030756363 16.5 4.111074417450995
      vertex 2.1650635094610964 16.5 6.75
      vertex 2.1650635094610964 16.5 4.25
    endloop
  endfacet
  facet normal 0 1 0
    outer loop
      vertex 2.1650635094610964 16.5 4.25
      vertex 2.2421818538317204 16.5 6.605721725547504
      vertex 2.2421818538317204 16.5 4.394278274452496
    endloop
  endfacet
  facet normal 0 1 0
    outer loop
      vertex 2.2421818538317204 16.5 4.394278274452496
      vertex 2.309698831278217 16.5 6.456708580912725
      vertex 2.309698831278217 16.5 4.543291419087275
    endloop
  endfacet
  facet normal 0 1 0
    outer loop
      vertex 2.309698831278217 16.5 4.543291419087275
      vertex 2.3673253237377643 16.5 6.303598663257904
      vertex 2.3673253237377643 16.5 4.696401336742096
    endloop
  endfacet
  facet normal 0 1 0
    outer loop
      vertex 2.3673253237377643 16.5 4.696401336742096
      vertex 2.4148145657226707 16.5 6.147047612756301
      vertex 2.4148145657226707 16.5 4.852952387243699
    endloop
  endfacet
  facet normal 0 1 0
    outer loop
      vertex 2.4148145657226707 16.5 4.852952387243699
      vertex 2.451963201008076 16.5 5.987725805040321
      vertex 2.451963201008076 16.5 5.012274194959679
    endloop
  endfacet
  facet normal 0 1 0
    outer loop
      vertex 2.451963201008076 16.5 5.012274194959679
      vertex 2.478612153434526 16.5 5.826315480550129
      vertex 2.478612153434526 16.5 5.173684519449871
    endloop
  endfacet
  facet normal 0 1 0
    outer loop
      vertex 2.478612153434526 16.5 5.173684519449871
      vertex 2.494647308096509 16.5 5.663507823075357
      vertex 2.494647308096509 16.5 5.336492176924643
    endloop
  endfacet
  facet normal 0 1 0
    outer loop
      vertex 2.494647308096509 16.5 5.336492176924643
      vertex 2.494647308096509 16.5 5.663507823075357
      vertex 2.5 16.5 5.5
    endloop
  endfacet
  facet normal 0 1 0
    outer loop
      vertex 2.478612153434526 16.5 5.173684519449871
      vertex 2.478612153434526 16.5 5.826315480550129
      vertex 2.494647308096509 16.5 5.663507823075357
    endloop
  endfacet
  facet normal 0 1 0
    outer loop
      vertex 2.451963201008076 16.5 5.012274194959679
      vertex 2.451963201008076 16.5 5.987725805040321
      vertex 2.478612153434526 16.5 5.826315480550129
    endloop
  endfacet
  facet normal 0 1 0
    outer loop
      vertex 1.6235064793593155 16.5 3.6
      vertex 1.5219035725218015 16.5 7.483383350728088
      vertex 1.648364537750172 16.5 7.379599518697443
    endloop
  endfacet
  facet normal 0 1 0
    outer loop
      vertex 1.648364537750172 16.5 3.6204004813025565
      vertex 1.648364537750172 16.5 7.379599518697443
      vertex 1.7677669529663689 16.5 7.267766952966369
    endloop
  endfacet
  facet normal 0 1 0
    outer loop
      vertex 1.7677669529663689 16.5 3.732233047033631
      vertex 1.7677669529663689 16.5 7.267766952966369
      vertex 1.8795995186974435 16.5 7.148364537750172
    endloop
  endfacet
  facet normal 0 1 0
    outer loop
      vertex 0.9567085809127245 16.5 7.809698831278217
      vertex 0.9526279441628825 16.5 6.05
      vertex 0.9515419050020231 16.5 6.051746493037759
    endloop
  endfacet
  facet normal 0 1 0
    outer loop
      vertex 0.9567085809127245 16.5 7.809698831278217
      vertex 0.9515419050020231 16.5 6.051746493037759
      vertex 0.9146165735327998 16.5 6.111127256321563
    endloop
  endfacet
  facet normal 0 1 0
    outer loop
      vertex 0.9567085809127245 16.5 7.809698831278217
      vertex 0.9146165735327998 16.5 6.111127256321563
      vertex 0.8726886743203588 16.5 6.169637571909592
    endloop
  endfacet
  facet normal 0 1 0
    outer loop
      vertex 0.9567085809127245 16.5 7.809698831278217
      vertex 0.8713839632891164 16.5 6.171227366901035
      vertex 0.8270237882268752 16.5 6.225280396610076
    endloop
  endfacet
  facet normal 0 1 0
    outer loop
      vertex 0.9567085809127245 16.5 7.809698831278217
      vertex 0.8726886743203588 16.5 6.169637571909592
      vertex 0.8713839632891164 16.5 6.171227366901035
    endloop
  endfacet
  facet normal 0 1 0
    outer loop
      vertex 1.1 16.5 5.5
      vertex 1.0999327090160704 16.5 5.502055526918662
      vertex 1.1057217255475034 16.5 7.74218185383172
    endloop
  endfacet
  facet normal 0 1 0
    outer loop
      vertex 1.1057217255475034 16.5 7.74218185383172
      vertex 1.0999327090160704 16.5 5.502055526918662
      vertex 1.0976448155624638 16.5 5.571943442153158
    endloop
  endfacet
  facet normal 0 1 0
    outer loop
      vertex 1.1057217255475034 16.5 7.74218185383172
      vertex 1.0976448155624638 16.5 5.571943442153158
      vertex 1.0905893475111914 16.5 5.643578811442056
    endloop
  endfacet
  facet normal 0 1 0
    outer loop
      vertex 1.6235064793593155 16.5 3.6
      vertex 1.25 16.5 7.665063509461096
      vertex 1.3889255825490054 16.5 7.578674030756363
    endloop
  endfacet
  facet normal 0 1 0
    outer loop
      vertex 1.1057217255475034 16.5 7.74218185383172
      vertex 1.0905893475111914 16.5 5.643578811442056
      vertex 1.0902543321092588 16.5 5.645607969807076
    endloop
  endfacet
  facet normal 0 1 0
    outer loop
      vertex 1.1057217255475034 16.5 7.74218185383172
      vertex 1.0902543321092588 16.5 5.645607969807076
      vertex 1.0788638084435536 16.5 5.714599354217741
    endloop
  endfacet
  facet normal 0 1 0
    outer loop
      vertex 1.1057217255475034 16.5 7.74218185383172
      vertex 1.0788638084435536 16.5 5.714599354217741
      vertex 1.078396797028537 16.5 5.716602256943314
    endloop
  endfacet
  facet normal 0 1 0
    outer loop
      vertex 1.1057217255475034 16.5 7.74218185383172
      vertex 1.0625184089179753 16.5 5.784700949612773
      vertex 1.0416231424446163 16.5 5.853583411833478
    endloop
  endfacet
  facet normal 0 1 0
    outer loop
      vertex 1.1057217255475034 16.5 7.74218185383172
      vertex 1.078396797028537 16.5 5.716602256943314
      vertex 1.0625184089179753 16.5 5.784700949612773
    endloop
  endfacet
  facet normal 0 1 0
    outer loop
      vertex 1.6235064793593155 16.5 3.6
      vertex 1.1057217255475034 16.5 7.74218185383172
      vertex 1.25 16.5 7.665063509461096
    endloop
  endfacet
  facet normal 0 1 0
    outer loop
      vertex 1.6235064793593155 16.5 3.6
      vertex 1.3889255825490054 16.5 7.578674030756363
      vertex 1.5219035725218015 16.5 7.483383350728088
    endloop
  endfacet
  facet normal 0 1 0
    outer loop
      vertex 1.1057217255475034 16.5 7.74218185383172
      vertex 1.0416231424446163 16.5 5.853583411833478
      vertex 1.0162674857624154 16.5 5.920951775601599
    endloop
  endfacet
  facet normal 0 1 0
    outer loop
      vertex 1.1057217255475034 16.5 7.74218185383172
      vertex 1.0162674857624154 16.5 5.920951775601599
      vertex 1.015418700903088 16.5 5.922825083705579
    endloop
  endfacet
  facet normal 0 1 0
    outer loop
      vertex 1.1057217255475034 16.5 7.74218185383172
      vertex 1.015418700903088 16.5 5.922825083705579
      vertex 0.9865600156859572 16.5 5.986517559240902
    endloop
  endfacet
  facet normal 0 1 0
    outer loop
      vertex 1.1057217255475034 16.5 7.74218185383172
      vertex 0.9865600156859572 16.5 5.986517559240902
      vertex 0.9526279441628825 16.5 6.05
    endloop
  endfacet
  facet normal 0 1 0
    outer loop
      vertex 2.3673253237377643 16.5 4.696401336742096
      vertex 2.3673253237377643 16.5 6.303598663257904
      vertex 2.4148145657226707 16.5 6.147047612756301
    endloop
  endfacet
  facet normal 0 1 0
    outer loop
      vertex 2.2421818538317204 16.5 4.394278274452496
      vertex 2.2421818538317204 16.5 6.605721725547504
      vertex 2.309698831278217 16.5 6.456708580912725
    endloop
  endfacet
  facet normal 0 1 0
    outer loop
      vertex 2.309698831278217 16.5 4.543291419087275
      vertex 2.309698831278217 16.5 6.456708580912725
      vertex 2.3673253237377643 16.5 6.303598663257904
    endloop
  endfacet
  facet normal 0 1 0
    outer loop
      vertex 2.1650635094610964 16.5 4.25
      vertex 2.1650635094610964 16.5 6.75
      vertex 2.2421818538317204 16.5 6.605721725547504
    endloop
  endfacet
  facet normal 0 1 0
    outer loop
      vertex 2.4148145657226707 16.5 4.852952387243699
      vertex 2.4148145657226707 16.5 6.147047612756301
      vertex 2.451963201008076 16.5 5.987725805040321
    endloop
  endfacet
  facet normal 0 1 0
    outer loop
      vertex 1.9833833507280878 16.5 3.9780964274781985
      vertex 1.9833833507280878 16.5 7.0219035725218015
      vertex 2.078674030756363 16.5 6.888925582549005
    endloop
  endfacet
  facet normal 0 1 0
    outer loop
      vertex 2.078674030756363 16.5 4.111074417450995
      vertex 2.078674030756363 16.5 6.888925582549005
      vertex 2.1650635094610964 16.5 6.75
    endloop
  endfacet
  facet normal 0 1 0
    outer loop
      vertex 1.8795995186974435 16.5 3.8516354622498277
      vertex 1.8795995186974435 16.5 7.148364537750172
      vertex 1.9833833507280878 16.5 7.0219035725218015
    endloop
  endfacet
  facet normal 0 1 0
    outer loop
      vertex 0.4877258050403206 16.5 7.951963201008076
      vertex 0.28666901996193583 16.5 6.561921401304451
      vertex 0.2847009496127728 16.5 6.562518408917976
    endloop
  endfacet
  facet normal 0 1 0
    outer loop
      vertex 0.4877258050403206 16.5 7.951963201008076
      vertex 0.48651755924090145 16.5 6.486560015685957
      vertex 0.4209517756015988 16.5 6.516267485762415
    endloop
  endfacet
  facet normal 0 1 0
    outer loop
      vertex 0.4877258050403206 16.5 7.951963201008076
      vertex 0.3555082222268527 16.5 6.540898695110839
      vertex 0.3535834118334778 16.5 6.5416231424446165
    endloop
  endfacet
  facet normal 0 1 0
    outer loop
      vertex 0.4877258050403206 16.5 7.951963201008076
      vertex 0.3535834118334778 16.5 6.5416231424446165
      vertex 0.28666901996193583 16.5 6.561921401304451
    endloop
  endfacet
  facet normal 0 1 0
    outer loop
      vertex 0.4877258050403206 16.5 7.951963201008076
      vertex 0.4209517756015988 16.5 6.516267485762415
      vertex 0.3555082222268527 16.5 6.540898695110839
    endloop
  endfacet
  facet normal 0 1 0
    outer loop
      vertex 0.803598663257904 16.5 7.867325323737765
      vertex 0.6696375719095927 16.5 6.372688674320359
      vertex 0.6111272563215624 16.5 6.4146165735328
    endloop
  endfacet
  facet normal 0 1 0
    outer loop
      vertex 0.9567085809127245 16.5 7.809698831278217
      vertex 0.8270237882268752 16.5 6.225280396610076
      vertex 0.7778174593052024 16.5 6.2778174593052025
    endloop
  endfacet
  facet normal 0 1 0
    outer loop
      vertex 0.803598663257904 16.5 7.867325323737765
      vertex 0.7778174593052024 16.5 6.2778174593052025
      vertex 0.7267814555442222 16.5 6.325617893114828
    endloop
  endfacet
  facet normal 0 1 0
    outer loop
      vertex 0.803598663257904 16.5 7.867325323737765
      vertex 0.7267814555442222 16.5 6.325617893114828
      vertex 0.7252803966100758 16.5 6.327023788226875
    endloop
  endfacet
  facet normal 0 1 0
    outer loop
      vertex 0.803598663257904 16.5 7.867325323737765
      vertex 0.7252803966100758 16.5 6.327023788226875
      vertex 0.6696375719095927 16.5 6.372688674320359
    endloop
  endfacet
  facet normal 0 1 0
    outer loop
      vertex 0.6470476127563018 16.5 7.91481456572267
      vertex 0.551746493037759 16.5 6.451541905002023
      vertex 0.55 16.5 6.452627944162883
    endloop
  endfacet
  facet normal 0 1 0
    outer loop
      vertex 0.6470476127563018 16.5 7.91481456572267
      vertex 0.55 16.5 6.452627944162883
      vertex 0.48833134326259 16.5 6.485590527928156
    endloop
  endfacet
  facet normal 0 1 0
    outer loop
      vertex 0.6470476127563018 16.5 7.91481456572267
      vertex 0.6111272563215624 16.5 6.4146165735328
      vertex 0.551746493037759 16.5 6.451541905002023
    endloop
  endfacet
  facet normal 0 1 0
    outer loop
      vertex 0.6470476127563018 16.5 7.91481456572267
      vertex 0.48833134326259 16.5 6.485590527928156
      vertex 0.48651755924090145 16.5 6.486560015685957
    endloop
  endfacet
  facet normal 0 1 0
    outer loop
      vertex 0 16.5 8
      vertex 0.07194344215315737 16.5 6.597644815562464
      vertex 0 16.5 6.6
    endloop
  endfacet
  facet normal 0 1 0
    outer loop
      vertex 0.16350782307535766 16.5 7.994647308096509
      vertex 0.07399016698998306 16.5 6.597443230760999
      vertex 0.07194344215315737 16.5 6.597644815562464
    endloop
  endfacet
  facet normal 0 1 0
    outer loop
      vertex 0.16350782307535766 16.5 7.994647308096509
      vertex 0.14357881144205675 16.5 6.590589347511191
      vertex 0.07399016698998306 16.5 6.597443230760999
    endloop
  endfacet
  facet normal 0 1 0
    outer loop
      vertex 0.32631548055012893 16.5 7.978612153434526
      vertex 0.2145993542177411 16.5 6.578863808443554
      vertex 0.14357881144205675 16.5 6.590589347511191
    endloop
  endfacet
  facet normal 0 1 0
    outer loop
      vertex 0.32631548055012893 16.5 7.978612153434526
      vertex 0.2847009496127728 16.5 6.562518408917976
      vertex 0.21660225694331342 16.5 6.578396797028537
    endloop
  endfacet
  facet normal 0 1 0
    outer loop
      vertex 0.32631548055012893 16.5 7.978612153434526
      vertex 0.21660225694331342 16.5 6.578396797028537
      vertex 0.2145993542177411 16.5 6.578863808443554
    endloop
  endfacet
  facet normal 0 1 0
    outer loop
      vertex 1.1057217255475034 16.5 7.74218185383172
      vertex 0.9526279441628825 16.5 6.05
      vertex 0.9567085809127245 16.5 7.809698831278217
    endloop
  endfacet
  facet normal 0 1 0
    outer loop
      vertex 0.16350782307535766 16.5 7.994647308096509
      vertex 0.32631548055012893 16.5 7.978612153434526
      vertex 0.14357881144205675 16.5 6.590589347511191
    endloop
  endfacet
  facet normal 0 1 0
    outer loop
      vertex 0 16.5 8
      vertex 0.16350782307535766 16.5 7.994647308096509
      vertex 0.07194344215315737 16.5 6.597644815562464
    endloop
  endfacet
  facet normal 0 1 0
    outer loop
      vertex 0.32631548055012893 16.5 7.978612153434526
      vertex 0.4877258050403206 16.5 7.951963201008076
      vertex 0.2847009496127728 16.5 6.562518408917976
    endloop
  endfacet
  facet normal 0 1 0
    outer loop
      vertex 0.6470476127563018 16.5 7.91481456572267
      vertex 0.48651755924090145 16.5 6.486560015685957
      vertex 0.4877258050403206 16.5 7.951963201008076
    endloop
  endfacet
  facet normal 0 1 0
    outer loop
      vertex 0.803598663257904 16.5 7.867325323737765
      vertex 0.6111272563215624 16.5 6.4146165735328
      vertex 0.6470476127563018 16.5 7.91481456572267
    endloop
  endfacet
  facet normal 0 1 0
    outer loop
      vertex 0.803598663257904 16.5 7.867325323737765
      vertex 0.9567085809127245 16.5 7.809698831278217
      vertex 0.7778174593052024 16.5 6.2778174593052025
    endloop
  endfacet
  facet normal 0.032719082821910016 2.6897888222092033e-16 -0.9994645874763612
    outer loop
      vertex -0.035971721076578686 0 6.598822407781231
      vertex 0 -16.5 6.6
      vertex -0.002055526918661639 -16.5 6.59993270901607
    endloop
  endfacet
  facet normal 0.35225004792119613 1.0134133832748294e-16 0.9359059267573397
    outer loop
      vertex -0.3535834118334778 16.5 4.4583768575553835
      vertex -0.3555082222268527 16.5 4.459101304889161
      vertex -0.4190269652082239 -16.5 4.483008066903808
    endloop
  endfacet
  facet normal 0.09801714032945437 2.405733543843052e-16 0.9951847266722073
    outer loop
      vertex -0.07194344215315737 16.5 4.402355184437536
      vertex -0.07399016698998306 16.5 4.402556769239001
      vertex -0.14153208660523106 -16.5 4.409209067687344
    endloop
  endfacet
  facet normal 0.910863824921177 3.1773783851154683e-18 0.41270702980439183
    outer loop
      vertex -0.9874088005452846 -16.5 5.015355748863079
      vertex -0.9865600156859572 16.5 5.013482440759098
      vertex -1.015418700903088 16.5 5.077174916294421
    endloop
  endfacet
  facet normal 0.5280678506503068 1.6733801284419864e-16 0.849202181526617
    outer loop
      vertex -0.55 16.5 4.547372055837117
      vertex -0.551746493037759 16.5 4.548458094997977
      vertex -0.6093807632838034 -16.5 4.584297387306341
    endloop
  endfacet
  facet normal 0.6835923020228561 4.393122055575771e-17 0.7298640726978499
    outer loop
      vertex -0.7252803966100758 16.5 4.672976211773125
      vertex -0.7267814555442222 16.5 4.674382106885172
      vertex -0.776316400371056 -16.5 4.72077664558275
    endloop
  endfacet
  facet normal 0.7730104533627391 1.979254188140311e-18 0.6343932841636428
    outer loop
      vertex -0.8283284992581176 -16.5 4.7763093983813665
      vertex -0.8270237882268752 16.5 4.774719603389924
      vertex -0.8713839632891164 16.5 4.828772633098965
    endloop
  endfacet
  facet normal 0.8492021815265811 -4.1112104798166605e-19 0.5280678506503643
    outer loop
      vertex -0.9157026126936593 -16.5 4.890619236716196
      vertex -0.9146165735327998 16.5 4.888872743678437
      vertex -0.9515419050020231 16.5 4.948253506962241
    endloop
  endfacet
  facet normal 0.9738769792773341 2.775067073876263e-18 0.22707626303437128
    outer loop
      vertex -1.0629854203329918 -16.5 5.217301953112799
      vertex -1.0625184089179753 16.5 5.215299050387227
      vertex -1.078396797028537 16.5 5.283397743056686
    endloop
  endfacet
  facet normal 0.9866433320848796 -4.601619158480494e-18 0.16289547339458435
    outer loop
      vertex -1.0791988238454862 -16.5 5.287429804147278
      vertex -1.0788638084435536 16.5 5.285400645782259
      vertex -1.0902543321092588 16.5 5.354392030192924
    endloop
  endfacet
  facet normal 0.9994645874763657 -1.2715386698290192e-18 0.03271908282177675
    outer loop
      vertex -1.0977121065463935 -16.5 5.430112084765504
      vertex -1.0976448155624638 16.5 5.428056557846842
      vertex -1.0999327090160704 16.5 5.497944473081338
    endloop
  endfacet
  facet normal 0.29028467725461093 -3.022268286869639e-16 0.9569403357321637
    outer loop
      vertex -0.2847009496127728 16.5 4.437481591082024
      vertex -0.28666901996193583 16.5 4.438078598695549
      vertex -0.3191421807231253 0 4.447929224318704
    endloop
  endfacet
  facet normal -0.5280678506503068 1.6733801284419864e-16 -0.849202181526617
    outer loop
      vertex 0.55 16.5 6.452627944162883
      vertex 0.551746493037759 16.5 6.451541905002023
      vertex 0.6093807632838034 -16.5 6.415702612693659
    endloop
  endfacet
  facet normal -0.09801714032945437 2.405733543843052e-16 -0.9951847266722073
    outer loop
      vertex 0.07194344215315737 16.5 6.597644815562464
      vertex 0.07399016698998306 16.5 6.597443230760999
      vertex 0.14153208660523106 -16.5 6.590790932312656
    endloop
  endfacet
  facet normal -0.2270762630345596 -4.214401862859926e-16 -0.9738769792772902
    outer loop
      vertex 0.2145993542177411 16.5 6.578863808443554
      vertex 0.21660225694331342 16.5 6.578396797028537
      vertex 0.28269804688720046 -16.5 6.562985420332993
    endloop
  endfacet
  facet normal -0.35225004792119613 1.0134133832748294e-16 -0.9359059267573397
    outer loop
      vertex 0.3535834118334778 16.5 6.5416231424446165
      vertex 0.3555082222268527 16.5 6.540898695110839
      vertex 0.4190269652082239 -16.5 6.516991933096192
    endloop
  endfacet
  facet normal -0.9994645874763657 -7.999240962157618e-18 -0.03271908282177675
    outer loop
      vertex 1.098822407781232 0 5.535971721076579
      vertex 1.0976448155624638 16.5 5.571943442153158
      vertex 1.0999327090160704 16.5 5.502055526918662
    endloop
  endfacet
  facet normal -0.8492021815265811 -1.174631565661903e-17 -0.5280678506503643
    outer loop
      vertex 0.9336222588478411 0 6.080563628160782
      vertex 0.9146165735327998 16.5 6.111127256321563
      vertex 0.9515419050020231 16.5 6.051746493037759
    endloop
  endfacet
  facet normal -0.9866433320848796 -4.604555737394649e-18 -0.16289547339458435
    outer loop
      vertex 1.0847265779773725 0 5.679089082829899
      vertex 1.0788638084435536 16.5 5.714599354217741
      vertex 1.0902543321092588 16.5 5.645607969807076
    endloop
  endfacet
  facet normal -0.9738769792773341 2.772130494962108e-18 -0.22707626303437128
    outer loop
      vertex 1.0706911086807644 0 5.749650151915257
      vertex 1.0625184089179753 16.5 5.784700949612773
      vertex 1.078396797028537 16.5 5.716602256943314
    endloop
  endfacet
  facet normal -0.910863824921177 1.4283519838448832e-17 -0.41270702980439183
    outer loop
      vertex 1.0014137507241863 0 5.95373466742125
      vertex 0.9865600156859572 16.5 5.986517559240902
      vertex 1.015418700903088 16.5 5.922825083705579
    endloop
  endfacet
  facet normal -0.7730104533627391 1.9076016626349347e-17 -0.6343932841636428
    outer loop
      vertex 0.849856231273617 0 6.197458984259834
      vertex 0.8270237882268752 16.5 6.225280396610076
      vertex 0.8713839632891164 16.5 6.171227366901035
    endloop
  endfacet
  facet normal -0.6835923020228561 2.6758107065779697e-17 -0.7298640726978499
    outer loop
      vertex 0.7252803966100758 16.5 6.327023788226875
      vertex 0.7267814555442222 16.5 6.325617893114828
      vertex 0.7515489279576391 0 6.302420623766039
    endloop
  endfacet
  facet normal -0.29028467725461093 -3.022268286869639e-16 -0.9569403357321637
    outer loop
      vertex 0.2847009496127728 16.5 6.562518408917976
      vertex 0.28666901996193583 16.5 6.561921401304451
      vertex 0.3191421807231253 0 6.552070775681296
    endloop
  endfacet
  facet normal -0.47139673682583605 3.766103725825605e-16 -0.8819212643484414
    outer loop
      vertex 0.48651755924090145 16.5 6.486560015685957
      vertex 0.48833134326259 16.5 6.485590527928156
      vertex 0.5182587796204507 0 6.46959397992442
    endloop
  endfacet
  facet normal -1 0 0
    outer loop
      vertex -28.019999999999996 -15.127212769390326 2.7905374644501677
      vertex -28.019999999999996 -16.45313212131783 3.0109001450994732
      vertex -28.019999999999996 -16.431540701254555 3.6
    endloop
  endfacet
  facet normal -1 0 0
    outer loop
      vertex -28.019999999999996 -15.127212769390326 2.7905374644501677
      vertex -28.019999999999996 -15.96010348672753 2.9261823313497075
      vertex -28.019999999999996 -16.45313212131783 3.0109001450994732
    endloop
  endfacet
  facet normal -1 0 0
    outer loop
      vertex -28.019999999999996 -14.293170056233349 2.662166012902631
      vertex -28.019999999999996 -15.127212769390326 2.7905374644501677
      vertex -28.019999999999996 -16.431540701254555 3.6
    endloop
  endfacet
  facet normal -1 0 0
    outer loop
      vertex -28.019999999999996 -14.293170056233349 2.662166012902631
      vertex -28.019999999999996 -16.431540701254555 3.6
      vertex -28.019999999999996 -13.458038862838329 2.5410777526901427
    endloop
  endfacet
  facet normal -1 0 0
    outer loop
      vertex -28.019999999999996 -16.431540701254555 3.6
      vertex -28.019999999999996 -16.45313212131783 3.0109001450994732
      vertex -28.019999999999996 -16.45313212131783 3.6
    endloop
  endfacet
  facet normal -1 0 0
    outer loop
      vertex -28.019999999999996 -11.784765507277761 2.320787136284153
      vertex -28.019999999999996 -12.621882787678988 2.427281905152526
      vertex -28.019999999999996 -16.431540701254555 3.6
    endloop
  endfacet
  facet normal -1 0 0
    outer loop
      vertex -28.019999999999996 -13.458038862838329 2.5410777526901427
      vertex -28.019999999999996 -16.431540701254555 3.6
      vertex -28.019999999999996 -12.621882787678988 2.427281905152526
    endloop
  endfacet
  facet normal -1 0 0
    outer loop
      vertex -28.019999999999996 -10.94675077135658 2.221601556073992
      vertex -28.019999999999996 -11.784765507277761 2.320787136284153
      vertex -28.019999999999996 -16.431540701254555 3.6
    endloop
  endfacet
  facet normal -1 0 0
    outer loop
      vertex -28.019999999999996 -10.94675077135658 2.221601556073992
      vertex -28.019999999999996 -16.431540701254555 3.6
      vertex -28.019999999999996 -10.107902397982091 2.1297327178879613
    endloop
  endfacet
  facet normal -1 0 0
    outer loop
      vertex -28.019999999999996 -9.26828426870566 2.045187617893802
      vertex -28.019999999999996 -10.107902397982091 2.1297327178879613
      vertex -28.019999999999996 -16.431540701254555 3.6
    endloop
  endfacet
  facet normal -1 0 0
    outer loop
      vertex -28.019999999999996 -9.26828426870566 2.045187617893802
      vertex -28.019999999999996 -16.431540701254555 3.6
      vertex -28.019999999999996 -8.427960323698544 1.9679726945282
    endloop
  endfacet
  facet normal -1 0 0
    outer loop
      vertex -28.019999999999996 -8.427960323698544 1.9679726945282
      vertex -28.019999999999996 -16.431540701254555 3.6
      vertex -28.019999999999996 -7.5869945568826065 1.8980938280065232
    endloop
  endfacet
  facet normal -1 0 0
    outer loop
      vertex -28.019999999999996 -7.5869945568826065 1.8980938280065232
      vertex -28.019999999999996 -16.431540701254555 3.6
      vertex -28.019999999999996 -6.745451011056917 1.8355563398749979
    endloop
  endfacet
  facet normal -1 0 0
    outer loop
      vertex -28.019999999999996 -6.745451011056917 1.8355563398749979
      vertex -28.019999999999996 -16.431540701254555 3.6
      vertex -28.019999999999996 -5.903393773020659 1.780364992605456
    endloop
  endfacet
  facet normal -1 0 0
    outer loop
      vertex -28.019999999999996 -5.903393773020659 1.780364992605456
      vertex -28.019999999999996 -16.431540701254555 3.6
      vertex -28.019999999999996 -5.060886968692669 1.7325239892327033
    endloop
  endfacet
  facet normal -1 0 0
    outer loop
      vertex -28.019999999999996 -5.060886968692669 1.7325239892327033
      vertex -28.019999999999996 -16.431540701254555 3.6
      vertex -28.019999999999996 -4.2179947582279915 1.692036973034348
    endloop
  endfacet
  facet normal -1 0 0
    outer loop
      vertex -28.019999999999996 -4.2179947582279915 1.692036973034348
      vertex -28.019999999999996 -16.431540701254555 3.6
      vertex -28.019999999999996 -3.3747813311318438 1.6589070272534343
    endloop
  endfacet
  facet normal -1 0 0
    outer loop
      vertex -28.019999999999996 -3.3747813311318438 1.6589070272534343
      vertex -28.019999999999996 -16.431540701254555 3.6
      vertex -28.019999999999996 -2.531310901371334 1.6331366748636071
    endloop
  endfacet
  facet normal -1 0 0
    outer loop
      vertex -28.019999999999996 -2.531310901371334 1.6331366748636071
      vertex -28.019999999999996 -16.431540701254555 3.6
      vertex -28.019999999999996 -1.6876477024853156 1.6147278783769536
    endloop
  endfacet
  facet normal -1 0 0
    outer loop
      vertex -28.019999999999996 -1.6876477024853156 1.6147278783769536
      vertex -28.019999999999996 -16.431540701254555 3.6
      vertex -28.019999999999996 -0.8438559826927595 1.6036820396946325
    endloop
  endfacet
  facet normal -1 0 0
    outer loop
      vertex -28.019999999999996 -0.8438559826927595 1.6036820396946325
      vertex -28.019999999999996 -16.431540701254555 3.6
      vertex -28.019999999999996 0 1.5999999999999943
    endloop
  endfacet
  facet normal -1 0 0
    outer loop
      vertex -28.019999999999996 0 1.5999999999999943
      vertex -28.019999999999996 -16.431540701254555 3.6
      vertex -28.019999999999996 0.8438559826927595 1.6036820396946325
    endloop
  endfacet
  facet normal -1 0 0
    outer loop
      vertex -28.019999999999996 0.8438559826927595 1.6036820396946325
      vertex -28.019999999999996 -16.431540701254555 3.6
      vertex -28.019999999999996 1.6876477024853156 1.6147278783769536
    endloop
  endfacet
  facet normal -1 0 0
    outer loop
      vertex -28.019999999999996 1.6876477024853156 1.6147278783769536
      vertex -28.019999999999996 -16.431540701254555 3.6
      vertex -28.019999999999996 2.531310901371334 1.6331366748636071
    endloop
  endfacet
  facet normal -1 0 0
    outer loop
      vertex -28.019999999999996 2.531310901371334 1.6331366748636071
      vertex -28.019999999999996 -16.431540701254555 3.6
      vertex -28.019999999999996 7.5869945568826065 1.8980938280065232
    endloop
  endfacet
  facet normal -1 0 0
    outer loop
      vertex -28.019999999999996 7.5869945568826065 1.8980938280065232
      vertex -28.019999999999996 -16.431540701254555 3.6
      vertex -28.019999999999996 8.427960323698544 1.9679726945282
    endloop
  endfacet
  facet normal -1 0 0
    outer loop
      vertex -28.019999999999996 8.427960323698544 1.9679726945282
      vertex -28.019999999999996 -16.431540701254555 3.6
      vertex -28.019999999999996 9.26828426870566 2.045187617893802
    endloop
  endfacet
  facet normal -1 0 0
    outer loop
      vertex -28.019999999999996 9.26828426870566 2.045187617893802
      vertex -28.019999999999996 -16.431540701254555 3.6
      vertex -28.019999999999996 10.107902397982091 2.1297327178879613
    endloop
  endfacet
  facet normal -1 0 0
    outer loop
      vertex -28.019999999999996 10.107902397982091 2.1297327178879613
      vertex -28.019999999999996 -16.431540701254555 3.6
      vertex -28.019999999999996 10.94675077135658 2.221601556073992
    endloop
  endfacet
  facet normal -1 0 0
    outer loop
      vertex -28.019999999999996 10.94675077135658 2.221601556073992
      vertex -28.019999999999996 -16.431540701254555 3.6
      vertex -28.019999999999996 11.784765507277761 2.320787136284153
    endloop
  endfacet
  facet normal -1 0 0
    outer loop
      vertex -28.019999999999996 11.784765507277761 2.320787136284153
      vertex -28.019999999999996 -16.431540701254555 3.6
      vertex -28.019999999999996 12.621882787678988 2.427281905152526
    endloop
  endfacet
  facet normal -1 0 0
    outer loop
      vertex -28.019999999999996 12.621882787678988 2.427281905152526
      vertex -28.019999999999996 -16.431540701254555 3.6
      vertex -28.019999999999996 13.458038862838329 2.5410777526901427
    endloop
  endfacet
  facet normal -1 0 0
    outer loop
      vertex -28.019999999999996 13.458038862838329 2.5410777526901427
      vertex -28.019999999999996 -16.431540701254555 3.6
      vertex -28.019999999999996 14.293170056233349 2.662166012902631
    endloop
  endfacet
  facet normal -1 0 0
    outer loop
      vertex -28.019999999999996 2.531310901371334 1.6331366748636071
      vertex -28.019999999999996 7.5869945568826065 1.8980938280065232
      vertex -28.019999999999996 3.3747813311318438 1.6589070272534343
    endloop
  endfacet
  facet normal -1 0 0
    outer loop
      vertex -28.019999999999996 3.3747813311318438 1.6589070272534343
      vertex -28.019999999999996 6.745451011056917 1.8355563398749979
      vertex -28.019999999999996 4.2179947582279915 1.692036973034348
    endloop
  endfacet
  facet normal -1 0 0
    outer loop
      vertex -28.019999999999996 4.2179947582279915 1.692036973034348
      vertex -28.019999999999996 5.903393773020659 1.780364992605456
      vertex -28.019999999999996 5.060886968692669 1.7325239892327033
    endloop
  endfacet
  facet normal -1 0 0
    outer loop
      vertex -28.019999999999996 4.2179947582279915 1.692036973034348
      vertex -28.019999999999996 6.745451011056917 1.8355563398749979
      vertex -28.019999999999996 5.903393773020659 1.780364992605456
    endloop
  endfacet
  facet normal -1 0 0
    outer loop
      vertex -28.019999999999996 3.3747813311318438 1.6589070272534343
      vertex -28.019999999999996 7.5869945568826065 1.8980938280065232
      vertex -28.019999999999996 6.745451011056917 1.8355563398749979
    endloop
  endfacet
  facet normal -1 0 0
    outer loop
      vertex -28.019999999999996 14.293170056233349 2.662166012902631
      vertex -28.019999999999996 -16.431540701254555 3.6
      vertex -28.019999999999996 15.127212769390326 2.7905374644501677
    endloop
  endfacet
  facet normal -1 0 0
    outer loop
      vertex -28.019999999999996 15.127212769390326 2.7905374644501677
      vertex -28.019999999999996 -16.431540701254555 3.6
      vertex -28.019999999999996 15.96010348672753 2.9261823313497075
    endloop
  endfacet
  facet normal -1 0 0
    outer loop
      vertex -28.019999999999996 15.96010348672753 2.9261823313497075
      vertex -28.019999999999996 -16.431540701254555 3.6
      vertex -28.019999999999996 16.45313212131783 3.6
    endloop
  endfacet
  facet normal -1 0 0
    outer loop
      vertex -28.019999999999996 15.96010348672753 2.9261823313497075
      vertex -28.019999999999996 16.45313212131783 3.6
      vertex -28.019999999999996 16.45313212131783 3.0109001450994732
    endloop
  endfacet
  facet normal 2.5728253522269015e-18 0.1693495038490358 0.985556059058076
    outer loop
      vertex -28.019999999999996 -15.96010348672753 2.9261823313497075
      vertex -29.166710699058807 -15.994408836907635 2.9320770686190625
      vertex -29 -16.098076211353316 2.949890381485798
    endloop
  endfacet
  facet normal 0 0.1693495038490359 0.9855560590580759
    outer loop
      vertex -28.019999999999996 -15.96010348672753 2.9261823313497075
      vertex -29.214583759791605 -15.96010348672753 2.9261823313497075
      vertex -29.166710699058807 -15.994408836907635 2.9320770686190625
    endloop
  endfacet
  facet normal -1.917769336690107e-16 0.16074256560382552 0.986996366560232
    outer loop
      vertex -28.019999999999996 -15.127212769390326 2.7905374644501677
      vertex -29.621320343559642 -15.621320343559642 2.871007992860579
      vertex -29.478037445300206 -15.755519422436933 2.892863700714484
    endloop
  endfacet
  facet normal 9.892181183157676e-16 0.16074256560382283 0.9869963665602326
    outer loop
      vertex -28.019999999999996 -15.127212769390326 2.7905374644501677
      vertex -29.478037445300206 -15.755519422436933 2.892863700714484
      vertex -29.326284287026162 -15.880060020873707 2.91314642514267
    endloop
  endfacet
  facet normal -7.260594472536241e-16 0.16074256560382572 0.9869963665602322
    outer loop
      vertex -28.019999999999996 -15.127212769390326 2.7905374644501677
      vertex -29.326284287026162 -15.880060020873707 2.91314642514267
      vertex -29.214583759791605 -15.96010348672753 2.9261823313497075
    endloop
  endfacet
  facet normal -3.951192443255133e-17 0.1607425656038254 0.986996366560232
    outer loop
      vertex -28.019999999999996 -15.127212769390326 2.7905374644501677
      vertex -29.994408836907635 -15.166710699058807 2.7969701107759875
      vertex -29.880060020873707 -15.326284287026162 2.822958319853062
    endloop
  endfacet
  facet normal 0 0.1607425656038235 0.9869963665602323
    outer loop
      vertex -28.019999999999996 -15.127212769390326 2.7905374644501677
      vertex -30.018970227915464 -15.127212769390326 2.7905374644501677
      vertex -29.994408836907635 -15.166710699058807 2.7969701107759875
    endloop
  endfacet
  facet normal 1.7130761531320929e-16 0.15212338618991358 0.9883615104677612
    outer loop
      vertex -28.019999999999996 -14.293170056233349 2.662166012902631
      vertex -30.098076211353316 -15 2.770957546534208
      vertex -30.018970227915464 -15.127212769390326 2.7905374644501677
    endloop
  endfacet
  facet normal 1.9355177601415954e-16 0.15212338618991342 0.9883615104677612
    outer loop
      vertex -28.019999999999996 -14.293170056233349 2.662166012902631
      vertex -30.190618224598065 -14.826866070657005 2.744309686093389
      vertex -30.098076211353316 -15 2.770957546534208
    endloop
  endfacet
  facet normal -1.430828364404391e-16 0.15212338618991475 0.988361510467761
    outer loop
      vertex -28.019999999999996 -14.293170056233349 2.662166012902631
      vertex -30.271638597533858 -14.648050297095269 2.7167873061845373
      vertex -30.190618224598065 -14.826866070657005 2.744309686093389
    endloop
  endfacet
  facet normal 1.760549014697119e-16 0.15212338618991272 0.9883615104677613
    outer loop
      vertex -28.019999999999996 -14.293170056233349 2.662166012902631
      vertex -30.340790388485317 -14.464318395909485 2.688508261863736
      vertex -30.271638597533858 -14.648050297095269 2.7167873061845373
    endloop
  endfacet
  facet normal 0 0.15212338618991386 0.9883615104677611
    outer loop
      vertex -28.019999999999996 -14.293170056233349 2.662166012902631
      vertex -30.018970227915464 -15.127212769390326 2.7905374644501677
      vertex -28.019999999999996 -15.127212769390326 2.7905374644501677
    endloop
  endfacet
  facet normal -1.968335343048145e-16 0.16074256560382552 0.986996366560232
    outer loop
      vertex -28.019999999999996 -15.127212769390326 2.7905374644501677
      vertex -29.755519422436933 -15.478037445300206 2.8476728910773366
      vertex -29.621320343559642 -15.621320343559642 2.871007992860579
    endloop
  endfacet
  facet normal 1.282469095864926e-16 0.1607425656038239 0.9869963665602324
    outer loop
      vertex -28.019999999999996 -15.127212769390326 2.7905374644501677
      vertex -29.880060020873707 -15.326284287026162 2.822958319853062
      vertex -29.755519422436933 -15.478037445300206 2.8476728910773366
    endloop
  endfacet
  facet normal 6.714587358473568e-17 0.16934950384903533 0.985556059058076
    outer loop
      vertex -28.019999999999996 -15.96010348672753 2.9261823313497075
      vertex -29 -16.098076211353316 2.949890381485798
      vertex -28.826866070657005 -16.190618224598065 2.9657920076633766
    endloop
  endfacet
  facet normal -3.8494364551826533e-16 0.16934950384903685 0.9855560590580756
    outer loop
      vertex -28.019999999999996 -15.96010348672753 2.9261823313497075
      vertex -28.826866070657005 -16.190618224598065 2.9657920076633766
      vertex -28.64805029709527 -16.271638597533858 2.979713853947244
    endloop
  endfacet
  facet normal -1.3926003147632164e-15 0.16934950384903888 0.9855560590580753
    outer loop
      vertex -28.019999999999996 -15.96010348672753 2.9261823313497075
      vertex -28.64805029709527 -16.271638597533858 2.979713853947244
      vertex -28.464318395909483 -16.340790388485317 2.991596304854293
    endloop
  endfacet
  facet normal 2.824824282533567e-16 0.16934950384903694 0.9855560590580755
    outer loop
      vertex -28.019999999999996 -15.96010348672753 2.9261823313497075
      vertex -28.464318395909483 -16.340790388485317 2.991596304854293
      vertex -28.276457135307563 -16.397777478867205 3.0013884779055107
    endloop
  endfacet
  facet normal 1.0785449286019015e-15 0.16934950384903652 0.9855560590580758
    outer loop
      vertex -28.019999999999996 -15.96010348672753 2.9261823313497075
      vertex -28.276457135307563 -16.397777478867205 3.0013884779055107
      vertex -28.085270966048384 -16.44235584120969 3.0090484415125704
    endloop
  endfacet
  facet normal 2.1251001183617808e-16 0.1693495038490367 0.9855560590580758
    outer loop
      vertex -28.019999999999996 -15.96010348672753 2.9261823313497075
      vertex -28.085270966048384 -16.44235584120969 3.0090484415125704
      vertex -28.019999999999996 -16.45313212131783 3.0109001450994732
    endloop
  endfacet
  facet normal 0 0.1607425656038247 0.9869963665602322
    outer loop
      vertex -28.019999999999996 -15.127212769390326 2.7905374644501677
      vertex -29.214583759791605 -15.96010348672753 2.9261823313497075
      vertex -28.019999999999996 -15.96010348672753 2.9261823313497075
    endloop
  endfacet
  facet normal -4.068101828632541e-15 0.14349262199118673 0.9896513868196692
    outer loop
      vertex -28.019999999999996 -13.458038862838329 2.5410777526901427
      vertex -30.397777478867205 -14.276457135307563 2.6597427546960426
      vertex -30.392707669730978 -14.293170056233349 2.662166012902631
    endloop
  endfacet
  facet normal 2.796717118492216e-16 0.1434926219911737 0.989651386819671
    outer loop
      vertex -28.019999999999996 -13.458038862838329 2.5410777526901427
      vertex -30.44235584120969 -14.085270966048384 2.632022079435223
      vertex -30.397777478867205 -14.276457135307563 2.6597427546960426
    endloop
  endfacet
  facet normal -2.807189038502819e-17 0.14349262199117485 0.9896513868196709
    outer loop
      vertex -28.019999999999996 -13.458038862838329 2.5410777526901427
      vertex -30.47433458412143 -13.891578576660155 2.603938019549884
      vertex -30.44235584120969 -14.085270966048384 2.632022079435223
    endloop
  endfacet
  facet normal -6.686294089561277e-17 0.14349262199117516 0.9896513868196708
    outer loop
      vertex -28.019999999999996 -13.458038862838329 2.5410777526901427
      vertex -30.49357676971581 -13.696209387690429 2.575610835295997
      vertex -30.47433458412143 -13.891578576660155 2.603938019549884
    endloop
  endfacet
  facet normal 5.465529469570566e-17 0.14349262199117385 0.9896513868196709
    outer loop
      vertex -28.019999999999996 -13.458038862838329 2.5410777526901427
      vertex -30.5 -13.5 2.547161828025407
      vertex -30.49357676971581 -13.696209387690429 2.575610835295997
    endloop
  endfacet
  facet normal 0 0.14349262199117704 0.9896513868196706
    outer loop
      vertex -28.019999999999996 -13.458038862838329 2.5410777526901427
      vertex -30.5 -13.458038862838329 2.5410777526901427
      vertex -30.5 -13.5 2.547161828025407
    endloop
  endfacet
  facet normal 0 0.15212338618991508 0.9883615104677611
    outer loop
      vertex -28.019999999999996 -14.293170056233349 2.662166012902631
      vertex -30.392707669730978 -14.293170056233349 2.662166012902631
      vertex -30.340790388485317 -14.464318395909485 2.688508261863736
    endloop
  endfacet
  facet normal 0 0.1434926219911748 0.989651386819671
    outer loop
      vertex -28.019999999999996 -14.293170056233349 2.662166012902631
      vertex -28.019999999999996 -13.458038862838329 2.5410777526901427
      vertex -30.392707669730978 -14.293170056233349 2.662166012902631
    endloop
  endfacet
  facet normal 0 0.13485093027372203 0.9908658973868825
    outer loop
      vertex -28.019999999999996 -12.621882787678988 2.427281905152526
      vertex -30.5 -12.621882787678988 2.427281905152526
      vertex -30.5 -13.458038862838329 2.5410777526901427
    endloop
  endfacet
  facet normal 0 0.13485093027372203 0.9908658973868825
    outer loop
      vertex -28.019999999999996 -13.458038862838329 2.5410777526901427
      vertex -28.019999999999996 -12.621882787678988 2.427281905152526
      vertex -30.5 -13.458038862838329 2.5410777526901427
    endloop
  endfacet
  facet normal 0 0.10886687485197619 0.9940563382223183
    outer loop
      vertex -28.019999999999996 -10.107902397982091 2.1297327178879613
      vertex -30.5 -10.107902397982091 2.1297327178879613
      vertex -30.5 -10.94675077135658 2.221601556073992
    endloop
  endfacet
  facet normal 0 0.10886687485197619 0.9940563382223183
    outer loop
      vertex -28.019999999999996 -10.94675077135658 2.221601556073992
      vertex -28.019999999999996 -10.107902397982091 2.1297327178879613
      vertex -30.5 -10.94675077135658 2.221601556073992
    endloop
  endfacet
  facet normal 0 0.10018806161207662 0.9949685182509117
    outer loop
      vertex -28.019999999999996 -9.26828426870566 2.045187617893802
      vertex -30.5 -9.26828426870566 2.045187617893802
      vertex -30.5 -10.107902397982091 2.1297327178879613
    endloop
  endfacet
  facet normal 0 0.10018806161207662 0.9949685182509117
    outer loop
      vertex -28.019999999999996 -9.26828426870566 2.045187617893802
      vertex -30.5 -10.107902397982091 2.1297327178879613
      vertex -28.019999999999996 -10.107902397982091 2.1297327178879613
    endloop
  endfacet
  facet normal 0 0.09150161866340195 0.9958049275746617
    outer loop
      vertex -28.019999999999996 -8.427960323698544 1.9679726945282
      vertex -30.5 -8.427960323698544 1.9679726945282
      vertex -30.5 -9.26828426870566 2.045187617893802
    endloop
  endfacet
  facet normal 0 0.09150161866340195 0.9958049275746617
    outer loop
      vertex -28.019999999999996 -9.26828426870566 2.045187617893802
      vertex -28.019999999999996 -8.427960323698544 1.9679726945282
      vertex -30.5 -9.26828426870566 2.045187617893802
    endloop
  endfacet
  facet normal 0 0.12619896913582873 0.9920049496797151
    outer loop
      vertex -28.019999999999996 -11.784765507277761 2.320787136284153
      vertex -30.5 -11.784765507277761 2.320787136284153
      vertex -30.5 -12.621882787678988 2.427281905152526
    endloop
  endfacet
  facet normal 0 0.12619896913582873 0.9920049496797151
    outer loop
      vertex -28.019999999999996 -11.784765507277761 2.320787136284153
      vertex -30.5 -12.621882787678988 2.427281905152526
      vertex -28.019999999999996 -12.621882787678988 2.427281905152526
    endloop
  endfacet
  facet normal 0 0.1175373974578271 0.9930684569549274
    outer loop
      vertex -28.019999999999996 -10.94675077135658 2.221601556073992
      vertex -30.5 -11.784765507277761 2.320787136284153
      vertex -28.019999999999996 -11.784765507277761 2.320787136284153
    endloop
  endfacet
  facet normal 0 0.1175373974578271 0.9930684569549274
    outer loop
      vertex -28.019999999999996 -10.94675077135658 2.221601556073992
      vertex -30.5 -10.94675077135658 2.221601556073992
      vertex -30.5 -11.784765507277761 2.320787136284153
    endloop
  endfacet
  facet normal 0 0.08280820751219793 0.996565502497762
    outer loop
      vertex -28.019999999999996 -7.5869945568826065 1.8980938280065232
      vertex -30.5 -7.5869945568826065 1.8980938280065232
      vertex -30.5 -8.427960323698544 1.9679726945282
    endloop
  endfacet
  facet normal 0 0.08280820751219793 0.996565502497762
    outer loop
      vertex -28.019999999999996 -8.427960323698544 1.9679726945282
      vertex -28.019999999999996 -7.5869945568826065 1.8980938280065232
      vertex -30.5 -8.427960323698544 1.9679726945282
    endloop
  endfacet
  facet normal 0 0.07410849019539434 0.997250185099486
    outer loop
      vertex -28.019999999999996 -7.5869945568826065 1.8980938280065232
      vertex -28.019999999999996 -6.745451011056917 1.8355563398749979
      vertex -30.5 -7.5869945568826065 1.8980938280065232
    endloop
  endfacet
  facet normal 0 0.07410849019539434 0.997250185099486
    outer loop
      vertex -28.019999999999996 -6.745451011056917 1.8355563398749979
      vertex -30.5 -6.745451011056917 1.8355563398749979
      vertex -30.5 -7.5869945568826065 1.8980938280065232
    endloop
  endfacet
  facet normal 0 0.06540312923015498 0.9978589232386027
    outer loop
      vertex -28.019999999999996 -6.745451011056917 1.8355563398749979
      vertex -28.019999999999996 -5.903393773020659 1.780364992605456
      vertex -30.5 -6.745451011056917 1.8355563398749979
    endloop
  endfacet
  facet normal 0 0.06540312923015498 0.9978589232386027
    outer loop
      vertex -28.019999999999996 -5.903393773020659 1.780364992605456
      vertex -30.5 -5.903393773020659 1.780364992605456
      vertex -30.5 -6.745451011056917 1.8355563398749979
    endloop
  endfacet
  facet normal 0 0.056692787563372295 0.9983916705573492
    outer loop
      vertex -28.019999999999996 -5.060886968692669 1.7325239892327033
      vertex -30.5 -5.060886968692669 1.7325239892327033
      vertex -30.5 -5.903393773020659 1.780364992605456
    endloop
  endfacet
  facet normal 0 0.056692787563372295 0.9983916705573492
    outer loop
      vertex -28.019999999999996 -5.903393773020659 1.780364992605456
      vertex -28.019999999999996 -5.060886968692669 1.7325239892327033
      vertex -30.5 -5.903393773020659 1.780364992605456
    endloop
  endfacet
  facet normal 0 0.04797812852134776 0.9988483864849504
    outer loop
      vertex -28.019999999999996 -4.2179947582279915 1.692036973034348
      vertex -30.5 -4.2179947582279915 1.692036973034348
      vertex -30.5 -5.060886968692669 1.7325239892327033
    endloop
  endfacet
  facet normal 0 0.04797812852134776 0.9988483864849504
    outer loop
      vertex -28.019999999999996 -5.060886968692669 1.7325239892327033
      vertex -28.019999999999996 -4.2179947582279915 1.692036973034348
      vertex -30.5 -5.060886968692669 1.7325239892327033
    endloop
  endfacet
  facet normal 0 0.03925981575907131 0.9992290362407228
    outer loop
      vertex -28.019999999999996 -3.3747813311318438 1.6589070272534343
      vertex -30.5 -3.3747813311318438 1.6589070272534343
      vertex -30.5 -4.2179947582279915 1.692036973034348
    endloop
  endfacet
  facet normal 0 0.03925981575907131 0.9992290362407228
    outer loop
      vertex -28.019999999999996 -4.2179947582279915 1.692036973034348
      vertex -28.019999999999996 -3.3747813311318438 1.6589070272534343
      vertex -30.5 -4.2179947582279915 1.692036973034348
    endloop
  endfacet
  facet normal 0 0.030538513209817077 0.999533590836713
    outer loop
      vertex -28.019999999999996 -2.531310901371334 1.6331366748636071
      vertex -30.5 -2.531310901371334 1.6331366748636071
      vertex -30.5 -3.3747813311318438 1.6589070272534343
    endloop
  endfacet
  facet normal 0 0.030538513209817077 0.999533590836713
    outer loop
      vertex -28.019999999999996 -3.3747813311318438 1.6589070272534343
      vertex -28.019999999999996 -2.531310901371334 1.6331366748636071
      vertex -30.5 -3.3747813311318438 1.6589070272534343
    endloop
  endfacet
  facet normal 0 0.021814885034572552 0.9997620270799089
    outer loop
      vertex -28.019999999999996 -2.531310901371334 1.6331366748636071
      vertex -28.019999999999996 -1.6876477024853156 1.6147278783769536
      vertex -30.5 -2.531310901371334 1.6331366748636071
    endloop
  endfacet
  facet normal 0 0.021814885034572552 0.9997620270799089
    outer loop
      vertex -28.019999999999996 -1.6876477024853156 1.6147278783769536
      vertex -30.5 -1.6876477024853156 1.6147278783769536
      vertex -30.5 -2.531310901371334 1.6331366748636071
    endloop
  endfacet
  facet normal 0 0.013089595571332976 0.9999143275740071
    outer loop
      vertex -28.019999999999996 -0.8438559826927595 1.6036820396946325
      vertex -30.5 -0.8438559826927595 1.6036820396946325
      vertex -30.5 -1.6876477024853156 1.6147278783769536
    endloop
  endfacet
  facet normal 0 0.013089595571332976 0.9999143275740071
    outer loop
      vertex -28.019999999999996 -1.6876477024853156 1.6147278783769536
      vertex -28.019999999999996 -0.8438559826927595 1.6036820396946325
      vertex -30.5 -1.6876477024853156 1.6147278783769536
    endloop
  endfacet
  facet normal 0 0.004363309284748736 0.9999904807207345
    outer loop
      vertex -28.019999999999996 0 1.5999999999999943
      vertex -30.5 0 1.5999999999999943
      vertex -30.5 -0.8438559826927595 1.6036820396946325
    endloop
  endfacet
  facet normal 0 0.004363309284748736 0.9999904807207345
    outer loop
      vertex -28.019999999999996 -0.8438559826927595 1.6036820396946325
      vertex -28.019999999999996 0 1.5999999999999943
      vertex -30.5 -0.8438559826927595 1.6036820396946325
    endloop
  endfacet
  facet normal 0 -0.004363309284748736 0.9999904807207345
    outer loop
      vertex -28.019999999999996 0.8438559826927595 1.6036820396946325
      vertex -30.5 0.8438559826927595 1.6036820396946325
      vertex -30.5 0 1.5999999999999943
    endloop
  endfacet
  facet normal 0 -0.004363309284748736 0.9999904807207345
    outer loop
      vertex -28.019999999999996 0 1.5999999999999943
      vertex -28.019999999999996 0.8438559826927595 1.6036820396946325
      vertex -30.5 0 1.5999999999999943
    endloop
  endfacet
  facet normal 0 -0.013089595571332976 0.9999143275740071
    outer loop
      vertex -28.019999999999996 1.6876477024853156 1.6147278783769536
      vertex -30.5 1.6876477024853156 1.6147278783769536
      vertex -30.5 0.8438559826927595 1.6036820396946325
    endloop
  endfacet
  facet normal 0 -0.013089595571332976 0.9999143275740071
    outer loop
      vertex -28.019999999999996 0.8438559826927595 1.6036820396946325
      vertex -28.019999999999996 1.6876477024853156 1.6147278783769536
      vertex -30.5 0.8438559826927595 1.6036820396946325
    endloop
  endfacet
  facet normal 0 -0.021814885034572552 0.9997620270799089
    outer loop
      vertex -28.019999999999996 1.6876477024853156 1.6147278783769536
      vertex -28.019999999999996 2.531310901371334 1.6331366748636071
      vertex -30.5 1.6876477024853156 1.6147278783769536
    endloop
  endfacet
  facet normal 0 -0.021814885034572552 0.9997620270799089
    outer loop
      vertex -28.019999999999996 2.531310901371334 1.6331366748636071
      vertex -30.5 2.531310901371334 1.6331366748636071
      vertex -30.5 1.6876477024853156 1.6147278783769536
    endloop
  endfacet
  facet normal 0 -0.030538513209817077 0.999533590836713
    outer loop
      vertex -28.019999999999996 3.3747813311318438 1.6589070272534343
      vertex -30.5 3.3747813311318438 1.6589070272534343
      vertex -30.5 2.531310901371334 1.6331366748636071
    endloop
  endfacet
  facet normal 0 -0.030538513209817077 0.999533590836713
    outer loop
      vertex -28.019999999999996 2.531310901371334 1.6331366748636071
      vertex -28.019999999999996 3.3747813311318438 1.6589070272534343
      vertex -30.5 2.531310901371334 1.6331366748636071
    endloop
  endfacet
  facet normal 0 -0.03925981575907131 0.9992290362407228
    outer loop
      vertex -28.019999999999996 4.2179947582279915 1.692036973034348
      vertex -30.5 4.2179947582279915 1.692036973034348
      vertex -30.5 3.3747813311318438 1.6589070272534343
    endloop
  endfacet
  facet normal 0 -0.03925981575907131 0.9992290362407228
    outer loop
      vertex -28.019999999999996 3.3747813311318438 1.6589070272534343
      vertex -28.019999999999996 4.2179947582279915 1.692036973034348
      vertex -30.5 3.3747813311318438 1.6589070272534343
    endloop
  endfacet
  facet normal 0 -0.04797812852134776 0.9988483864849504
    outer loop
      vertex -28.019999999999996 5.060886968692669 1.7325239892327033
      vertex -30.5 5.060886968692669 1.7325239892327033
      vertex -30.5 4.2179947582279915 1.692036973034348
    endloop
  endfacet
  facet normal 0 -0.04797812852134776 0.9988483864849504
    outer loop
      vertex -28.019999999999996 4.2179947582279915 1.692036973034348
      vertex -28.019999999999996 5.060886968692669 1.7325239892327033
      vertex -30.5 4.2179947582279915 1.692036973034348
    endloop
  endfacet
  facet normal 0 -0.056692787563372295 0.9983916705573492
    outer loop
      vertex -28.019999999999996 5.903393773020659 1.780364992605456
      vertex -30.5 5.903393773020659 1.780364992605456
      vertex -30.5 5.060886968692669 1.7325239892327033
    endloop
  endfacet
  facet normal 0 -0.056692787563372295 0.9983916705573492
    outer loop
      vertex -28.019999999999996 5.060886968692669 1.7325239892327033
      vertex -28.019999999999996 5.903393773020659 1.780364992605456
      vertex -30.5 5.060886968692669 1.7325239892327033
    endloop
  endfacet
  facet normal 0 -0.06540312923015498 0.9978589232386027
    outer loop
      vertex -28.019999999999996 5.903393773020659 1.780364992605456
      vertex -28.019999999999996 6.745451011056917 1.8355563398749979
      vertex -30.5 5.903393773020659 1.780364992605456
    endloop
  endfacet
  facet normal 0 -0.06540312923015498 0.9978589232386027
    outer loop
      vertex -28.019999999999996 6.745451011056917 1.8355563398749979
      vertex -30.5 6.745451011056917 1.8355563398749979
      vertex -30.5 5.903393773020659 1.780364992605456
    endloop
  endfacet
  facet normal 0 -0.07410849019539434 0.997250185099486
    outer loop
      vertex -28.019999999999996 6.745451011056917 1.8355563398749979
      vertex -28.019999999999996 7.5869945568826065 1.8980938280065232
      vertex -30.5 6.745451011056917 1.8355563398749979
    endloop
  endfacet
  facet normal 0 -0.07410849019539434 0.997250185099486
    outer loop
      vertex -28.019999999999996 7.5869945568826065 1.8980938280065232
      vertex -30.5 7.5869945568826065 1.8980938280065232
      vertex -30.5 6.745451011056917 1.8355563398749979
    endloop
  endfacet
  facet normal 0 -0.08280820751219793 0.996565502497762
    outer loop
      vertex -28.019999999999996 8.427960323698544 1.9679726945282
      vertex -30.5 8.427960323698544 1.9679726945282
      vertex -30.5 7.5869945568826065 1.8980938280065232
    endloop
  endfacet
  facet normal 0 -0.08280820751219793 0.996565502497762
    outer loop
      vertex -28.019999999999996 7.5869945568826065 1.8980938280065232
      vertex -28.019999999999996 8.427960323698544 1.9679726945282
      vertex -30.5 7.5869945568826065 1.8980938280065232
    endloop
  endfacet
  facet normal 0 -0.09150161866340195 0.9958049275746617
    outer loop
      vertex -28.019999999999996 9.26828426870566 2.045187617893802
      vertex -30.5 9.26828426870566 2.045187617893802
      vertex -30.5 8.427960323698544 1.9679726945282
    endloop
  endfacet
  facet normal 0 -0.09150161866340195 0.9958049275746617
    outer loop
      vertex -28.019999999999996 8.427960323698544 1.9679726945282
      vertex -28.019999999999996 9.26828426870566 2.045187617893802
      vertex -30.5 8.427960323698544 1.9679726945282
    endloop
  endfacet
  facet normal 0 -0.10018806161207662 0.9949685182509117
    outer loop
      vertex -28.019999999999996 10.107902397982091 2.1297327178879613
      vertex -30.5 10.107902397982091 2.1297327178879613
      vertex -30.5 9.26828426870566 2.045187617893802
    endloop
  endfacet
  facet normal 0 -0.10018806161207662 0.9949685182509117
    outer loop
      vertex -28.019999999999996 9.26828426870566 2.045187617893802
      vertex -28.019999999999996 10.107902397982091 2.1297327178879613
      vertex -30.5 9.26828426870566 2.045187617893802
    endloop
  endfacet
  facet normal 0 -0.10886687485197619 0.9940563382223183
    outer loop
      vertex -28.019999999999996 10.94675077135658 2.221601556073992
      vertex -30.5 10.94675077135658 2.221601556073992
      vertex -30.5 10.107902397982091 2.1297327178879613
    endloop
  endfacet
  facet normal 0 -0.10886687485197619 0.9940563382223183
    outer loop
      vertex -28.019999999999996 10.107902397982091 2.1297327178879613
      vertex -28.019999999999996 10.94675077135658 2.221601556073992
      vertex -30.5 10.107902397982091 2.1297327178879613
    endloop
  endfacet
  facet normal 0 -0.1175373974578271 0.9930684569549274
    outer loop
      vertex -28.019999999999996 10.94675077135658 2.221601556073992
      vertex -28.019999999999996 11.784765507277761 2.320787136284153
      vertex -30.5 10.94675077135658 2.221601556073992
    endloop
  endfacet
  facet normal 0 -0.1175373974578271 0.9930684569549274
    outer loop
      vertex -28.019999999999996 11.784765507277761 2.320787136284153
      vertex -30.5 11.784765507277761 2.320787136284153
      vertex -30.5 10.94675077135658 2.221601556073992
    endloop
  endfacet
  facet normal 0 -0.12619896913582873 0.9920049496797151
    outer loop
      vertex -28.019999999999996 12.621882787678988 2.427281905152526
      vertex -30.5 12.621882787678988 2.427281905152526
      vertex -30.5 11.784765507277761 2.320787136284153
    endloop
  endfacet
  facet normal 0 -0.12619896913582873 0.9920049496797151
    outer loop
      vertex -28.019999999999996 11.784765507277761 2.320787136284153
      vertex -28.019999999999996 12.621882787678988 2.427281905152526
      vertex -30.5 11.784765507277761 2.320787136284153
    endloop
  endfacet
  facet normal 0 -0.13485093027372203 0.9908658973868825
    outer loop
      vertex -28.019999999999996 13.458038862838329 2.5410777526901427
      vertex -30.5 13.458038862838329 2.5410777526901427
      vertex -30.5 12.621882787678988 2.427281905152526
    endloop
  endfacet
  facet normal 0 -0.13485093027372203 0.9908658973868825
    outer loop
      vertex -28.019999999999996 12.621882787678988 2.427281905152526
      vertex -28.019999999999996 13.458038862838329 2.5410777526901427
      vertex -30.5 12.621882787678988 2.427281905152526
    endloop
  endfacet
  facet normal 7.918716605525417e-16 -0.14349262199117657 0.9896513868196707
    outer loop
      vertex -28.019999999999996 14.293170056233349 2.662166012902631
      vertex -30.5 13.5 2.547161828025407
      vertex -30.5 13.458038862838329 2.5410777526901427
    endloop
  endfacet
  facet normal -2.5671105921125835e-16 -0.14349262199117382 0.989651386819671
    outer loop
      vertex -28.019999999999996 14.293170056233349 2.662166012902631
      vertex -30.49357676971581 13.696209387690429 2.575610835295997
      vertex -30.5 13.5 2.547161828025407
    endloop
  endfacet
  facet normal 5.822353942258187e-17 -0.14349262199117513 0.9896513868196708
    outer loop
      vertex -28.019999999999996 14.293170056233349 2.662166012902631
      vertex -30.47433458412143 13.891578576660155 2.603938019549884
      vertex -30.49357676971581 13.696209387690429 2.575610835295997
    endloop
  endfacet
  facet normal 1.1134766879050433e-17 -0.14349262199117485 0.9896513868196708
    outer loop
      vertex -28.019999999999996 14.293170056233349 2.662166012902631
      vertex -30.44235584120969 14.085270966048384 2.632022079435223
      vertex -30.47433458412143 13.891578576660155 2.603938019549884
    endloop
  endfacet
  facet normal 9.763987724435518e-17 -0.1434926219911759 0.9896513868196708
    outer loop
      vertex -28.019999999999996 14.293170056233349 2.662166012902631
      vertex -30.397777478867205 14.276457135307563 2.659742754696043
      vertex -30.44235584120969 14.085270966048384 2.632022079435223
    endloop
  endfacet
  facet normal 0 -0.14349262199116228 0.9896513868196727
    outer loop
      vertex -28.019999999999996 14.293170056233349 2.662166012902631
      vertex -30.392707669730978 14.293170056233349 2.662166012902631
      vertex -30.397777478867205 14.276457135307563 2.659742754696043
    endloop
  endfacet
  facet normal 0 -0.14349262199117474 0.9896513868196708
    outer loop
      vertex -28.019999999999996 13.458038862838329 2.5410777526901427
      vertex -28.019999999999996 14.293170056233349 2.662166012902631
      vertex -30.5 13.458038862838329 2.5410777526901427
    endloop
  endfacet
  facet normal 0 -0.15212338618991256 0.9883615104677613
    outer loop
      vertex -28.019999999999996 14.293170056233349 2.662166012902631
      vertex -30.340790388485317 14.464318395909485 2.6885082618637357
      vertex -30.392707669730978 14.293170056233349 2.662166012902631
    endloop
  endfacet
  facet normal 2.522944300302425e-16 -0.1521233861899151 0.9883615104677611
    outer loop
      vertex -28.019999999999996 15.127212769390326 2.7905374644501677
      vertex -30.271638597533858 14.648050297095269 2.7167873061845373
      vertex -30.340790388485317 14.464318395909485 2.6885082618637357
    endloop
  endfacet
  facet normal 2.1678706604476815e-16 -0.15212338618991483 0.9883615104677609
    outer loop
      vertex -28.019999999999996 15.127212769390326 2.7905374644501677
      vertex -30.190618224598065 14.826866070657005 2.744309686093389
      vertex -30.271638597533858 14.648050297095269 2.7167873061845373
    endloop
  endfacet
  facet normal -9.743490271351005e-17 -0.15212338618991386 0.9883615104677611
    outer loop
      vertex -28.019999999999996 14.293170056233349 2.662166012902631
      vertex -28.019999999999996 15.127212769390326 2.7905374644501677
      vertex -30.340790388485317 14.464318395909485 2.6885082618637357
    endloop
  endfacet
  facet normal -9.853275839031465e-18 -0.1521233861899133 0.9883615104677613
    outer loop
      vertex -28.019999999999996 15.127212769390326 2.7905374644501677
      vertex -30.098076211353316 15 2.770957546534208
      vertex -30.190618224598065 14.826866070657005 2.744309686093389
    endloop
  endfacet
  facet normal 0 -0.15212338618991347 0.9883615104677612
    outer loop
      vertex -28.019999999999996 15.127212769390326 2.7905374644501677
      vertex -30.018970227915464 15.127212769390326 2.7905374644501677
      vertex -30.098076211353316 15 2.770957546534208
    endloop
  endfacet
  facet normal 0 -0.1607425656038235 0.9869963665602323
    outer loop
      vertex -28.019999999999996 15.127212769390326 2.7905374644501677
      vertex -29.994408836907635 15.166710699058807 2.7969701107759875
      vertex -30.018970227915464 15.127212769390326 2.7905374644501677
    endloop
  endfacet
  facet normal 1.4733259957900502e-17 -0.1607425656038228 0.9869963665602325
    outer loop
      vertex -28.019999999999996 15.127212769390326 2.7905374644501677
      vertex -29.880060020873707 15.326284287026162 2.8229583198530617
      vertex -29.994408836907635 15.166710699058807 2.7969701107759875
    endloop
  endfacet
  facet normal -3.735888235780435e-16 -0.1607425656038263 0.9869963665602318
    outer loop
      vertex -28.019999999999996 15.127212769390326 2.7905374644501677
      vertex -29.755519422436933 15.478037445300206 2.8476728910773366
      vertex -29.880060020873707 15.326284287026162 2.8229583198530617
    endloop
  endfacet
  facet normal 3.164172627175229e-16 -0.16074256560382594 0.9869963665602318
    outer loop
      vertex -28.019999999999996 15.96010348672753 2.9261823313497075
      vertex -29.621320343559642 15.621320343559642 2.871007992860579
      vertex -29.755519422436933 15.478037445300206 2.8476728910773366
    endloop
  endfacet
  facet normal -5.557847462400881e-16 -0.160742565603822 0.9869963665602326
    outer loop
      vertex -28.019999999999996 15.96010348672753 2.9261823313497075
      vertex -29.478037445300206 15.755519422436933 2.8928637007144835
      vertex -29.621320343559642 15.621320343559642 2.871007992860579
    endloop
  endfacet
  facet normal -1.1373601301895849e-16 -0.160742565603825 0.986996366560232
    outer loop
      vertex -28.019999999999996 15.96010348672753 2.9261823313497075
      vertex -29.326284287026162 15.880060020873707 2.91314642514267
      vertex -29.478037445300206 15.755519422436933 2.8928637007144835
    endloop
  endfacet
  facet normal 0 -0.16074256560382683 0.9869963665602318
    outer loop
      vertex -28.019999999999996 15.96010348672753 2.9261823313497075
      vertex -29.214583759791605 15.96010348672753 2.9261823313497075
      vertex -29.326284287026162 15.880060020873707 2.91314642514267
    endloop
  endfacet
  facet normal 0 -0.1693495038490359 0.9855560590580759
    outer loop
      vertex -28.019999999999996 15.96010348672753 2.9261823313497075
      vertex -29.166710699058807 15.994408836907635 2.9320770686190625
      vertex -29.214583759791605 15.96010348672753 2.9261823313497075
    endloop
  endfacet
  facet normal -1.1834996620243738e-16 -0.16934950384903974 0.9855560590580753
    outer loop
      vertex -28.019999999999996 15.96010348672753 2.9261823313497075
      vertex -29 16.098076211353316 2.9498903814857984
      vertex -29.166710699058807 15.994408836907635 2.9320770686190625
    endloop
  endfacet
  facet normal -4.264133670718178e-17 -0.16074256560382472 0.9869963665602322
    outer loop
      vertex -28.019999999999996 15.127212769390326 2.7905374644501677
      vertex -28.019999999999996 15.96010348672753 2.9261823313497075
      vertex -29.755519422436933 15.478037445300206 2.8476728910773366
    endloop
  endfacet
  facet normal 4.252571993699926e-16 -0.169349503849036 0.9855560590580759
    outer loop
      vertex -28.019999999999996 15.96010348672753 2.9261823313497075
      vertex -28.826866070657005 16.190618224598065 2.965792007663377
      vertex -29 16.098076211353316 2.9498903814857984
    endloop
  endfacet
  facet normal -4.811795568978316e-17 -0.1693495038490376 0.9855560590580755
    outer loop
      vertex -28.019999999999996 15.96010348672753 2.9261823313497075
      vertex -28.64805029709527 16.271638597533858 2.9797138539472443
      vertex -28.826866070657005 16.190618224598065 2.965792007663377
    endloop
  endfacet
  facet normal 1.6303613441130353e-15 -0.16934950384903436 0.9855560590580761
    outer loop
      vertex -28.019999999999996 15.96010348672753 2.9261823313497075
      vertex -28.464318395909483 16.340790388485317 2.9915963048542924
      vertex -28.64805029709527 16.271638597533858 2.9797138539472443
    endloop
  endfacet
  facet normal -1.69489456952014e-15 -0.16934950384903807 0.9855560590580754
    outer loop
      vertex -28.019999999999996 15.96010348672753 2.9261823313497075
      vertex -28.276457135307563 16.397777478867205 3.0013884779055107
      vertex -28.464318395909483 16.340790388485317 2.9915963048542924
    endloop
  endfacet
  facet normal 3.091828795325451e-15 -0.16934950384903538 0.9855560590580759
    outer loop
      vertex -28.019999999999996 15.96010348672753 2.9261823313497075
      vertex -28.085270966048384 16.44235584120969 3.00904844151257
      vertex -28.276457135307563 16.397777478867205 3.0013884779055107
    endloop
  endfacet
  facet normal -6.587810366921521e-15 -0.1693495038490367 0.9855560590580758
    outer loop
      vertex -28.019999999999996 15.96010348672753 2.9261823313497075
      vertex -28.019999999999996 16.45313212131783 3.0109001450994732
      vertex -28.085270966048384 16.44235584120969 3.00904844151257
    endloop
  endfacet
  facet normal 1 0 0
    outer loop
      vertex 28.019999999999996 -15.96010348672753 2.9261823313497075
      vertex 28.019999999999996 -16.45313212131783 3.6
      vertex 28.019999999999996 -16.45313212131783 3.0109001450994732
    endloop
  endfacet
  facet normal 1 0 0
    outer loop
      vertex 28.019999999999996 -7.5869945568826065 1.8980938280065232
      vertex 28.019999999999996 -6.745451011056917 1.8355563398749979
      vertex 28.019999999999996 -3.3747813311318438 1.6589070272534343
    endloop
  endfacet
  facet normal 1 0 0
    outer loop
      vertex 28.019999999999996 -6.745451011056917 1.8355563398749979
      vertex 28.019999999999996 -5.903393773020659 1.780364992605456
      vertex 28.019999999999996 -4.2179947582279915 1.692036973034348
    endloop
  endfacet
  facet normal 1 0 0
    outer loop
      vertex 28.019999999999996 -5.903393773020659 1.780364992605456
      vertex 28.019999999999996 -5.060886968692669 1.7325239892327033
      vertex 28.019999999999996 -4.2179947582279915 1.692036973034348
    endloop
  endfacet
  facet normal 1 0 0
    outer loop
      vertex 28.019999999999996 -6.745451011056917 1.8355563398749979
      vertex 28.019999999999996 -4.2179947582279915 1.692036973034348
      vertex 28.019999999999996 -3.3747813311318438 1.6589070272534343
    endloop
  endfacet
  facet normal 1 0 0
    outer loop
      vertex 28.019999999999996 -7.5869945568826065 1.8980938280065232
      vertex 28.019999999999996 -3.3747813311318438 1.6589070272534343
      vertex 28.019999999999996 -2.531310901371334 1.6331366748636071
    endloop
  endfacet
  facet normal 1 0 0
    outer loop
      vertex 28.019999999999996 -15.127212769390326 2.7905374644501677
      vertex 28.019999999999996 16.45313212131783 3.6
      vertex 28.019999999999996 -15.96010348672753 2.9261823313497075
    endloop
  endfacet
  facet normal 1 0 0
    outer loop
      vertex 28.019999999999996 -14.293170056233349 2.662166012902631
      vertex 28.019999999999996 16.45313212131783 3.6
      vertex 28.019999999999996 -15.127212769390326 2.7905374644501677
    endloop
  endfacet
  facet normal 1 0 0
    outer loop
      vertex 28.019999999999996 -15.96010348672753 2.9261823313497075
      vertex 28.019999999999996 16.45313212131783 3.6
      vertex 28.019999999999996 -16.45313212131783 3.6
    endloop
  endfacet
  facet normal 1 0 0
    outer loop
      vertex 28.019999999999996 -14.293170056233349 2.662166012902631
      vertex 28.019999999999996 -13.458038862838329 2.5410777526901427
      vertex 28.019999999999996 16.45313212131783 3.6
    endloop
  endfacet
  facet normal 1 0 0
    outer loop
      vertex 28.019999999999996 -13.458038862838329 2.5410777526901427
      vertex 28.019999999999996 -12.621882787678988 2.427281905152526
      vertex 28.019999999999996 16.45313212131783 3.6
    endloop
  endfacet
  facet normal 1 0 0
    outer loop
      vertex 28.019999999999996 -11.784765507277761 2.320787136284153
      vertex 28.019999999999996 16.45313212131783 3.6
      vertex 28.019999999999996 -12.621882787678988 2.427281905152526
    endloop
  endfacet
  facet normal 1 0 0
    outer loop
      vertex 28.019999999999996 -10.94675077135658 2.221601556073992
      vertex 28.019999999999996 16.45313212131783 3.6
      vertex 28.019999999999996 -11.784765507277761 2.320787136284153
    endloop
  endfacet
  facet normal 1 0 0
    outer loop
      vertex 28.019999999999996 -10.94675077135658 2.221601556073992
      vertex 28.019999999999996 -10.107902397982091 2.1297327178879613
      vertex 28.019999999999996 16.45313212131783 3.6
    endloop
  endfacet
  facet normal 1 0 0
    outer loop
      vertex 28.019999999999996 -9.26828426870566 2.045187617893802
      vertex 28.019999999999996 16.45313212131783 3.6
      vertex 28.019999999999996 -10.107902397982091 2.1297327178879613
    endloop
  endfacet
  facet normal 1 0 0
    outer loop
      vertex 28.019999999999996 -9.26828426870566 2.045187617893802
      vertex 28.019999999999996 -8.427960323698544 1.9679726945282
      vertex 28.019999999999996 16.45313212131783 3.6
    endloop
  endfacet
  facet normal 1 0 0
    outer loop
      vertex 28.019999999999996 -8.427960323698544 1.9679726945282
      vertex 28.019999999999996 -7.5869945568826065 1.8980938280065232
      vertex 28.019999999999996 16.45313212131783 3.6
    endloop
  endfacet
  facet normal 1 0 0
    outer loop
      vertex 28.019999999999996 -7.5869945568826065 1.8980938280065232
      vertex 28.019999999999996 -2.531310901371334 1.6331366748636071
      vertex 28.019999999999996 16.45313212131783 3.6
    endloop
  endfacet
  facet normal 1 0 0
    outer loop
      vertex 28.019999999999996 -2.531310901371334 1.6331366748636071
      vertex 28.019999999999996 -1.6876477024853156 1.6147278783769536
      vertex 28.019999999999996 16.45313212131783 3.6
    endloop
  endfacet
  facet normal 1 0 0
    outer loop
      vertex 28.019999999999996 -1.6876477024853156 1.6147278783769536
      vertex 28.019999999999996 -0.8438559826927595 1.6036820396946325
      vertex 28.019999999999996 16.45313212131783 3.6
    endloop
  endfacet
  facet normal 1 0 0
    outer loop
      vertex 28.019999999999996 -0.8438559826927595 1.6036820396946325
      vertex 28.019999999999996 0 1.5999999999999943
      vertex 28.019999999999996 16.45313212131783 3.6
    endloop
  endfacet
  facet normal 1 0 0
    outer loop
      vertex 28.019999999999996 0 1.5999999999999943
      vertex 28.019999999999996 0.8438559826927595 1.6036820396946325
      vertex 28.019999999999996 16.45313212131783 3.6
    endloop
  endfacet
  facet normal 1 0 0
    outer loop
      vertex 28.019999999999996 0.8438559826927595 1.6036820396946325
      vertex 28.019999999999996 1.6876477024853156 1.6147278783769536
      vertex 28.019999999999996 16.45313212131783 3.6
    endloop
  endfacet
  facet normal 1 0 0
    outer loop
      vertex 28.019999999999996 1.6876477024853156 1.6147278783769536
      vertex 28.019999999999996 2.531310901371334 1.6331366748636071
      vertex 28.019999999999996 16.45313212131783 3.6
    endloop
  endfacet
  facet normal 1 0 0
    outer loop
      vertex 28.019999999999996 2.531310901371334 1.6331366748636071
      vertex 28.019999999999996 3.3747813311318438 1.6589070272534343
      vertex 28.019999999999996 16.45313212131783 3.6
    endloop
  endfacet
  facet normal 1 0 0
    outer loop
      vertex 28.019999999999996 3.3747813311318438 1.6589070272534343
      vertex 28.019999999999996 4.2179947582279915 1.692036973034348
      vertex 28.019999999999996 16.45313212131783 3.6
    endloop
  endfacet
  facet normal 1 0 0
    outer loop
      vertex 28.019999999999996 4.2179947582279915 1.692036973034348
      vertex 28.019999999999996 5.060886968692669 1.7325239892327033
      vertex 28.019999999999996 16.45313212131783 3.6
    endloop
  endfacet
  facet normal 1 0 0
    outer loop
      vertex 28.019999999999996 5.060886968692669 1.7325239892327033
      vertex 28.019999999999996 5.903393773020659 1.780364992605456
      vertex 28.019999999999996 16.45313212131783 3.6
    endloop
  endfacet
  facet normal 1 0 0
    outer loop
      vertex 28.019999999999996 5.903393773020659 1.780364992605456
      vertex 28.019999999999996 6.745451011056917 1.8355563398749979
      vertex 28.019999999999996 16.45313212131783 3.6
    endloop
  endfacet
  facet normal 1 0 0
    outer loop
      vertex 28.019999999999996 6.745451011056917 1.8355563398749979
      vertex 28.019999999999996 7.5869945568826065 1.8980938280065232
      vertex 28.019999999999996 16.45313212131783 3.6
    endloop
  endfacet
  facet normal 1 0 0
    outer loop
      vertex 28.019999999999996 7.5869945568826065 1.8980938280065232
      vertex 28.019999999999996 8.427960323698544 1.9679726945282
      vertex 28.019999999999996 16.45313212131783 3.6
    endloop
  endfacet
  facet normal 1 0 0
    outer loop
      vertex 28.019999999999996 8.427960323698544 1.9679726945282
      vertex 28.019999999999996 9.26828426870566 2.045187617893802
      vertex 28.019999999999996 16.45313212131783 3.6
    endloop
  endfacet
  facet normal 1 0 0
    outer loop
      vertex 28.019999999999996 9.26828426870566 2.045187617893802
      vertex 28.019999999999996 10.107902397982091 2.1297327178879613
      vertex 28.019999999999996 16.45313212131783 3.6
    endloop
  endfacet
  facet normal 1 0 0
    outer loop
      vertex 28.019999999999996 10.107902397982091 2.1297327178879613
      vertex 28.019999999999996 10.94675077135658 2.221601556073992
      vertex 28.019999999999996 16.45313212131783 3.6
    endloop
  endfacet
  facet normal 1 0 0
    outer loop
      vertex 28.019999999999996 10.94675077135658 2.221601556073992
      vertex 28.019999999999996 11.784765507277761 2.320787136284153
      vertex 28.019999999999996 16.45313212131783 3.6
    endloop
  endfacet
  facet normal 1 0 0
    outer loop
      vertex 28.019999999999996 11.784765507277761 2.320787136284153
      vertex 28.019999999999996 12.621882787678988 2.427281905152526
      vertex 28.019999999999996 16.45313212131783 3.6
    endloop
  endfacet
  facet normal 1 0 0
    outer loop
      vertex 28.019999999999996 12.621882787678988 2.427281905152526
      vertex 28.019999999999996 13.458038862838329 2.5410777526901427
      vertex 28.019999999999996 16.45313212131783 3.6
    endloop
  endfacet
  facet normal 1 0 0
    outer loop
      vertex 28.019999999999996 13.458038862838329 2.5410777526901427
      vertex 28.019999999999996 14.293170056233349 2.662166012902631
      vertex 28.019999999999996 16.45313212131783 3.6
    endloop
  endfacet
  facet normal 1 0 0
    outer loop
      vertex 28.019999999999996 14.293170056233349 2.662166012902631
      vertex 28.019999999999996 15.127212769390326 2.7905374644501677
      vertex 28.019999999999996 16.45313212131783 3.6
    endloop
  endfacet
  facet normal 1 0 0
    outer loop
      vertex 28.019999999999996 15.127212769390326 2.7905374644501677
      vertex 28.019999999999996 15.96010348672753 2.9261823313497075
      vertex 28.019999999999996 16.45313212131783 3.0109001450994732
    endloop
  endfacet
  facet normal 1 0 0
    outer loop
      vertex 28.019999999999996 15.127212769390326 2.7905374644501677
      vertex 28.019999999999996 16.45313212131783 3.0109001450994732
      vertex 28.019999999999996 16.45313212131783 3.6
    endloop
  endfacet
  facet normal 6.587810366921521e-15 0.1693495038490367 0.9855560590580758
    outer loop
      vertex 28.019999999999996 -15.96010348672753 2.9261823313497075
      vertex 28.019999999999996 -16.45313212131783 3.0109001450994732
      vertex 28.085270966048384 -16.44235584120969 3.00904844151257
    endloop
  endfacet
  facet normal -3.091828795325451e-15 0.16934950384903538 0.9855560590580759
    outer loop
      vertex 28.019999999999996 -15.96010348672753 2.9261823313497075
      vertex 28.085270966048384 -16.44235584120969 3.00904844151257
      vertex 28.276457135307563 -16.397777478867205 3.0013884779055107
    endloop
  endfacet
  facet normal 1.69489456952014e-15 0.16934950384903807 0.9855560590580754
    outer loop
      vertex 28.019999999999996 -15.96010348672753 2.9261823313497075
      vertex 28.276457135307563 -16.397777478867205 3.0013884779055107
      vertex 28.464318395909483 -16.340790388485317 2.9915963048542924
    endloop
  endfacet
  facet normal -1.6303613441130353e-15 0.16934950384903436 0.9855560590580761
    outer loop
      vertex 28.019999999999996 -15.96010348672753 2.9261823313497075
      vertex 28.464318395909483 -16.340790388485317 2.9915963048542924
      vertex 28.64805029709527 -16.271638597533858 2.9797138539472443
    endloop
  endfacet
  facet normal 4.811795568978316e-17 0.1693495038490376 0.9855560590580755
    outer loop
      vertex 28.019999999999996 -15.96010348672753 2.9261823313497075
      vertex 28.64805029709527 -16.271638597533858 2.9797138539472443
      vertex 28.826866070657005 -16.190618224598065 2.965792007663377
    endloop
  endfacet
  facet normal 4.264133670718178e-17 0.16074256560382472 0.9869963665602322
    outer loop
      vertex 28.019999999999996 -15.127212769390326 2.7905374644501677
      vertex 28.019999999999996 -15.96010348672753 2.9261823313497075
      vertex 29.755519422436933 -15.478037445300206 2.8476728910773366
    endloop
  endfacet
  facet normal 0 0.1693495038490374 0.9855560590580755
    outer loop
      vertex 28.019999999999996 -15.96010348672753 2.9261823313497075
      vertex 28.826866070657005 -16.190618224598065 2.965792007663377
      vertex 29.214583759791605 -15.96010348672753 2.9261823313497075
    endloop
  endfacet
  facet normal -1.2091458434899981e-14 0.16934950384905703 0.9855560590580721
    outer loop
      vertex 29 -16.098076211353316 2.9498903814857984
      vertex 29.214583759791605 -15.96010348672753 2.9261823313497075
      vertex 28.826866070657005 -16.190618224598065 2.965792007663377
    endloop
  endfacet
  facet normal 1.978272827913127e-14 0.1693495038490097 0.9855560590580803
    outer loop
      vertex 29 -16.098076211353316 2.9498903814857984
      vertex 29.166710699058807 -15.994408836907635 2.9320770686190625
      vertex 29.214583759791605 -15.96010348672753 2.9261823313497075
    endloop
  endfacet
  facet normal 0 0.16074256560382683 0.9869963665602318
    outer loop
      vertex 28.019999999999996 -15.96010348672753 2.9261823313497075
      vertex 29.214583759791605 -15.96010348672753 2.9261823313497075
      vertex 29.326284287026162 -15.880060020873707 2.91314642514267
    endloop
  endfacet
  facet normal 1.1373601301895849e-16 0.160742565603825 0.986996366560232
    outer loop
      vertex 28.019999999999996 -15.96010348672753 2.9261823313497075
      vertex 29.326284287026162 -15.880060020873707 2.91314642514267
      vertex 29.478037445300206 -15.755519422436933 2.8928637007144835
    endloop
  endfacet
  facet normal 5.557847462400881e-16 0.160742565603822 0.9869963665602326
    outer loop
      vertex 28.019999999999996 -15.96010348672753 2.9261823313497075
      vertex 29.478037445300206 -15.755519422436933 2.8928637007144835
      vertex 29.621320343559642 -15.621320343559642 2.871007992860579
    endloop
  endfacet
  facet normal -3.164172627175229e-16 0.16074256560382594 0.9869963665602318
    outer loop
      vertex 28.019999999999996 -15.96010348672753 2.9261823313497075
      vertex 29.621320343559642 -15.621320343559642 2.871007992860579
      vertex 29.755519422436933 -15.478037445300206 2.8476728910773366
    endloop
  endfacet
  facet normal -1.4733259957900502e-17 0.1607425656038228 0.9869963665602325
    outer loop
      vertex 28.019999999999996 -15.127212769390326 2.7905374644501677
      vertex 29.880060020873707 -15.326284287026162 2.8229583198530617
      vertex 29.994408836907635 -15.166710699058807 2.7969701107759875
    endloop
  endfacet
  facet normal 0 0.1607425656038235 0.9869963665602323
    outer loop
      vertex 28.019999999999996 -15.127212769390326 2.7905374644501677
      vertex 29.994408836907635 -15.166710699058807 2.7969701107759875
      vertex 30.018970227915464 -15.127212769390326 2.7905374644501677
    endloop
  endfacet
  facet normal 0 0.15212338618991347 0.9883615104677612
    outer loop
      vertex 28.019999999999996 -15.127212769390326 2.7905374644501677
      vertex 30.018970227915464 -15.127212769390326 2.7905374644501677
      vertex 30.098076211353316 -15 2.770957546534208
    endloop
  endfacet
  facet normal 9.853275839031465e-18 0.1521233861899133 0.9883615104677613
    outer loop
      vertex 28.019999999999996 -15.127212769390326 2.7905374644501677
      vertex 30.098076211353316 -15 2.770957546534208
      vertex 30.190618224598065 -14.826866070657005 2.744309686093389
    endloop
  endfacet
  facet normal 9.743490271351005e-17 0.15212338618991386 0.9883615104677611
    outer loop
      vertex 28.019999999999996 -14.293170056233349 2.662166012902631
      vertex 28.019999999999996 -15.127212769390326 2.7905374644501677
      vertex 30.340790388485317 -14.464318395909485 2.6885082618637357
    endloop
  endfacet
  facet normal -2.1678706604476815e-16 0.15212338618991483 0.9883615104677609
    outer loop
      vertex 28.019999999999996 -15.127212769390326 2.7905374644501677
      vertex 30.190618224598065 -14.826866070657005 2.744309686093389
      vertex 30.271638597533858 -14.648050297095269 2.7167873061845373
    endloop
  endfacet
  facet normal -2.522944300302425e-16 0.1521233861899151 0.9883615104677611
    outer loop
      vertex 28.019999999999996 -15.127212769390326 2.7905374644501677
      vertex 30.271638597533858 -14.648050297095269 2.7167873061845373
      vertex 30.340790388485317 -14.464318395909485 2.6885082618637357
    endloop
  endfacet
  facet normal 3.735888235780435e-16 0.1607425656038263 0.9869963665602318
    outer loop
      vertex 28.019999999999996 -15.127212769390326 2.7905374644501677
      vertex 29.755519422436933 -15.478037445300206 2.8476728910773366
      vertex 29.880060020873707 -15.326284287026162 2.8229583198530617
    endloop
  endfacet
  facet normal 0 0.15212338618991256 0.9883615104677613
    outer loop
      vertex 28.019999999999996 -14.293170056233349 2.662166012902631
      vertex 30.340790388485317 -14.464318395909485 2.6885082618637357
      vertex 30.392707669730978 -14.293170056233349 2.662166012902631
    endloop
  endfacet
  facet normal 0 0.14349262199117474 0.9896513868196708
    outer loop
      vertex 28.019999999999996 -14.293170056233349 2.662166012902631
      vertex 30.5 -13.458038862838329 2.5410777526901427
      vertex 28.019999999999996 -13.458038862838329 2.5410777526901427
    endloop
  endfacet
  facet normal 0 0.14349262199116228 0.9896513868196727
    outer loop
      vertex 28.019999999999996 -14.293170056233349 2.662166012902631
      vertex 30.392707669730978 -14.293170056233349 2.662166012902631
      vertex 30.397777478867205 -14.276457135307563 2.659742754696043
    endloop
  endfacet
  facet normal -9.763987724435518e-17 0.1434926219911759 0.9896513868196708
    outer loop
      vertex 28.019999999999996 -14.293170056233349 2.662166012902631
      vertex 30.397777478867205 -14.276457135307563 2.659742754696043
      vertex 30.44235584120969 -14.085270966048384 2.632022079435223
    endloop
  endfacet
  facet normal -1.1134766879050433e-17 0.14349262199117485 0.9896513868196708
    outer loop
      vertex 28.019999999999996 -14.293170056233349 2.662166012902631
      vertex 30.44235584120969 -14.085270966048384 2.632022079435223
      vertex 30.47433458412143 -13.891578576660155 2.603938019549884
    endloop
  endfacet
  facet normal -5.822353942258187e-17 0.14349262199117513 0.9896513868196708
    outer loop
      vertex 28.019999999999996 -14.293170056233349 2.662166012902631
      vertex 30.47433458412143 -13.891578576660155 2.603938019549884
      vertex 30.49357676971581 -13.696209387690429 2.575610835295997
    endloop
  endfacet
  facet normal 2.5671105921125835e-16 0.14349262199117382 0.989651386819671
    outer loop
      vertex 28.019999999999996 -14.293170056233349 2.662166012902631
      vertex 30.49357676971581 -13.696209387690429 2.575610835295997
      vertex 30.5 -13.5 2.547161828025407
    endloop
  endfacet
  facet normal -7.918716605525417e-16 0.14349262199117657 0.9896513868196707
    outer loop
      vertex 28.019999999999996 -14.293170056233349 2.662166012902631
      vertex 30.5 -13.5 2.547161828025407
      vertex 30.5 -13.458038862838329 2.5410777526901427
    endloop
  endfacet
  facet normal 0 0.13485093027372203 0.9908658973868825
    outer loop
      vertex 28.019999999999996 -13.458038862838329 2.5410777526901427
      vertex 30.5 -12.621882787678988 2.427281905152526
      vertex 28.019999999999996 -12.621882787678988 2.427281905152526
    endloop
  endfacet
  facet normal 0 0.13485093027372203 0.9908658973868825
    outer loop
      vertex 28.019999999999996 -13.458038862838329 2.5410777526901427
      vertex 30.5 -13.458038862838329 2.5410777526901427
      vertex 30.5 -12.621882787678988 2.427281905152526
    endloop
  endfacet
  facet normal 0 0.10886687485197619 0.9940563382223183
    outer loop
      vertex 28.019999999999996 -10.94675077135658 2.221601556073992
      vertex 30.5 -10.107902397982091 2.1297327178879613
      vertex 28.019999999999996 -10.107902397982091 2.1297327178879613
    endloop
  endfacet
  facet normal 0 0.10886687485197619 0.9940563382223183
    outer loop
      vertex 28.019999999999996 -10.94675077135658 2.221601556073992
      vertex 30.5 -10.94675077135658 2.221601556073992
      vertex 30.5 -10.107902397982091 2.1297327178879613
    endloop
  endfacet
  facet normal 0 0.10018806161207662 0.9949685182509117
    outer loop
      vertex 28.019999999999996 -9.26828426870566 2.045187617893802
      vertex 28.019999999999996 -10.107902397982091 2.1297327178879613
      vertex 30.5 -9.26828426870566 2.045187617893802
    endloop
  endfacet
  facet normal 0 0.10018806161207662 0.9949685182509117
    outer loop
      vertex 28.019999999999996 -10.107902397982091 2.1297327178879613
      vertex 30.5 -10.107902397982091 2.1297327178879613
      vertex 30.5 -9.26828426870566 2.045187617893802
    endloop
  endfacet
  facet normal 0 0.09150161866340195 0.9958049275746617
    outer loop
      vertex 28.019999999999996 -9.26828426870566 2.045187617893802
      vertex 30.5 -8.427960323698544 1.9679726945282
      vertex 28.019999999999996 -8.427960323698544 1.9679726945282
    endloop
  endfacet
  facet normal 0 0.09150161866340195 0.9958049275746617
    outer loop
      vertex 28.019999999999996 -9.26828426870566 2.045187617893802
      vertex 30.5 -9.26828426870566 2.045187617893802
      vertex 30.5 -8.427960323698544 1.9679726945282
    endloop
  endfacet
  facet normal 0 0.12619896913582873 0.9920049496797151
    outer loop
      vertex 28.019999999999996 -11.784765507277761 2.320787136284153
      vertex 28.019999999999996 -12.621882787678988 2.427281905152526
      vertex 30.5 -11.784765507277761 2.320787136284153
    endloop
  endfacet
  facet normal 0 0.12619896913582873 0.9920049496797151
    outer loop
      vertex 28.019999999999996 -12.621882787678988 2.427281905152526
      vertex 30.5 -12.621882787678988 2.427281905152526
      vertex 30.5 -11.784765507277761 2.320787136284153
    endloop
  endfacet
  facet normal 0 0.1175373974578271 0.9930684569549274
    outer loop
      vertex 28.019999999999996 -11.784765507277761 2.320787136284153
      vertex 30.5 -11.784765507277761 2.320787136284153
      vertex 30.5 -10.94675077135658 2.221601556073992
    endloop
  endfacet
  facet normal 0 0.1175373974578271 0.9930684569549274
    outer loop
      vertex 28.019999999999996 -10.94675077135658 2.221601556073992
      vertex 28.019999999999996 -11.784765507277761 2.320787136284153
      vertex 30.5 -10.94675077135658 2.221601556073992
    endloop
  endfacet
  facet normal 0 0.08280820751219793 0.996565502497762
    outer loop
      vertex 28.019999999999996 -8.427960323698544 1.9679726945282
      vertex 30.5 -7.5869945568826065 1.8980938280065232
      vertex 28.019999999999996 -7.5869945568826065 1.8980938280065232
    endloop
  endfacet
  facet normal 0 0.08280820751219793 0.996565502497762
    outer loop
      vertex 28.019999999999996 -8.427960323698544 1.9679726945282
      vertex 30.5 -8.427960323698544 1.9679726945282
      vertex 30.5 -7.5869945568826065 1.8980938280065232
    endloop
  endfacet
  facet normal 0 0.07410849019539434 0.997250185099486
    outer loop
      vertex 28.019999999999996 -7.5869945568826065 1.8980938280065232
      vertex 30.5 -7.5869945568826065 1.8980938280065232
      vertex 30.5 -6.745451011056917 1.8355563398749979
    endloop
  endfacet
  facet normal 0 0.07410849019539434 0.997250185099486
    outer loop
      vertex 28.019999999999996 -7.5869945568826065 1.8980938280065232
      vertex 30.5 -6.745451011056917 1.8355563398749979
      vertex 28.019999999999996 -6.745451011056917 1.8355563398749979
    endloop
  endfacet
  facet normal 0 0.06540312923015498 0.9978589232386027
    outer loop
      vertex 28.019999999999996 -6.745451011056917 1.8355563398749979
      vertex 30.5 -6.745451011056917 1.8355563398749979
      vertex 30.5 -5.903393773020659 1.780364992605456
    endloop
  endfacet
  facet normal 0 0.06540312923015498 0.9978589232386027
    outer loop
      vertex 28.019999999999996 -6.745451011056917 1.8355563398749979
      vertex 30.5 -5.903393773020659 1.780364992605456
      vertex 28.019999999999996 -5.903393773020659 1.780364992605456
    endloop
  endfacet
  facet normal 0 0.056692787563372295 0.9983916705573492
    outer loop
      vertex 28.019999999999996 -5.903393773020659 1.780364992605456
      vertex 30.5 -5.060886968692669 1.7325239892327033
      vertex 28.019999999999996 -5.060886968692669 1.7325239892327033
    endloop
  endfacet
  facet normal 0 0.056692787563372295 0.9983916705573492
    outer loop
      vertex 28.019999999999996 -5.903393773020659 1.780364992605456
      vertex 30.5 -5.903393773020659 1.780364992605456
      vertex 30.5 -5.060886968692669 1.7325239892327033
    endloop
  endfacet
  facet normal 0 0.04797812852134776 0.9988483864849504
    outer loop
      vertex 28.019999999999996 -5.060886968692669 1.7325239892327033
      vertex 30.5 -4.2179947582279915 1.692036973034348
      vertex 28.019999999999996 -4.2179947582279915 1.692036973034348
    endloop
  endfacet
  facet normal 0 0.04797812852134776 0.9988483864849504
    outer loop
      vertex 28.019999999999996 -5.060886968692669 1.7325239892327033
      vertex 30.5 -5.060886968692669 1.7325239892327033
      vertex 30.5 -4.2179947582279915 1.692036973034348
    endloop
  endfacet
  facet normal 0 0.03925981575907131 0.9992290362407228
    outer loop
      vertex 28.019999999999996 -4.2179947582279915 1.692036973034348
      vertex 30.5 -3.3747813311318438 1.6589070272534343
      vertex 28.019999999999996 -3.3747813311318438 1.6589070272534343
    endloop
  endfacet
  facet normal 0 0.03925981575907131 0.9992290362407228
    outer loop
      vertex 28.019999999999996 -4.2179947582279915 1.692036973034348
      vertex 30.5 -4.2179947582279915 1.692036973034348
      vertex 30.5 -3.3747813311318438 1.6589070272534343
    endloop
  endfacet
  facet normal 0 0.030538513209817077 0.999533590836713
    outer loop
      vertex 28.019999999999996 -3.3747813311318438 1.6589070272534343
      vertex 30.5 -2.531310901371334 1.6331366748636071
      vertex 28.019999999999996 -2.531310901371334 1.6331366748636071
    endloop
  endfacet
  facet normal 0 0.030538513209817077 0.999533590836713
    outer loop
      vertex 28.019999999999996 -3.3747813311318438 1.6589070272534343
      vertex 30.5 -3.3747813311318438 1.6589070272534343
      vertex 30.5 -2.531310901371334 1.6331366748636071
    endloop
  endfacet
  facet normal 0 0.021814885034572552 0.9997620270799089
    outer loop
      vertex 28.019999999999996 -2.531310901371334 1.6331366748636071
      vertex 30.5 -2.531310901371334 1.6331366748636071
      vertex 30.5 -1.6876477024853156 1.6147278783769536
    endloop
  endfacet
  facet normal 0 0.021814885034572552 0.9997620270799089
    outer loop
      vertex 28.019999999999996 -2.531310901371334 1.6331366748636071
      vertex 30.5 -1.6876477024853156 1.6147278783769536
      vertex 28.019999999999996 -1.6876477024853156 1.6147278783769536
    endloop
  endfacet
  facet normal 0 0.013089595571332976 0.9999143275740071
    outer loop
      vertex 28.019999999999996 -1.6876477024853156 1.6147278783769536
      vertex 30.5 -0.8438559826927595 1.6036820396946325
      vertex 28.019999999999996 -0.8438559826927595 1.6036820396946325
    endloop
  endfacet
  facet normal 0 0.013089595571332976 0.9999143275740071
    outer loop
      vertex 28.019999999999996 -1.6876477024853156 1.6147278783769536
      vertex 30.5 -1.6876477024853156 1.6147278783769536
      vertex 30.5 -0.8438559826927595 1.6036820396946325
    endloop
  endfacet
  facet normal 0 0.004363309284748736 0.9999904807207345
    outer loop
      vertex 28.019999999999996 -0.8438559826927595 1.6036820396946325
      vertex 30.5 0 1.5999999999999943
      vertex 28.019999999999996 0 1.5999999999999943
    endloop
  endfacet
  facet normal 0 0.004363309284748736 0.9999904807207345
    outer loop
      vertex 28.019999999999996 -0.8438559826927595 1.6036820396946325
      vertex 30.5 -0.8438559826927595 1.6036820396946325
      vertex 30.5 0 1.5999999999999943
    endloop
  endfacet
  facet normal 0 -0.004363309284748736 0.9999904807207345
    outer loop
      vertex 28.019999999999996 0 1.5999999999999943
      vertex 30.5 0.8438559826927595 1.6036820396946325
      vertex 28.019999999999996 0.8438559826927595 1.6036820396946325
    endloop
  endfacet
  facet normal 0 -0.004363309284748736 0.9999904807207345
    outer loop
      vertex 28.019999999999996 0 1.5999999999999943
      vertex 30.5 0 1.5999999999999943
      vertex 30.5 0.8438559826927595 1.6036820396946325
    endloop
  endfacet
  facet normal 0 -0.013089595571332976 0.9999143275740071
    outer loop
      vertex 28.019999999999996 0.8438559826927595 1.6036820396946325
      vertex 30.5 1.6876477024853156 1.6147278783769536
      vertex 28.019999999999996 1.6876477024853156 1.6147278783769536
    endloop
  endfacet
  facet normal 0 -0.013089595571332976 0.9999143275740071
    outer loop
      vertex 28.019999999999996 0.8438559826927595 1.6036820396946325
      vertex 30.5 0.8438559826927595 1.6036820396946325
      vertex 30.5 1.6876477024853156 1.6147278783769536
    endloop
  endfacet
  facet normal 0 -0.021814885034572552 0.9997620270799089
    outer loop
      vertex 28.019999999999996 1.6876477024853156 1.6147278783769536
      vertex 30.5 1.6876477024853156 1.6147278783769536
      vertex 30.5 2.531310901371334 1.6331366748636071
    endloop
  endfacet
  facet normal 0 -0.021814885034572552 0.9997620270799089
    outer loop
      vertex 28.019999999999996 1.6876477024853156 1.6147278783769536
      vertex 30.5 2.531310901371334 1.6331366748636071
      vertex 28.019999999999996 2.531310901371334 1.6331366748636071
    endloop
  endfacet
  facet normal 0 -0.030538513209817077 0.999533590836713
    outer loop
      vertex 28.019999999999996 2.531310901371334 1.6331366748636071
      vertex 30.5 3.3747813311318438 1.6589070272534343
      vertex 28.019999999999996 3.3747813311318438 1.6589070272534343
    endloop
  endfacet
  facet normal 0 -0.030538513209817077 0.999533590836713
    outer loop
      vertex 28.019999999999996 2.531310901371334 1.6331366748636071
      vertex 30.5 2.531310901371334 1.6331366748636071
      vertex 30.5 3.3747813311318438 1.6589070272534343
    endloop
  endfacet
  facet normal 0 -0.03925981575907131 0.9992290362407228
    outer loop
      vertex 28.019999999999996 3.3747813311318438 1.6589070272534343
      vertex 30.5 4.2179947582279915 1.692036973034348
      vertex 28.019999999999996 4.2179947582279915 1.692036973034348
    endloop
  endfacet
  facet normal 0 -0.03925981575907131 0.9992290362407228
    outer loop
      vertex 28.019999999999996 3.3747813311318438 1.6589070272534343
      vertex 30.5 3.3747813311318438 1.6589070272534343
      vertex 30.5 4.2179947582279915 1.692036973034348
    endloop
  endfacet
  facet normal 0 -0.04797812852134776 0.9988483864849504
    outer loop
      vertex 28.019999999999996 4.2179947582279915 1.692036973034348
      vertex 30.5 5.060886968692669 1.7325239892327033
      vertex 28.019999999999996 5.060886968692669 1.7325239892327033
    endloop
  endfacet
  facet normal 0 -0.04797812852134776 0.9988483864849504
    outer loop
      vertex 28.019999999999996 4.2179947582279915 1.692036973034348
      vertex 30.5 4.2179947582279915 1.692036973034348
      vertex 30.5 5.060886968692669 1.7325239892327033
    endloop
  endfacet
  facet normal 0 -0.056692787563372295 0.9983916705573492
    outer loop
      vertex 28.019999999999996 5.060886968692669 1.7325239892327033
      vertex 30.5 5.903393773020659 1.780364992605456
      vertex 28.019999999999996 5.903393773020659 1.780364992605456
    endloop
  endfacet
  facet normal 0 -0.056692787563372295 0.9983916705573492
    outer loop
      vertex 28.019999999999996 5.060886968692669 1.7325239892327033
      vertex 30.5 5.060886968692669 1.7325239892327033
      vertex 30.5 5.903393773020659 1.780364992605456
    endloop
  endfacet
  facet normal 0 -0.06540312923015498 0.9978589232386027
    outer loop
      vertex 28.019999999999996 5.903393773020659 1.780364992605456
      vertex 30.5 5.903393773020659 1.780364992605456
      vertex 30.5 6.745451011056917 1.8355563398749979
    endloop
  endfacet
  facet normal 0 -0.06540312923015498 0.9978589232386027
    outer loop
      vertex 28.019999999999996 5.903393773020659 1.780364992605456
      vertex 30.5 6.745451011056917 1.8355563398749979
      vertex 28.019999999999996 6.745451011056917 1.8355563398749979
    endloop
  endfacet
  facet normal 0 -0.07410849019539434 0.997250185099486
    outer loop
      vertex 28.019999999999996 6.745451011056917 1.8355563398749979
      vertex 30.5 6.745451011056917 1.8355563398749979
      vertex 30.5 7.5869945568826065 1.8980938280065232
    endloop
  endfacet
  facet normal 0 -0.07410849019539434 0.997250185099486
    outer loop
      vertex 28.019999999999996 6.745451011056917 1.8355563398749979
      vertex 30.5 7.5869945568826065 1.8980938280065232
      vertex 28.019999999999996 7.5869945568826065 1.8980938280065232
    endloop
  endfacet
  facet normal 0 -0.08280820751219793 0.996565502497762
    outer loop
      vertex 28.019999999999996 7.5869945568826065 1.8980938280065232
      vertex 30.5 8.427960323698544 1.9679726945282
      vertex 28.019999999999996 8.427960323698544 1.9679726945282
    endloop
  endfacet
  facet normal 0 -0.08280820751219793 0.996565502497762
    outer loop
      vertex 28.019999999999996 7.5869945568826065 1.8980938280065232
      vertex 30.5 7.5869945568826065 1.8980938280065232
      vertex 30.5 8.427960323698544 1.9679726945282
    endloop
  endfacet
  facet normal 0 -0.09150161866340195 0.9958049275746617
    outer loop
      vertex 28.019999999999996 8.427960323698544 1.9679726945282
      vertex 30.5 9.26828426870566 2.045187617893802
      vertex 28.019999999999996 9.26828426870566 2.045187617893802
    endloop
  endfacet
  facet normal 0 -0.09150161866340195 0.9958049275746617
    outer loop
      vertex 28.019999999999996 8.427960323698544 1.9679726945282
      vertex 30.5 8.427960323698544 1.9679726945282
      vertex 30.5 9.26828426870566 2.045187617893802
    endloop
  endfacet
  facet normal 0 -0.10018806161207662 0.9949685182509117
    outer loop
      vertex 28.019999999999996 9.26828426870566 2.045187617893802
      vertex 30.5 10.107902397982091 2.1297327178879613
      vertex 28.019999999999996 10.107902397982091 2.1297327178879613
    endloop
  endfacet
  facet normal 0 -0.10018806161207662 0.9949685182509117
    outer loop
      vertex 28.019999999999996 9.26828426870566 2.045187617893802
      vertex 30.5 9.26828426870566 2.045187617893802
      vertex 30.5 10.107902397982091 2.1297327178879613
    endloop
  endfacet
  facet normal 0 -0.10886687485197619 0.9940563382223183
    outer loop
      vertex 28.019999999999996 10.107902397982091 2.1297327178879613
      vertex 30.5 10.94675077135658 2.221601556073992
      vertex 28.019999999999996 10.94675077135658 2.221601556073992
    endloop
  endfacet
  facet normal 0 -0.10886687485197619 0.9940563382223183
    outer loop
      vertex 28.019999999999996 10.107902397982091 2.1297327178879613
      vertex 30.5 10.107902397982091 2.1297327178879613
      vertex 30.5 10.94675077135658 2.221601556073992
    endloop
  endfacet
  facet normal 0 -0.1175373974578271 0.9930684569549274
    outer loop
      vertex 28.019999999999996 10.94675077135658 2.221601556073992
      vertex 30.5 10.94675077135658 2.221601556073992
      vertex 30.5 11.784765507277761 2.320787136284153
    endloop
  endfacet
  facet normal 0 -0.1175373974578271 0.9930684569549274
    outer loop
      vertex 28.019999999999996 10.94675077135658 2.221601556073992
      vertex 30.5 11.784765507277761 2.320787136284153
      vertex 28.019999999999996 11.784765507277761 2.320787136284153
    endloop
  endfacet
  facet normal 0 -0.12619896913582873 0.9920049496797151
    outer loop
      vertex 28.019999999999996 11.784765507277761 2.320787136284153
      vertex 30.5 12.621882787678988 2.427281905152526
      vertex 28.019999999999996 12.621882787678988 2.427281905152526
    endloop
  endfacet
  facet normal 0 -0.12619896913582873 0.9920049496797151
    outer loop
      vertex 28.019999999999996 11.784765507277761 2.320787136284153
      vertex 30.5 11.784765507277761 2.320787136284153
      vertex 30.5 12.621882787678988 2.427281905152526
    endloop
  endfacet
  facet normal 0 -0.13485093027372203 0.9908658973868825
    outer loop
      vertex 28.019999999999996 12.621882787678988 2.427281905152526
      vertex 30.5 13.458038862838329 2.5410777526901427
      vertex 28.019999999999996 13.458038862838329 2.5410777526901427
    endloop
  endfacet
  facet normal 0 -0.13485093027372203 0.9908658973868825
    outer loop
      vertex 28.019999999999996 12.621882787678988 2.427281905152526
      vertex 30.5 12.621882787678988 2.427281905152526
      vertex 30.5 13.458038862838329 2.5410777526901427
    endloop
  endfacet
  facet normal 0 -0.1434926219911748 0.989651386819671
    outer loop
      vertex 28.019999999999996 13.458038862838329 2.5410777526901427
      vertex 30.392707669730978 14.293170056233349 2.662166012902631
      vertex 28.019999999999996 14.293170056233349 2.662166012902631
    endloop
  endfacet
  facet normal 0 -0.15212338618991508 0.9883615104677611
    outer loop
      vertex 28.019999999999996 14.293170056233349 2.662166012902631
      vertex 30.392707669730978 14.293170056233349 2.662166012902631
      vertex 30.340790388485317 14.464318395909485 2.688508261863736
    endloop
  endfacet
  facet normal 0 -0.14349262199117704 0.9896513868196706
    outer loop
      vertex 28.019999999999996 13.458038862838329 2.5410777526901427
      vertex 30.5 13.458038862838329 2.5410777526901427
      vertex 30.5 13.5 2.547161828025407
    endloop
  endfacet
  facet normal -5.465529469570566e-17 -0.14349262199117385 0.9896513868196709
    outer loop
      vertex 28.019999999999996 13.458038862838329 2.5410777526901427
      vertex 30.5 13.5 2.547161828025407
      vertex 30.49357676971581 13.696209387690429 2.575610835295997
    endloop
  endfacet
  facet normal 6.686294089561277e-17 -0.14349262199117516 0.9896513868196708
    outer loop
      vertex 28.019999999999996 13.458038862838329 2.5410777526901427
      vertex 30.49357676971581 13.696209387690429 2.575610835295997
      vertex 30.47433458412143 13.891578576660155 2.603938019549884
    endloop
  endfacet
  facet normal 2.807189038502819e-17 -0.14349262199117485 0.9896513868196709
    outer loop
      vertex 28.019999999999996 13.458038862838329 2.5410777526901427
      vertex 30.47433458412143 13.891578576660155 2.603938019549884
      vertex 30.44235584120969 14.085270966048384 2.632022079435223
    endloop
  endfacet
  facet normal -2.796717118492216e-16 -0.1434926219911737 0.989651386819671
    outer loop
      vertex 28.019999999999996 13.458038862838329 2.5410777526901427
      vertex 30.44235584120969 14.085270966048384 2.632022079435223
      vertex 30.397777478867205 14.276457135307563 2.6597427546960426
    endloop
  endfacet
  facet normal 4.068101828632541e-15 -0.14349262199118673 0.9896513868196692
    outer loop
      vertex 28.019999999999996 13.458038862838329 2.5410777526901427
      vertex 30.397777478867205 14.276457135307563 2.6597427546960426
      vertex 30.392707669730978 14.293170056233349 2.662166012902631
    endloop
  endfacet
  facet normal 0 -0.1607425656038247 0.9869963665602322
    outer loop
      vertex 28.019999999999996 15.127212769390326 2.7905374644501677
      vertex 29.214583759791605 15.96010348672753 2.9261823313497075
      vertex 28.019999999999996 15.96010348672753 2.9261823313497075
    endloop
  endfacet
  facet normal -2.1251001183617808e-16 -0.1693495038490367 0.9855560590580758
    outer loop
      vertex 28.019999999999996 15.96010348672753 2.9261823313497075
      vertex 28.085270966048384 16.44235584120969 3.0090484415125704
      vertex 28.019999999999996 16.45313212131783 3.0109001450994732
    endloop
  endfacet
  facet normal -1.0785449286019015e-15 -0.16934950384903652 0.9855560590580758
    outer loop
      vertex 28.019999999999996 15.96010348672753 2.9261823313497075
      vertex 28.276457135307563 16.397777478867205 3.0013884779055107
      vertex 28.085270966048384 16.44235584120969 3.0090484415125704
    endloop
  endfacet
  facet normal -6.714587358473568e-17 -0.16934950384903533 0.985556059058076
    outer loop
      vertex 28.019999999999996 15.96010348672753 2.9261823313497075
      vertex 29 16.098076211353316 2.949890381485798
      vertex 28.826866070657005 16.190618224598065 2.9657920076633766
    endloop
  endfacet
  facet normal -2.824824282533567e-16 -0.16934950384903694 0.9855560590580755
    outer loop
      vertex 28.019999999999996 15.96010348672753 2.9261823313497075
      vertex 28.464318395909483 16.340790388485317 2.991596304854293
      vertex 28.276457135307563 16.397777478867205 3.0013884779055107
    endloop
  endfacet
  facet normal 1.3926003147632164e-15 -0.16934950384903888 0.9855560590580753
    outer loop
      vertex 28.019999999999996 15.96010348672753 2.9261823313497075
      vertex 28.64805029709527 16.271638597533858 2.979713853947244
      vertex 28.464318395909483 16.340790388485317 2.991596304854293
    endloop
  endfacet
  facet normal 3.8494364551826533e-16 -0.16934950384903685 0.9855560590580756
    outer loop
      vertex 28.019999999999996 15.96010348672753 2.9261823313497075
      vertex 28.826866070657005 16.190618224598065 2.9657920076633766
      vertex 28.64805029709527 16.271638597533858 2.979713853947244
    endloop
  endfacet
  facet normal 0 -0.15212338618991386 0.9883615104677611
    outer loop
      vertex 28.019999999999996 14.293170056233349 2.662166012902631
      vertex 30.018970227915464 15.127212769390326 2.7905374644501677
      vertex 28.019999999999996 15.127212769390326 2.7905374644501677
    endloop
  endfacet
  facet normal -1.760549014697119e-16 -0.15212338618991272 0.9883615104677613
    outer loop
      vertex 28.019999999999996 14.293170056233349 2.662166012902631
      vertex 30.340790388485317 14.464318395909485 2.688508261863736
      vertex 30.271638597533858 14.648050297095269 2.7167873061845373
    endloop
  endfacet
  facet normal 1.430828364404391e-16 -0.15212338618991475 0.988361510467761
    outer loop
      vertex 28.019999999999996 14.293170056233349 2.662166012902631
      vertex 30.271638597533858 14.648050297095269 2.7167873061845373
      vertex 30.190618224598065 14.826866070657005 2.744309686093389
    endloop
  endfacet
  facet normal -1.9355177601415954e-16 -0.15212338618991342 0.9883615104677612
    outer loop
      vertex 28.019999999999996 14.293170056233349 2.662166012902631
      vertex 30.190618224598065 14.826866070657005 2.744309686093389
      vertex 30.098076211353316 15 2.770957546534208
    endloop
  endfacet
  facet normal -1.7130761531320929e-16 -0.15212338618991358 0.9883615104677612
    outer loop
      vertex 28.019999999999996 14.293170056233349 2.662166012902631
      vertex 30.098076211353316 15 2.770957546534208
      vertex 30.018970227915464 15.127212769390326 2.7905374644501677
    endloop
  endfacet
  facet normal 0 -0.1607425656038235 0.9869963665602323
    outer loop
      vertex 28.019999999999996 15.127212769390326 2.7905374644501677
      vertex 30.018970227915464 15.127212769390326 2.7905374644501677
      vertex 29.994408836907635 15.166710699058807 2.7969701107759875
    endloop
  endfacet
  facet normal 3.951192443255133e-17 -0.1607425656038254 0.986996366560232
    outer loop
      vertex 28.019999999999996 15.127212769390326 2.7905374644501677
      vertex 29.994408836907635 15.166710699058807 2.7969701107759875
      vertex 29.880060020873707 15.326284287026162 2.822958319853062
    endloop
  endfacet
  facet normal -1.282469095864926e-16 -0.1607425656038239 0.9869963665602324
    outer loop
      vertex 28.019999999999996 15.127212769390326 2.7905374644501677
      vertex 29.880060020873707 15.326284287026162 2.822958319853062
      vertex 29.755519422436933 15.478037445300206 2.8476728910773366
    endloop
  endfacet
  facet normal 1.968335343048145e-16 -0.16074256560382552 0.986996366560232
    outer loop
      vertex 28.019999999999996 15.127212769390326 2.7905374644501677
      vertex 29.755519422436933 15.478037445300206 2.8476728910773366
      vertex 29.621320343559642 15.621320343559642 2.871007992860579
    endloop
  endfacet
  facet normal 7.260594472536241e-16 -0.16074256560382572 0.9869963665602322
    outer loop
      vertex 28.019999999999996 15.127212769390326 2.7905374644501677
      vertex 29.326284287026162 15.880060020873707 2.91314642514267
      vertex 29.214583759791605 15.96010348672753 2.9261823313497075
    endloop
  endfacet
  facet normal -9.892181183157676e-16 -0.16074256560382283 0.9869963665602326
    outer loop
      vertex 28.019999999999996 15.127212769390326 2.7905374644501677
      vertex 29.478037445300206 15.755519422436933 2.892863700714484
      vertex 29.326284287026162 15.880060020873707 2.91314642514267
    endloop
  endfacet
  facet normal 1.917769336690107e-16 -0.16074256560382552 0.986996366560232
    outer loop
      vertex 28.019999999999996 15.127212769390326 2.7905374644501677
      vertex 29.621320343559642 15.621320343559642 2.871007992860579
      vertex 29.478037445300206 15.755519422436933 2.892863700714484
    endloop
  endfacet
  facet normal 0 -0.1693495038490359 0.9855560590580759
    outer loop
      vertex 28.019999999999996 15.96010348672753 2.9261823313497075
      vertex 29.214583759791605 15.96010348672753 2.9261823313497075
      vertex 29.166710699058807 15.994408836907635 2.9320770686190625
    endloop
  endfacet
  facet normal -2.5728253522269015e-18 -0.1693495038490358 0.985556059058076
    outer loop
      vertex 28.019999999999996 15.96010348672753 2.9261823313497075
      vertex 29.166710699058807 15.994408836907635 2.9320770686190625
      vertex 29 16.098076211353316 2.949890381485798
    endloop
  endfacet
  facet normal 0.2902846772544668 -2.619898244052322e-17 0.9569403357322075
    outer loop
      vertex -0.3535834118334778 -16.5 4.4583768575553835
      vertex -0.2847009496127728 -16.5 4.437481591082024
      vertex -0.3191421807231253 0 4.447929224318704
    endloop
  endfacet
  facet normal 0.032719082821770426 -1.8195042952103026e-17 -0.9994645874763659
    outer loop
      vertex -0.035971721076578686 0 6.598822407781231
      vertex -0.002055526918661639 -16.5 6.59993270901607
      vertex -0.07194344215315737 -16.5 6.597644815562464
    endloop
  endfacet
  facet normal 0.4127070298043903 0 0.9108638249211778
    outer loop
      vertex -0.48651755924090145 -16.5 4.513439984314043
      vertex -0.4209517756015988 -16.5 4.483732514237585
      vertex -0.4209517756015988 16.5 4.483732514237585
    endloop
  endfacet
  facet normal 0.35225004792119613 0 0.9359059267573397
    outer loop
      vertex -0.4190269652082239 -16.5 4.483008066903808
      vertex -0.4209517756015988 16.5 4.483732514237585
      vertex -0.4209517756015988 -16.5 4.483732514237585
    endloop
  endfacet
  facet normal 0.3522500479212409 0 0.935905926757323
    outer loop
      vertex -0.3535834118334778 16.5 4.4583768575553835
      vertex -0.4190269652082239 -16.5 4.483008066903808
      vertex -0.3535834118334778 -16.5 4.4583768575553835
    endloop
  endfacet
  facet normal 0.2270762630343713 0 0.9738769792773341
    outer loop
      vertex -0.2847009496127728 -16.5 4.437481591082024
      vertex -0.2145993542177411 -16.5 4.421136191556446
      vertex -0.2145993542177411 16.5 4.421136191556446
    endloop
  endfacet
  facet normal 0.09801714032945437 0 0.9951847266722073
    outer loop
      vertex -0.14153208660523106 -16.5 4.409209067687344
      vertex -0.14357881144205675 16.5 4.409410652488809
      vertex -0.14357881144205675 -16.5 4.409410652488809
    endloop
  endfacet
  facet normal 0.16289547339457522 0 0.9866433320848812
    outer loop
      vertex -0.2145993542177411 -16.5 4.421136191556446
      vertex -0.14357881144205675 -16.5 4.409410652488809
      vertex -0.14357881144205675 16.5 4.409410652488809
    endloop
  endfacet
  facet normal 0.09801714032956736 0 0.9951847266721962
    outer loop
      vertex -0.07194344215315737 16.5 4.402355184437536
      vertex -0.14153208660523106 -16.5 4.409209067687344
      vertex -0.07194344215315737 -16.5 4.402355184437536
    endloop
  endfacet
  facet normal 0.03271908282177441 0 0.9994645874763656
    outer loop
      vertex -0.07194344215315737 -16.5 4.402355184437536
      vertex 0 -16.5 4.4
      vertex 0 16.5 4.4
    endloop
  endfacet
  facet normal 0.8819212643483535 0 0.4713967368260005
    outer loop
      vertex -0.9526279441628825 16.5 4.95
      vertex -0.9865600156859572 -16.5 5.013482440759098
      vertex -0.9526279441628825 -16.5 4.95
    endloop
  endfacet
  facet normal 0.9108638249211982 0 0.4127070298043454
    outer loop
      vertex -0.9865600156859572 16.5 5.013482440759098
      vertex -0.9874088005452846 -16.5 5.015355748863079
      vertex -0.9865600156859572 -16.5 5.013482440759098
    endloop
  endfacet
  facet normal 0.9108638249211765 0 0.41270702980439317
    outer loop
      vertex -0.9874088005452846 -16.5 5.015355748863079
      vertex -1.0162674857624154 16.5 5.079048224398401
      vertex -1.0162674857624154 -16.5 5.079048224398401
    endloop
  endfacet
  facet normal 0.4713967368259979 0 0.8819212643483549
    outer loop
      vertex -0.55 -16.5 4.547372055837117
      vertex -0.48651755924090145 -16.5 4.513439984314043
      vertex -0.48651755924090145 16.5 4.513439984314043
    endloop
  endfacet
  facet normal 0.5280678506503739 0 0.8492021815265752
    outer loop
      vertex -0.55 16.5 4.547372055837117
      vertex -0.6093807632838034 -16.5 4.584297387306341
      vertex -0.55 -16.5 4.547372055837117
    endloop
  endfacet
  facet normal 0.5280678506503068 0 0.849202181526617
    outer loop
      vertex -0.6093807632838034 -16.5 4.584297387306341
      vertex -0.6111272563215624 16.5 4.5853834264672
      vertex -0.6111272563215624 -16.5 4.5853834264672
    endloop
  endfacet
  facet normal 0.5824776968677988 0 0.8128466845916175
    outer loop
      vertex -0.6696375719095927 -16.5 4.627311325679641
      vertex -0.6111272563215624 -16.5 4.5853834264672
      vertex -0.6111272563215624 16.5 4.5853834264672
    endloop
  endfacet
  facet normal 0.6835923020228712 0 0.7298640726978356
    outer loop
      vertex -0.7252803966100758 16.5 4.672976211773125
      vertex -0.776316400371056 -16.5 4.72077664558275
      vertex -0.7252803966100758 -16.5 4.672976211773125
    endloop
  endfacet
  facet normal 0.6835923020228561 0 0.7298640726978499
    outer loop
      vertex -0.776316400371056 -16.5 4.72077664558275
      vertex -0.7778174593052024 16.5 4.7221825406947975
      vertex -0.7778174593052024 -16.5 4.7221825406947975
    endloop
  endfacet
  facet normal 0.729864072697836 0 0.6835923020228708
    outer loop
      vertex -0.7778174593052024 16.5 4.7221825406947975
      vertex -0.8270237882268752 -16.5 4.774719603389924
      vertex -0.7778174593052024 -16.5 4.7221825406947975
    endloop
  endfacet
  facet normal 0.7730104533627592 0 0.6343932841636183
    outer loop
      vertex -0.8270237882268752 16.5 4.774719603389924
      vertex -0.8283284992581176 -16.5 4.7763093983813665
      vertex -0.8270237882268752 -16.5 4.774719603389924
    endloop
  endfacet
  facet normal 0.634393284163644 0 0.7730104533627382
    outer loop
      vertex -0.7252803966100758 -16.5 4.672976211773125
      vertex -0.6696375719095927 -16.5 4.627311325679641
      vertex -0.6696375719095927 16.5 4.627311325679641
    endloop
  endfacet
  facet normal 0.7730104533627391 0 0.6343932841636428
    outer loop
      vertex -0.8283284992581176 -16.5 4.7763093983813665
      vertex -0.8726886743203588 16.5 4.830362428090408
      vertex -0.8726886743203588 -16.5 4.830362428090408
    endloop
  endfacet
  facet normal 0.8128466845916124 0 0.582477696867806
    outer loop
      vertex -0.8726886743203588 16.5 4.830362428090408
      vertex -0.9146165735327998 -16.5 4.888872743678437
      vertex -0.8726886743203588 -16.5 4.830362428090408
    endloop
  endfacet
  facet normal 0.8492021815265776 0 0.5280678506503699
    outer loop
      vertex -0.9146165735327998 16.5 4.888872743678437
      vertex -0.9157026126936593 -16.5 4.890619236716196
      vertex -0.9146165735327998 -16.5 4.888872743678437
    endloop
  endfacet
  facet normal 0.8492021815265811 0 0.5280678506503643
    outer loop
      vertex -0.9157026126936593 -16.5 4.890619236716196
      vertex -0.9526279441628825 16.5 4.95
      vertex -0.9526279441628825 -16.5 4.95
    endloop
  endfacet
  facet normal 0.9359059267573246 0 0.352250047921236
    outer loop
      vertex -1.0162674857624154 16.5 5.079048224398401
      vertex -1.0416231424446163 -16.5 5.146416588166522
      vertex -1.0162674857624154 -16.5 5.079048224398401
    endloop
  endfacet
  facet normal 0.956940335732208 0 0.2902846772544651
    outer loop
      vertex -1.0416231424446163 16.5 5.146416588166522
      vertex -1.0625184089179753 -16.5 5.215299050387227
      vertex -1.0416231424446163 -16.5 5.146416588166522
    endloop
  endfacet
  facet normal 0.9738769792773442 0 0.22707626303432793
    outer loop
      vertex -1.0625184089179753 16.5 5.215299050387227
      vertex -1.0629854203329918 -16.5 5.217301953112799
      vertex -1.0625184089179753 -16.5 5.215299050387227
    endloop
  endfacet
  facet normal 0.9738769792773341 0 0.22707626303437128
    outer loop
      vertex -1.0629854203329918 -16.5 5.217301953112799
      vertex -1.0788638084435536 16.5 5.285400645782259
      vertex -1.0788638084435536 -16.5 5.285400645782259
    endloop
  endfacet
  facet normal 0.9866433320848678 0 0.1628954733946572
    outer loop
      vertex -1.0788638084435536 16.5 5.285400645782259
      vertex -1.0791988238454862 -16.5 5.287429804147278
      vertex -1.0788638084435536 -16.5 5.285400645782259
    endloop
  endfacet
  facet normal 0.9866433320848796 0 0.16289547339458435
    outer loop
      vertex -1.0791988238454862 -16.5 5.287429804147278
      vertex -1.0905893475111914 16.5 5.356421188557944
      vertex -1.0905893475111914 -16.5 5.356421188557944
    endloop
  endfacet
  facet normal 0.9951847266721968 0 0.09801714032956202
    outer loop
      vertex -1.0905893475111914 16.5 5.356421188557944
      vertex -1.0976448155624638 -16.5 5.428056557846842
      vertex -1.0905893475111914 -16.5 5.356421188557944
    endloop
  endfacet
  facet normal 0.999464587476365 0 0.03271908282179714
    outer loop
      vertex -1.0976448155624638 16.5 5.428056557846842
      vertex -1.0977121065463935 -16.5 5.430112084765504
      vertex -1.0976448155624638 -16.5 5.428056557846842
    endloop
  endfacet
  facet normal 0.9994645874763657 0 0.03271908282177675
    outer loop
      vertex -1.0977121065463935 -16.5 5.430112084765504
      vertex -1.1 16.5 5.5
      vertex -1.1 -16.5 5.5
    endloop
  endfacet
  facet normal 0.9994645874763656 0 -0.03271908282177732
    outer loop
      vertex -1.0976448155624638 16.5 5.571943442153158
      vertex -1.0976448155624638 -16.5 5.571943442153158
      vertex -1.1 -16.5 5.5
    endloop
  endfacet
  facet normal 0.9951847266721968 0 -0.09801714032956202
    outer loop
      vertex -1.0976448155624638 -16.5 5.571943442153158
      vertex -1.0976448155624638 16.5 5.571943442153158
      vertex -1.0905893475111914 -16.5 5.643578811442056
    endloop
  endfacet
  facet normal 0.9866433320848794 0 -0.16289547339458643
    outer loop
      vertex -1.0788638084435536 16.5 5.714599354217741
      vertex -1.0788638084435536 -16.5 5.714599354217741
      vertex -1.0905893475111914 -16.5 5.643578811442056
    endloop
  endfacet
  facet normal 0.9738769792773344 0 -0.22707626303437004
    outer loop
      vertex -1.0625184089179753 16.5 5.784700949612773
      vertex -1.0625184089179753 -16.5 5.784700949612773
      vertex -1.0788638084435536 -16.5 5.714599354217741
    endloop
  endfacet
  facet normal 0.956940335732208 0 -0.2902846772544651
    outer loop
      vertex -1.0625184089179753 -16.5 5.784700949612773
      vertex -1.0625184089179753 16.5 5.784700949612773
      vertex -1.0416231424446163 -16.5 5.853583411833478
    endloop
  endfacet
  facet normal 0.9359059267573246 0 -0.352250047921236
    outer loop
      vertex -1.0416231424446163 16.5 5.853583411833478
      vertex -1.0162674857624154 -16.5 5.920951775601599
      vertex -1.0416231424446163 -16.5 5.853583411833478
    endloop
  endfacet
  facet normal 0.9108638249211771 0 -0.41270702980439183
    outer loop
      vertex -0.9865600156859572 16.5 5.986517559240902
      vertex -0.9865600156859572 -16.5 5.986517559240902
      vertex -1.0162674857624154 -16.5 5.920951775601599
    endloop
  endfacet
  facet normal 0.8819212643483535 0 -0.4713967368260005
    outer loop
      vertex -0.9865600156859572 16.5 5.986517559240902
      vertex -0.9526279441628825 -16.5 6.05
      vertex -0.9865600156859572 -16.5 5.986517559240902
    endloop
  endfacet
  facet normal 0.8492021815265811 0 -0.5280678506503644
    outer loop
      vertex -0.9146165735327998 16.5 6.111127256321563
      vertex -0.9146165735327998 -16.5 6.111127256321563
      vertex -0.9526279441628825 -16.5 6.05
    endloop
  endfacet
  facet normal 0.8128466845916124 0 -0.582477696867806
    outer loop
      vertex -0.9146165735327998 -16.5 6.111127256321563
      vertex -0.9146165735327998 16.5 6.111127256321563
      vertex -0.8726886743203588 -16.5 6.169637571909592
    endloop
  endfacet
  facet normal 0.7730104533627398 0 -0.6343932841636422
    outer loop
      vertex -0.8270237882268752 16.5 6.225280396610076
      vertex -0.8270237882268752 -16.5 6.225280396610076
      vertex -0.8726886743203588 -16.5 6.169637571909592
    endloop
  endfacet
  facet normal 0.729864072697836 0 -0.6835923020228708
    outer loop
      vertex -0.8270237882268752 16.5 6.225280396610076
      vertex -0.7778174593052024 -16.5 6.2778174593052025
      vertex -0.8270237882268752 -16.5 6.225280396610076
    endloop
  endfacet
  facet normal 0.6835923020228708 0 -0.7298640726978359
    outer loop
      vertex -0.7252803966100758 -16.5 6.327023788226875
      vertex -0.7778174593052024 -16.5 6.2778174593052025
      vertex -0.7778174593052024 16.5 6.2778174593052025
    endloop
  endfacet
  facet normal 0.634393284163644 0 -0.7730104533627382
    outer loop
      vertex -0.6696375719095927 -16.5 6.372688674320359
      vertex -0.7252803966100758 -16.5 6.327023788226875
      vertex -0.7252803966100758 16.5 6.327023788226875
    endloop
  endfacet
  facet normal 0.5824776968677988 0 -0.8128466845916175
    outer loop
      vertex -0.6111272563215624 -16.5 6.4146165735328
      vertex -0.6696375719095927 -16.5 6.372688674320359
      vertex -0.6696375719095927 16.5 6.372688674320359
    endloop
  endfacet
  facet normal 0.528067850650372 0 -0.8492021815265763
    outer loop
      vertex -0.55 -16.5 6.452627944162883
      vertex -0.6111272563215624 -16.5 6.4146165735328
      vertex -0.6111272563215624 16.5 6.4146165735328
    endloop
  endfacet
  facet normal 0.4713967368259979 0 -0.8819212643483549
    outer loop
      vertex -0.48651755924090145 -16.5 6.486560015685957
      vertex -0.55 -16.5 6.452627944162883
      vertex -0.55 16.5 6.452627944162883
    endloop
  endfacet
  facet normal 0.4127070298043903 0 -0.9108638249211778
    outer loop
      vertex -0.4209517756015988 -16.5 6.516267485762415
      vertex -0.48651755924090145 -16.5 6.486560015685957
      vertex -0.48651755924090145 16.5 6.486560015685957
    endloop
  endfacet
  facet normal 0.3522500479212397 0 -0.9359059267573234
    outer loop
      vertex -0.3535834118334778 -16.5 6.5416231424446165
      vertex -0.4209517756015988 -16.5 6.516267485762415
      vertex -0.4209517756015988 16.5 6.516267485762415
    endloop
  endfacet
  facet normal 0.2902846772544668 0 -0.9569403357322075
    outer loop
      vertex -0.2847009496127728 -16.5 6.562518408917976
      vertex -0.3535834118334778 -16.5 6.5416231424446165
      vertex -0.3535834118334778 16.5 6.5416231424446165
    endloop
  endfacet
  facet normal 0.2270762630343713 0 -0.9738769792773341
    outer loop
      vertex -0.2145993542177411 -16.5 6.578863808443554
      vertex -0.2847009496127728 -16.5 6.562518408917976
      vertex -0.2847009496127728 16.5 6.562518408917976
    endloop
  endfacet
  facet normal 0.16289547339457522 0 -0.9866433320848812
    outer loop
      vertex -0.14357881144205675 -16.5 6.590589347511191
      vertex -0.2145993542177411 -16.5 6.578863808443554
      vertex -0.2145993542177411 16.5 6.578863808443554
    endloop
  endfacet
  facet normal 0.09801714032956413 0 -0.9951847266721967
    outer loop
      vertex -0.07194344215315737 -16.5 6.597644815562464
      vertex -0.14357881144205675 -16.5 6.590589347511191
      vertex -0.14357881144205675 16.5 6.590589347511191
    endloop
  endfacet
  facet normal 0.2902846772544553 0 0.9569403357322109
    outer loop
      vertex -0.3191421807231253 0 4.447929224318704
      vertex -0.3535834118334778 16.5 4.4583768575553835
      vertex -0.3535834118334778 -16.5 4.4583768575553835
    endloop
  endfacet
  facet normal 0.29028467725447843 0 0.956940335732204
    outer loop
      vertex -0.2847009496127728 16.5 4.437481591082024
      vertex -0.3191421807231253 0 4.447929224318704
      vertex -0.2847009496127728 -16.5 4.437481591082024
    endloop
  endfacet
  facet normal 0.3522500479212409 2.983564176781249e-18 0.935905926757323
    outer loop
      vertex -0.4190269652082239 -16.5 4.483008066903808
      vertex -0.3555082222268527 16.5 4.459101304889161
      vertex -0.4209517756015988 16.5 4.483732514237585
    endloop
  endfacet
  facet normal 0.2270762630343713 0 0.9738769792773341
    outer loop
      vertex -0.2847009496127728 -16.5 4.437481591082024
      vertex -0.2145993542177411 16.5 4.421136191556446
      vertex -0.2847009496127728 16.5 4.437481591082024
    endloop
  endfacet
  facet normal 0.16289547339457522 0 0.9866433320848812
    outer loop
      vertex -0.2145993542177411 -16.5 4.421136191556446
      vertex -0.14357881144205675 16.5 4.409410652488809
      vertex -0.2145993542177411 16.5 4.421136191556446
    endloop
  endfacet
  facet normal 0.09801714032956736 7.075686893655939e-18 0.9951847266721962
    outer loop
      vertex -0.14153208660523106 -16.5 4.409209067687344
      vertex -0.07399016698998306 16.5 4.402556769239001
      vertex -0.14357881144205675 16.5 4.409410652488809
    endloop
  endfacet
  facet normal 0.03271908282177441 0 0.9994645874763656
    outer loop
      vertex -0.07194344215315737 -16.5 4.402355184437536
      vertex 0 16.5 4.4
      vertex -0.07194344215315737 16.5 4.402355184437536
    endloop
  endfacet
  facet normal 0.032719082821762085 0 -0.9994645874763661
    outer loop
      vertex -0.035971721076578686 0 6.598822407781231
      vertex -0.07194344215315737 -16.5 6.597644815562464
      vertex -0.07194344215315737 16.5 6.597644815562464
    endloop
  endfacet
  facet normal 0.03271908282178673 0 -0.9994645874763652
    outer loop
      vertex -0.035971721076578686 0 6.598822407781231
      vertex 0 16.5 6.6
      vertex 0 -16.5 6.6
    endloop
  endfacet
  facet normal 0.8819212643483535 0 0.4713967368260005
    outer loop
      vertex -0.9865600156859572 -16.5 5.013482440759098
      vertex -0.9526279441628825 16.5 4.95
      vertex -0.9865600156859572 16.5 5.013482440759098
    endloop
  endfacet
  facet normal 0.9108638249211779 6.389995717199909e-18 0.4127070298043902
    outer loop
      vertex -0.9874088005452846 -16.5 5.015355748863079
      vertex -1.015418700903088 16.5 5.077174916294421
      vertex -1.0162674857624154 16.5 5.079048224398401
    endloop
  endfacet
  facet normal 0.4713967368259979 0 0.8819212643483549
    outer loop
      vertex -0.55 -16.5 4.547372055837117
      vertex -0.48651755924090145 16.5 4.513439984314043
      vertex -0.55 16.5 4.547372055837117
    endloop
  endfacet
  facet normal 0.5824776968677988 0 0.8128466845916175
    outer loop
      vertex -0.6696375719095927 -16.5 4.627311325679641
      vertex -0.6111272563215624 16.5 4.5853834264672
      vertex -0.6696375719095927 16.5 4.627311325679641
    endloop
  endfacet
  facet normal 0.5280678506503739 4.921706260123404e-18 0.8492021815265752
    outer loop
      vertex -0.6093807632838034 -16.5 4.584297387306341
      vertex -0.551746493037759 16.5 4.548458094997977
      vertex -0.6111272563215624 16.5 4.5853834264672
    endloop
  endfacet
  facet normal 0.6835923020228712 1.29796788005641e-18 0.7298640726978355
    outer loop
      vertex -0.776316400371056 -16.5 4.72077664558275
      vertex -0.7267814555442222 16.5 4.674382106885172
      vertex -0.7778174593052024 16.5 4.7221825406947975
    endloop
  endfacet
  facet normal 0.729864072697836 0 0.6835923020228708
    outer loop
      vertex -0.8270237882268752 -16.5 4.774719603389924
      vertex -0.7778174593052024 16.5 4.7221825406947975
      vertex -0.8270237882268752 16.5 4.774719603389924
    endloop
  endfacet
  facet normal 0.634393284163644 0 0.7730104533627382
    outer loop
      vertex -0.7252803966100758 -16.5 4.672976211773125
      vertex -0.6696375719095927 16.5 4.627311325679641
      vertex -0.7252803966100758 16.5 4.672976211773125
    endloop
  endfacet
  facet normal 0.4127070298043903 0 0.9108638249211778
    outer loop
      vertex -0.48651755924090145 -16.5 4.513439984314043
      vertex -0.4209517756015988 16.5 4.483732514237585
      vertex -0.48651755924090145 16.5 4.513439984314043
    endloop
  endfacet
  facet normal 0.7730104533627584 7.028995288920442e-17 0.6343932841636193
    outer loop
      vertex -0.8283284992581176 -16.5 4.7763093983813665
      vertex -0.8713839632891164 16.5 4.828772633098965
      vertex -0.8726886743203588 16.5 4.830362428090408
    endloop
  endfacet
  facet normal 0.8128466845916124 0 0.582477696867806
    outer loop
      vertex -0.9146165735327998 -16.5 4.888872743678437
      vertex -0.8726886743203588 16.5 4.830362428090408
      vertex -0.9146165735327998 16.5 4.888872743678437
    endloop
  endfacet
  facet normal 0.8492021815265784 -1.2779991434402037e-17 0.5280678506503688
    outer loop
      vertex -0.9157026126936593 -16.5 4.890619236716196
      vertex -0.9515419050020231 16.5 4.948253506962241
      vertex -0.9526279441628825 16.5 4.95
    endloop
  endfacet
  facet normal 0.9359059267573246 0 0.352250047921236
    outer loop
      vertex -1.0416231424446163 -16.5 5.146416588166522
      vertex -1.0162674857624154 16.5 5.079048224398401
      vertex -1.0416231424446163 16.5 5.146416588166522
    endloop
  endfacet
  facet normal 0.956940335732208 0 0.2902846772544651
    outer loop
      vertex -1.0625184089179753 -16.5 5.215299050387227
      vertex -1.0416231424446163 16.5 5.146416588166522
      vertex -1.0625184089179753 16.5 5.215299050387227
    endloop
  endfacet
  facet normal 0.9738769792773442 9.584993575800162e-17 0.22707626303432793
    outer loop
      vertex -1.0629854203329918 -16.5 5.217301953112799
      vertex -1.078396797028537 16.5 5.283397743056686
      vertex -1.0788638084435536 16.5 5.285400645782259
    endloop
  endfacet
  facet normal 0.9866433320848678 -1.5655489507144842e-16 0.1628954733946572
    outer loop
      vertex -1.0791988238454862 -16.5 5.287429804147278
      vertex -1.0902543321092588 16.5 5.354392030192924
      vertex -1.0905893475111914 16.5 5.356421188557944
    endloop
  endfacet
  facet normal 0.9951847266721968 0 0.09801714032956202
    outer loop
      vertex -1.0976448155624638 -16.5 5.428056557846842
      vertex -1.0905893475111914 16.5 5.356421188557944
      vertex -1.0976448155624638 16.5 5.428056557846842
    endloop
  endfacet
  facet normal 0.999464587476365 -4.313247109109879e-17 0.03271908282179714
    outer loop
      vertex -1.0977121065463935 -16.5 5.430112084765504
      vertex -1.0999327090160704 16.5 5.497944473081338
      vertex -1.1 16.5 5.5
    endloop
  endfacet
  facet normal 0.9994645874763656 0 -0.03271908282177732
    outer loop
      vertex -1.0976448155624638 16.5 5.571943442153158
      vertex -1.1 -16.5 5.5
      vertex -1.1 16.5 5.5
    endloop
  endfacet
  facet normal 0.9951847266721968 0 -0.09801714032956202
    outer loop
      vertex -1.0905893475111914 -16.5 5.643578811442056
      vertex -1.0976448155624638 16.5 5.571943442153158
      vertex -1.0905893475111914 16.5 5.643578811442056
    endloop
  endfacet
  facet normal 0.9866433320848794 0 -0.16289547339458643
    outer loop
      vertex -1.0788638084435536 16.5 5.714599354217741
      vertex -1.0905893475111914 -16.5 5.643578811442056
      vertex -1.0905893475111914 16.5 5.643578811442056
    endloop
  endfacet
  facet normal 0.9738769792773344 0 -0.22707626303437004
    outer loop
      vertex -1.0625184089179753 16.5 5.784700949612773
      vertex -1.0788638084435536 -16.5 5.714599354217741
      vertex -1.0788638084435536 16.5 5.714599354217741
    endloop
  endfacet
  facet normal 0.956940335732208 0 -0.2902846772544651
    outer loop
      vertex -1.0416231424446163 -16.5 5.853583411833478
      vertex -1.0625184089179753 16.5 5.784700949612773
      vertex -1.0416231424446163 16.5 5.853583411833478
    endloop
  endfacet
  facet normal 0.9359059267573246 0 -0.352250047921236
    outer loop
      vertex -1.0162674857624154 -16.5 5.920951775601599
      vertex -1.0416231424446163 16.5 5.853583411833478
      vertex -1.0162674857624154 16.5 5.920951775601599
    endloop
  endfacet
  facet normal 0.9108638249211771 0 -0.41270702980439183
    outer loop
      vertex -0.9865600156859572 16.5 5.986517559240902
      vertex -1.0162674857624154 -16.5 5.920951775601599
      vertex -1.0162674857624154 16.5 5.920951775601599
    endloop
  endfacet
  facet normal 0.8819212643483535 0 -0.4713967368260005
    outer loop
      vertex -0.9526279441628825 -16.5 6.05
      vertex -0.9865600156859572 16.5 5.986517559240902
      vertex -0.9526279441628825 16.5 6.05
    endloop
  endfacet
  facet normal 0.8492021815265811 0 -0.5280678506503644
    outer loop
      vertex -0.9146165735327998 16.5 6.111127256321563
      vertex -0.9526279441628825 -16.5 6.05
      vertex -0.9526279441628825 16.5 6.05
    endloop
  endfacet
  facet normal 0.8128466845916124 0 -0.582477696867806
    outer loop
      vertex -0.8726886743203588 -16.5 6.169637571909592
      vertex -0.9146165735327998 16.5 6.111127256321563
      vertex -0.8726886743203588 16.5 6.169637571909592
    endloop
  endfacet
  facet normal 0.7730104533627398 0 -0.6343932841636422
    outer loop
      vertex -0.8270237882268752 16.5 6.225280396610076
      vertex -0.8726886743203588 -16.5 6.169637571909592
      vertex -0.8726886743203588 16.5 6.169637571909592
    endloop
  endfacet
  facet normal 0.729864072697836 0 -0.6835923020228708
    outer loop
      vertex -0.7778174593052024 -16.5 6.2778174593052025
      vertex -0.8270237882268752 16.5 6.225280396610076
      vertex -0.7778174593052024 16.5 6.2778174593052025
    endloop
  endfacet
  facet normal 0.6835923020228708 0 -0.7298640726978359
    outer loop
      vertex -0.7252803966100758 -16.5 6.327023788226875
      vertex -0.7778174593052024 16.5 6.2778174593052025
      vertex -0.7252803966100758 16.5 6.327023788226875
    endloop
  endfacet
  facet normal 0.634393284163644 0 -0.7730104533627382
    outer loop
      vertex -0.6696375719095927 -16.5 6.372688674320359
      vertex -0.7252803966100758 16.5 6.327023788226875
      vertex -0.6696375719095927 16.5 6.372688674320359
    endloop
  endfacet
  facet normal 0.5824776968677988 0 -0.8128466845916175
    outer loop
      vertex -0.6111272563215624 -16.5 6.4146165735328
      vertex -0.6696375719095927 16.5 6.372688674320359
      vertex -0.6111272563215624 16.5 6.4146165735328
    endloop
  endfacet
  facet normal 0.528067850650372 0 -0.8492021815265763
    outer loop
      vertex -0.55 -16.5 6.452627944162883
      vertex -0.6111272563215624 16.5 6.4146165735328
      vertex -0.55 16.5 6.452627944162883
    endloop
  endfacet
  facet normal 0.4713967368259979 0 -0.8819212643483549
    outer loop
      vertex -0.48651755924090145 -16.5 6.486560015685957
      vertex -0.55 16.5 6.452627944162883
      vertex -0.48651755924090145 16.5 6.486560015685957
    endloop
  endfacet
  facet normal 0.4127070298043903 0 -0.9108638249211778
    outer loop
      vertex -0.4209517756015988 -16.5 6.516267485762415
      vertex -0.48651755924090145 16.5 6.486560015685957
      vertex -0.4209517756015988 16.5 6.516267485762415
    endloop
  endfacet
  facet normal 0.3522500479212397 0 -0.9359059267573234
    outer loop
      vertex -0.3535834118334778 -16.5 6.5416231424446165
      vertex -0.4209517756015988 16.5 6.516267485762415
      vertex -0.3535834118334778 16.5 6.5416231424446165
    endloop
  endfacet
  facet normal 0.2902846772544668 0 -0.9569403357322075
    outer loop
      vertex -0.2847009496127728 -16.5 6.562518408917976
      vertex -0.3535834118334778 16.5 6.5416231424446165
      vertex -0.2847009496127728 16.5 6.562518408917976
    endloop
  endfacet
  facet normal 0.2270762630343713 0 -0.9738769792773341
    outer loop
      vertex -0.2145993542177411 -16.5 6.578863808443554
      vertex -0.2847009496127728 16.5 6.562518408917976
      vertex -0.2145993542177411 16.5 6.578863808443554
    endloop
  endfacet
  facet normal 0.16289547339457522 0 -0.9866433320848812
    outer loop
      vertex -0.14357881144205675 -16.5 6.590589347511191
      vertex -0.2145993542177411 16.5 6.578863808443554
      vertex -0.14357881144205675 16.5 6.590589347511191
    endloop
  endfacet
  facet normal 0.09801714032956413 0 -0.9951847266721967
    outer loop
      vertex -0.07194344215315737 -16.5 6.597644815562464
      vertex -0.14357881144205675 16.5 6.590589347511191
      vertex -0.07194344215315737 16.5 6.597644815562464
    endloop
  endfacet
  facet normal 0.2902846772544626 1.6585797707146184e-17 0.9569403357322088
    outer loop
      vertex -0.3191421807231253 0 4.447929224318704
      vertex -0.28666901996193583 16.5 4.438078598695549
      vertex -0.3535834118334778 16.5 4.4583768575553835
    endloop
  endfacet
  facet normal 0.03271908282177441 2.6900740898751595e-17 -0.9994645874763656
    outer loop
      vertex -0.035971721076578686 0 6.598822407781231
      vertex -0.07194344215315737 16.5 6.597644815562464
      vertex 0 16.5 6.6
    endloop
  endfacet
  facet normal -0.9994645874763656 6.720906209698668e-18 -0.03271908282177732
    outer loop
      vertex 1.0976448155624638 -16.5 5.571943442153158
      vertex 1.098822407781232 0 5.535971721076579
      vertex 1.1 -16.5 5.5
    endloop
  endfacet
  facet normal -0.8492021815265811 1.1319420984755632e-17 -0.5280678506503644
    outer loop
      vertex 0.9146165735327998 -16.5 6.111127256321563
      vertex 0.9336222588478411 0 6.080563628160782
      vertex 0.9526279441628825 -16.5 6.05
    endloop
  endfacet
  facet normal -0.9866433320848794 0 -0.16289547339458643
    outer loop
      vertex 1.0788638084435536 -16.5 5.714599354217741
      vertex 1.0847265779773725 0 5.679089082829899
      vertex 1.0905893475111914 -16.5 5.643578811442056
    endloop
  endfacet
  facet normal -0.9738769792773344 0 -0.22707626303437004
    outer loop
      vertex 1.0625184089179753 -16.5 5.784700949612773
      vertex 1.0706911086807644 0 5.749650151915257
      vertex 1.0788638084435536 -16.5 5.714599354217741
    endloop
  endfacet
  facet normal -0.9108638249211771 -1.424056188404743e-17 -0.41270702980439183
    outer loop
      vertex 0.9865600156859572 -16.5 5.986517559240902
      vertex 1.0014137507241863 0 5.95373466742125
      vertex 1.0162674857624154 -16.5 5.920951775601599
    endloop
  endfacet
  facet normal -0.7730104533627398 -1.6979131477133442e-17 -0.6343932841636422
    outer loop
      vertex 0.8270237882268752 -16.5 6.225280396610076
      vertex 0.849856231273617 0 6.197458984259834
      vertex 0.8726886743203588 -16.5 6.169637571909592
    endloop
  endfacet
  facet normal -0.6835923020228708 1.734427408954502e-17 -0.7298640726978359
    outer loop
      vertex 0.7778174593052024 -16.5 6.2778174593052025
      vertex 0.7252803966100758 -16.5 6.327023788226875
      vertex 0.7515489279576391 0 6.302420623766039
    endloop
  endfacet
  facet normal -0.2902846772544668 -2.619898244052322e-17 -0.9569403357322075
    outer loop
      vertex 0.3535834118334778 -16.5 6.5416231424446165
      vertex 0.2847009496127728 -16.5 6.562518408917976
      vertex 0.3191421807231253 0 6.552070775681296
    endloop
  endfacet
  facet normal -0.4713967368259979 2.3734269806745836e-17 -0.8819212643483549
    outer loop
      vertex 0.55 -16.5 6.452627944162883
      vertex 0.48651755924090145 -16.5 6.486560015685957
      vertex 0.5182587796204507 0 6.46959397992442
    endloop
  endfacet
  facet normal -0.03271908282177441 0 0.9994645874763656
    outer loop
      vertex 0.07194344215315737 16.5 4.402355184437536
      vertex 0 -16.5 4.4
      vertex 0.07194344215315737 -16.5 4.402355184437536
    endloop
  endfacet
  facet normal -0.09801714032956413 0 0.9951847266721967
    outer loop
      vertex 0.14357881144205675 16.5 4.409410652488809
      vertex 0.07194344215315737 -16.5 4.402355184437536
      vertex 0.14357881144205675 -16.5 4.409410652488809
    endloop
  endfacet
  facet normal -0.16289547339457522 0 0.9866433320848812
    outer loop
      vertex 0.2145993542177411 16.5 4.421136191556446
      vertex 0.14357881144205675 -16.5 4.409410652488809
      vertex 0.2145993542177411 -16.5 4.421136191556446
    endloop
  endfacet
  facet normal -0.2270762630343713 0 0.9738769792773341
    outer loop
      vertex 0.2847009496127728 16.5 4.437481591082024
      vertex 0.2145993542177411 -16.5 4.421136191556446
      vertex 0.2847009496127728 -16.5 4.437481591082024
    endloop
  endfacet
  facet normal -0.2902846772544668 0 0.9569403357322075
    outer loop
      vertex 0.3535834118334778 16.5 4.4583768575553835
      vertex 0.2847009496127728 -16.5 4.437481591082024
      vertex 0.3535834118334778 -16.5 4.4583768575553835
    endloop
  endfacet
  facet normal -0.3522500479212397 0 0.9359059267573234
    outer loop
      vertex 0.4209517756015988 16.5 4.483732514237585
      vertex 0.3535834118334778 -16.5 4.4583768575553835
      vertex 0.4209517756015988 -16.5 4.483732514237585
    endloop
  endfacet
  facet normal -0.4127070298043903 0 0.9108638249211778
    outer loop
      vertex 0.4209517756015988 -16.5 4.483732514237585
      vertex 0.48651755924090145 -16.5 4.513439984314043
      vertex 0.48651755924090145 16.5 4.513439984314043
    endloop
  endfacet
  facet normal -0.4713967368259979 0 0.8819212643483549
    outer loop
      vertex 0.48651755924090145 -16.5 4.513439984314043
      vertex 0.55 -16.5 4.547372055837117
      vertex 0.55 16.5 4.547372055837117
    endloop
  endfacet
  facet normal -0.528067850650372 0 0.8492021815265763
    outer loop
      vertex 0.55 -16.5 4.547372055837117
      vertex 0.6111272563215624 -16.5 4.5853834264672
      vertex 0.6111272563215624 16.5 4.5853834264672
    endloop
  endfacet
  facet normal -0.5824776968677988 0 0.8128466845916175
    outer loop
      vertex 0.6111272563215624 -16.5 4.5853834264672
      vertex 0.6696375719095927 -16.5 4.627311325679641
      vertex 0.6696375719095927 16.5 4.627311325679641
    endloop
  endfacet
  facet normal -0.634393284163644 0 0.7730104533627382
    outer loop
      vertex 0.6696375719095927 -16.5 4.627311325679641
      vertex 0.7252803966100758 -16.5 4.672976211773125
      vertex 0.7252803966100758 16.5 4.672976211773125
    endloop
  endfacet
  facet normal -0.6835923020228708 0 0.7298640726978359
    outer loop
      vertex 0.7252803966100758 -16.5 4.672976211773125
      vertex 0.7778174593052024 -16.5 4.7221825406947975
      vertex 0.7778174593052024 16.5 4.7221825406947975
    endloop
  endfacet
  facet normal -0.729864072697836 0 0.6835923020228708
    outer loop
      vertex 0.8270237882268752 -16.5 4.774719603389924
      vertex 0.8270237882268752 16.5 4.774719603389924
      vertex 0.7778174593052024 -16.5 4.7221825406947975
    endloop
  endfacet
  facet normal -0.7730104533627398 0 0.6343932841636422
    outer loop
      vertex 0.8726886743203588 -16.5 4.830362428090408
      vertex 0.8270237882268752 16.5 4.774719603389924
      vertex 0.8270237882268752 -16.5 4.774719603389924
    endloop
  endfacet
  facet normal -0.8128466845916124 0 0.582477696867806
    outer loop
      vertex 0.9146165735327998 -16.5 4.888872743678437
      vertex 0.9146165735327998 16.5 4.888872743678437
      vertex 0.8726886743203588 -16.5 4.830362428090408
    endloop
  endfacet
  facet normal -0.8492021815265811 0 0.5280678506503644
    outer loop
      vertex 0.9526279441628825 -16.5 4.95
      vertex 0.9146165735327998 16.5 4.888872743678437
      vertex 0.9146165735327998 -16.5 4.888872743678437
    endloop
  endfacet
  facet normal -0.8819212643483535 0 0.4713967368260005
    outer loop
      vertex 0.9865600156859572 -16.5 5.013482440759098
      vertex 0.9865600156859572 16.5 5.013482440759098
      vertex 0.9526279441628825 -16.5 4.95
    endloop
  endfacet
  facet normal -0.9108638249211771 0 0.41270702980439183
    outer loop
      vertex 1.0162674857624154 -16.5 5.079048224398401
      vertex 0.9865600156859572 16.5 5.013482440759098
      vertex 0.9865600156859572 -16.5 5.013482440759098
    endloop
  endfacet
  facet normal -0.9359059267573246 0 0.352250047921236
    outer loop
      vertex 1.0416231424446163 -16.5 5.146416588166522
      vertex 1.0416231424446163 16.5 5.146416588166522
      vertex 1.0162674857624154 -16.5 5.079048224398401
    endloop
  endfacet
  facet normal -0.956940335732208 0 0.2902846772544651
    outer loop
      vertex 1.0625184089179753 -16.5 5.215299050387227
      vertex 1.0625184089179753 16.5 5.215299050387227
      vertex 1.0416231424446163 -16.5 5.146416588166522
    endloop
  endfacet
  facet normal -0.9738769792773344 0 0.22707626303437004
    outer loop
      vertex 1.0788638084435536 -16.5 5.285400645782259
      vertex 1.0625184089179753 16.5 5.215299050387227
      vertex 1.0625184089179753 -16.5 5.215299050387227
    endloop
  endfacet
  facet normal -0.9866433320848794 0 0.16289547339458643
    outer loop
      vertex 1.0905893475111914 -16.5 5.356421188557944
      vertex 1.0788638084435536 16.5 5.285400645782259
      vertex 1.0788638084435536 -16.5 5.285400645782259
    endloop
  endfacet
  facet normal -0.9951847266721968 0 0.09801714032956202
    outer loop
      vertex 1.0976448155624638 -16.5 5.428056557846842
      vertex 1.0976448155624638 16.5 5.428056557846842
      vertex 1.0905893475111914 -16.5 5.356421188557944
    endloop
  endfacet
  facet normal -0.9994645874763656 0 0.03271908282177732
    outer loop
      vertex 1.1 -16.5 5.5
      vertex 1.0976448155624638 16.5 5.428056557846842
      vertex 1.0976448155624638 -16.5 5.428056557846842
    endloop
  endfacet
  facet normal -0.9951847266721968 0 -0.09801714032956202
    outer loop
      vertex 1.0905893475111914 16.5 5.643578811442056
      vertex 1.0976448155624638 -16.5 5.571943442153158
      vertex 1.0905893475111914 -16.5 5.643578811442056
    endloop
  endfacet
  facet normal -0.8128466845916124 0 -0.582477696867806
    outer loop
      vertex 0.8726886743203588 16.5 6.169637571909592
      vertex 0.9146165735327998 -16.5 6.111127256321563
      vertex 0.8726886743203588 -16.5 6.169637571909592
    endloop
  endfacet
  facet normal -0.956940335732208 0 -0.2902846772544651
    outer loop
      vertex 1.0416231424446163 16.5 5.853583411833478
      vertex 1.0625184089179753 -16.5 5.784700949612773
      vertex 1.0416231424446163 -16.5 5.853583411833478
    endloop
  endfacet
  facet normal -0.9359059267573246 0 -0.352250047921236
    outer loop
      vertex 1.0162674857624154 16.5 5.920951775601599
      vertex 1.0416231424446163 -16.5 5.853583411833478
      vertex 1.0162674857624154 -16.5 5.920951775601599
    endloop
  endfacet
  facet normal -0.8819212643483535 0 -0.4713967368260005
    outer loop
      vertex 0.9526279441628825 16.5 6.05
      vertex 0.9865600156859572 -16.5 5.986517559240902
      vertex 0.9526279441628825 -16.5 6.05
    endloop
  endfacet
  facet normal -0.729864072697836 0 -0.6835923020228708
    outer loop
      vertex 0.7778174593052024 16.5 6.2778174593052025
      vertex 0.8270237882268752 -16.5 6.225280396610076
      vertex 0.7778174593052024 -16.5 6.2778174593052025
    endloop
  endfacet
  facet normal -0.634393284163644 0 -0.7730104533627382
    outer loop
      vertex 0.7252803966100758 -16.5 6.327023788226875
      vertex 0.6696375719095927 -16.5 6.372688674320359
      vertex 0.6696375719095927 16.5 6.372688674320359
    endloop
  endfacet
  facet normal -0.5280678506503739 0 -0.8492021815265752
    outer loop
      vertex 0.55 16.5 6.452627944162883
      vertex 0.6093807632838034 -16.5 6.415702612693659
      vertex 0.55 -16.5 6.452627944162883
    endloop
  endfacet
  facet normal -0.5824776968677988 0 -0.8128466845916175
    outer loop
      vertex 0.6696375719095927 -16.5 6.372688674320359
      vertex 0.6111272563215624 -16.5 6.4146165735328
      vertex 0.6111272563215624 16.5 6.4146165735328
    endloop
  endfacet
  facet normal -0.5280678506503068 0 -0.849202181526617
    outer loop
      vertex 0.6093807632838034 -16.5 6.415702612693659
      vertex 0.6111272563215624 16.5 6.4146165735328
      vertex 0.6111272563215624 -16.5 6.4146165735328
    endloop
  endfacet
  facet normal -0.03271908282177441 0 -0.9994645874763656
    outer loop
      vertex 0.07194344215315737 -16.5 6.597644815562464
      vertex 0 -16.5 6.6
      vertex 0 16.5 6.6
    endloop
  endfacet
  facet normal -0.09801714032956736 0 -0.9951847266721962
    outer loop
      vertex 0.07194344215315737 16.5 6.597644815562464
      vertex 0.14153208660523106 -16.5 6.590790932312656
      vertex 0.07194344215315737 -16.5 6.597644815562464
    endloop
  endfacet
  facet normal -0.2270762630343659 0 -0.9738769792773355
    outer loop
      vertex 0.2145993542177411 16.5 6.578863808443554
      vertex 0.28269804688720046 -16.5 6.562985420332993
      vertex 0.2145993542177411 -16.5 6.578863808443554
    endloop
  endfacet
  facet normal -0.16289547339457522 0 -0.9866433320848812
    outer loop
      vertex 0.2145993542177411 -16.5 6.578863808443554
      vertex 0.14357881144205675 -16.5 6.590589347511191
      vertex 0.14357881144205675 16.5 6.590589347511191
    endloop
  endfacet
  facet normal -0.09801714032945437 0 -0.9951847266722073
    outer loop
      vertex 0.14153208660523106 -16.5 6.590790932312656
      vertex 0.14357881144205675 16.5 6.590589347511191
      vertex 0.14357881144205675 -16.5 6.590589347511191
    endloop
  endfacet
  facet normal -0.3522500479212409 0 -0.935905926757323
    outer loop
      vertex 0.3535834118334778 16.5 6.5416231424446165
      vertex 0.4190269652082239 -16.5 6.516991933096192
      vertex 0.3535834118334778 -16.5 6.5416231424446165
    endloop
  endfacet
  facet normal -0.4127070298043903 0 -0.9108638249211778
    outer loop
      vertex 0.48651755924090145 -16.5 6.486560015685957
      vertex 0.4209517756015988 -16.5 6.516267485762415
      vertex 0.4209517756015988 16.5 6.516267485762415
    endloop
  endfacet
  facet normal -0.35225004792119613 0 -0.9359059267573397
    outer loop
      vertex 0.4209517756015988 -16.5 6.516267485762415
      vertex 0.4190269652082239 -16.5 6.516991933096192
      vertex 0.4209517756015988 16.5 6.516267485762415
    endloop
  endfacet
  facet normal -0.22707626303455664 0 -0.973876979277291
    outer loop
      vertex 0.28269804688720046 -16.5 6.562985420332993
      vertex 0.2847009496127728 16.5 6.562518408917976
      vertex 0.2847009496127728 -16.5 6.562518408917976
    endloop
  endfacet
  facet normal -0.03271908282177441 0 0.9994645874763656
    outer loop
      vertex 0.07194344215315737 16.5 4.402355184437536
      vertex 0 16.5 4.4
      vertex 0 -16.5 4.4
    endloop
  endfacet
  facet normal -0.09801714032956413 0 0.9951847266721967
    outer loop
      vertex 0.07194344215315737 -16.5 4.402355184437536
      vertex 0.14357881144205675 16.5 4.409410652488809
      vertex 0.07194344215315737 16.5 4.402355184437536
    endloop
  endfacet
  facet normal -0.16289547339457522 0 0.9866433320848812
    outer loop
      vertex 0.2145993542177411 16.5 4.421136191556446
      vertex 0.14357881144205675 16.5 4.409410652488809
      vertex 0.14357881144205675 -16.5 4.409410652488809
    endloop
  endfacet
  facet normal -0.2270762630343713 0 0.9738769792773341
    outer loop
      vertex 0.2847009496127728 16.5 4.437481591082024
      vertex 0.2145993542177411 16.5 4.421136191556446
      vertex 0.2145993542177411 -16.5 4.421136191556446
    endloop
  endfacet
  facet normal -0.2902846772544668 0 0.9569403357322075
    outer loop
      vertex 0.2847009496127728 -16.5 4.437481591082024
      vertex 0.3535834118334778 16.5 4.4583768575553835
      vertex 0.2847009496127728 16.5 4.437481591082024
    endloop
  endfacet
  facet normal -0.3522500479212397 0 0.9359059267573234
    outer loop
      vertex 0.3535834118334778 -16.5 4.4583768575553835
      vertex 0.4209517756015988 16.5 4.483732514237585
      vertex 0.3535834118334778 16.5 4.4583768575553835
    endloop
  endfacet
  facet normal -0.4127070298043903 0 0.9108638249211778
    outer loop
      vertex 0.4209517756015988 -16.5 4.483732514237585
      vertex 0.48651755924090145 16.5 4.513439984314043
      vertex 0.4209517756015988 16.5 4.483732514237585
    endloop
  endfacet
  facet normal -0.9994645874763658 0 -0.03271908282177425
    outer loop
      vertex 1.1 -16.5 5.5
      vertex 1.098822407781232 0 5.535971721076579
      vertex 1.1 16.5 5.5
    endloop
  endfacet
  facet normal -0.9994645874763655 0 -0.032719082821780404
    outer loop
      vertex 1.0976448155624638 16.5 5.571943442153158
      vertex 1.098822407781232 0 5.535971721076579
      vertex 1.0976448155624638 -16.5 5.571943442153158
    endloop
  endfacet
  facet normal -0.8492021815265839 0 -0.5280678506503601
    outer loop
      vertex 0.9336222588478411 0 6.080563628160782
      vertex 0.9526279441628825 16.5 6.05
      vertex 0.9526279441628825 -16.5 6.05
    endloop
  endfacet
  facet normal -0.8492021815265783 0 -0.5280678506503689
    outer loop
      vertex 0.9146165735327998 16.5 6.111127256321563
      vertex 0.9336222588478411 0 6.080563628160782
      vertex 0.9146165735327998 -16.5 6.111127256321563
    endloop
  endfacet
  facet normal -0.7730104533627349 0 -0.6343932841636482
    outer loop
      vertex 0.8726886743203588 -16.5 6.169637571909592
      vertex 0.849856231273617 0 6.197458984259834
      vertex 0.8726886743203588 16.5 6.169637571909592
    endloop
  endfacet
  facet normal -0.9866433320848794 0 -0.16289547339458643
    outer loop
      vertex 1.0847265779773725 0 5.679089082829899
      vertex 1.0905893475111914 16.5 5.643578811442056
      vertex 1.0905893475111914 -16.5 5.643578811442056
    endloop
  endfacet
  facet normal -0.9866433320848794 0 -0.16289547339458643
    outer loop
      vertex 1.0788638084435536 16.5 5.714599354217741
      vertex 1.0847265779773725 0 5.679089082829899
      vertex 1.0788638084435536 -16.5 5.714599354217741
    endloop
  endfacet
  facet normal -0.9738769792773344 0 -0.22707626303437004
    outer loop
      vertex 1.0706911086807644 0 5.749650151915257
      vertex 1.0788638084435536 16.5 5.714599354217741
      vertex 1.0788638084435536 -16.5 5.714599354217741
    endloop
  endfacet
  facet normal -0.9738769792773344 0 -0.22707626303437004
    outer loop
      vertex 1.0625184089179753 16.5 5.784700949612773
      vertex 1.0706911086807644 0 5.749650151915257
      vertex 1.0625184089179753 -16.5 5.784700949612773
    endloop
  endfacet
  facet normal -0.9108638249211746 0 -0.4127070298043978
    outer loop
      vertex 1.0162674857624154 -16.5 5.920951775601599
      vertex 1.0014137507241863 0 5.95373466742125
      vertex 1.0162674857624154 16.5 5.920951775601599
    endloop
  endfacet
  facet normal -0.9108638249211798 0 -0.4127070298043859
    outer loop
      vertex 0.9865600156859572 16.5 5.986517559240902
      vertex 1.0014137507241863 0 5.95373466742125
      vertex 0.9865600156859572 -16.5 5.986517559240902
    endloop
  endfacet
  facet normal -0.7730104533627447 0 -0.6343932841636359
    outer loop
      vertex 0.8270237882268752 16.5 6.225280396610076
      vertex 0.849856231273617 0 6.197458984259834
      vertex 0.8270237882268752 -16.5 6.225280396610076
    endloop
  endfacet
  facet normal -0.6835923020228767 0 -0.7298640726978305
    outer loop
      vertex 0.7515489279576391 0 6.302420623766039
      vertex 0.7778174593052024 16.5 6.2778174593052025
      vertex 0.7778174593052024 -16.5 6.2778174593052025
    endloop
  endfacet
  facet normal -0.6835923020228651 0 -0.7298640726978415
    outer loop
      vertex 0.7252803966100758 16.5 6.327023788226875
      vertex 0.7515489279576391 0 6.302420623766039
      vertex 0.7252803966100758 -16.5 6.327023788226875
    endloop
  endfacet
  facet normal -0.4713967368260075 0 -0.8819212643483498
    outer loop
      vertex 0.55 -16.5 6.452627944162883
      vertex 0.5182587796204507 0 6.46959397992442
      vertex 0.55 16.5 6.452627944162883
    endloop
  endfacet
  facet normal -0.29028467725447843 0 -0.956940335732204
    outer loop
      vertex 0.2847009496127728 16.5 6.562518408917976
      vertex 0.3191421807231253 0 6.552070775681296
      vertex 0.2847009496127728 -16.5 6.562518408917976
    endloop
  endfacet
  facet normal -0.2902846772544553 0 -0.9569403357322109
    outer loop
      vertex 0.3535834118334778 -16.5 6.5416231424446165
      vertex 0.3191421807231253 0 6.552070775681296
      vertex 0.3535834118334778 16.5 6.5416231424446165
    endloop
  endfacet
  facet normal -0.4713967368259883 0 -0.88192126434836
    outer loop
      vertex 0.48651755924090145 16.5 6.486560015685957
      vertex 0.5182587796204507 0 6.46959397992442
      vertex 0.48651755924090145 -16.5 6.486560015685957
    endloop
  endfacet
  facet normal -0.4713967368259979 0 0.8819212643483549
    outer loop
      vertex 0.48651755924090145 -16.5 4.513439984314043
      vertex 0.55 16.5 4.547372055837117
      vertex 0.48651755924090145 16.5 4.513439984314043
    endloop
  endfacet
  facet normal -0.528067850650372 0 0.8492021815265763
    outer loop
      vertex 0.55 -16.5 4.547372055837117
      vertex 0.6111272563215624 16.5 4.5853834264672
      vertex 0.55 16.5 4.547372055837117
    endloop
  endfacet
  facet normal -0.5824776968677988 0 0.8128466845916175
    outer loop
      vertex 0.6111272563215624 -16.5 4.5853834264672
      vertex 0.6696375719095927 16.5 4.627311325679641
      vertex 0.6111272563215624 16.5 4.5853834264672
    endloop
  endfacet
  facet normal -0.634393284163644 0 0.7730104533627382
    outer loop
      vertex 0.6696375719095927 -16.5 4.627311325679641
      vertex 0.7252803966100758 16.5 4.672976211773125
      vertex 0.6696375719095927 16.5 4.627311325679641
    endloop
  endfacet
  facet normal -0.6835923020228708 0 0.7298640726978359
    outer loop
      vertex 0.7252803966100758 -16.5 4.672976211773125
      vertex 0.7778174593052024 16.5 4.7221825406947975
      vertex 0.7252803966100758 16.5 4.672976211773125
    endloop
  endfacet
  facet normal -0.729864072697836 0 0.6835923020228708
    outer loop
      vertex 0.7778174593052024 -16.5 4.7221825406947975
      vertex 0.8270237882268752 16.5 4.774719603389924
      vertex 0.7778174593052024 16.5 4.7221825406947975
    endloop
  endfacet
  facet normal -0.7730104533627398 0 0.6343932841636422
    outer loop
      vertex 0.8726886743203588 -16.5 4.830362428090408
      vertex 0.8726886743203588 16.5 4.830362428090408
      vertex 0.8270237882268752 16.5 4.774719603389924
    endloop
  endfacet
  facet normal -0.8128466845916124 0 0.582477696867806
    outer loop
      vertex 0.8726886743203588 -16.5 4.830362428090408
      vertex 0.9146165735327998 16.5 4.888872743678437
      vertex 0.8726886743203588 16.5 4.830362428090408
    endloop
  endfacet
  facet normal -0.8492021815265811 0 0.5280678506503644
    outer loop
      vertex 0.9526279441628825 -16.5 4.95
      vertex 0.9526279441628825 16.5 4.95
      vertex 0.9146165735327998 16.5 4.888872743678437
    endloop
  endfacet
  facet normal -0.8819212643483535 0 0.4713967368260005
    outer loop
      vertex 0.9526279441628825 -16.5 4.95
      vertex 0.9865600156859572 16.5 5.013482440759098
      vertex 0.9526279441628825 16.5 4.95
    endloop
  endfacet
  facet normal -0.9108638249211771 0 0.41270702980439183
    outer loop
      vertex 1.0162674857624154 -16.5 5.079048224398401
      vertex 1.0162674857624154 16.5 5.079048224398401
      vertex 0.9865600156859572 16.5 5.013482440759098
    endloop
  endfacet
  facet normal -0.9359059267573246 0 0.352250047921236
    outer loop
      vertex 1.0162674857624154 -16.5 5.079048224398401
      vertex 1.0416231424446163 16.5 5.146416588166522
      vertex 1.0162674857624154 16.5 5.079048224398401
    endloop
  endfacet
  facet normal -0.956940335732208 0 0.2902846772544651
    outer loop
      vertex 1.0416231424446163 -16.5 5.146416588166522
      vertex 1.0625184089179753 16.5 5.215299050387227
      vertex 1.0416231424446163 16.5 5.146416588166522
    endloop
  endfacet
  facet normal -0.9738769792773344 0 0.22707626303437004
    outer loop
      vertex 1.0788638084435536 -16.5 5.285400645782259
      vertex 1.0788638084435536 16.5 5.285400645782259
      vertex 1.0625184089179753 16.5 5.215299050387227
    endloop
  endfacet
  facet normal -0.9866433320848794 0 0.16289547339458643
    outer loop
      vertex 1.0905893475111914 -16.5 5.356421188557944
      vertex 1.0905893475111914 16.5 5.356421188557944
      vertex 1.0788638084435536 16.5 5.285400645782259
    endloop
  endfacet
  facet normal -0.9951847266721968 0 0.09801714032956202
    outer loop
      vertex 1.0905893475111914 -16.5 5.356421188557944
      vertex 1.0976448155624638 16.5 5.428056557846842
      vertex 1.0905893475111914 16.5 5.356421188557944
    endloop
  endfacet
  facet normal -0.9994645874763656 0 0.03271908282177732
    outer loop
      vertex 1.1 -16.5 5.5
      vertex 1.1 16.5 5.5
      vertex 1.0976448155624638 16.5 5.428056557846842
    endloop
  endfacet
  facet normal -0.9951847266721968 0 -0.09801714032956202
    outer loop
      vertex 1.0976448155624638 -16.5 5.571943442153158
      vertex 1.0905893475111914 16.5 5.643578811442056
      vertex 1.0976448155624638 16.5 5.571943442153158
    endloop
  endfacet
  facet normal -0.8128466845916124 0 -0.582477696867806
    outer loop
      vertex 0.9146165735327998 -16.5 6.111127256321563
      vertex 0.8726886743203588 16.5 6.169637571909592
      vertex 0.9146165735327998 16.5 6.111127256321563
    endloop
  endfacet
  facet normal -0.956940335732208 0 -0.2902846772544651
    outer loop
      vertex 1.0625184089179753 -16.5 5.784700949612773
      vertex 1.0416231424446163 16.5 5.853583411833478
      vertex 1.0625184089179753 16.5 5.784700949612773
    endloop
  endfacet
  facet normal -0.9359059267573246 0 -0.352250047921236
    outer loop
      vertex 1.0416231424446163 -16.5 5.853583411833478
      vertex 1.0162674857624154 16.5 5.920951775601599
      vertex 1.0416231424446163 16.5 5.853583411833478
    endloop
  endfacet
  facet normal -0.8819212643483535 0 -0.4713967368260005
    outer loop
      vertex 0.9865600156859572 -16.5 5.986517559240902
      vertex 0.9526279441628825 16.5 6.05
      vertex 0.9865600156859572 16.5 5.986517559240902
    endloop
  endfacet
  facet normal -0.729864072697836 0 -0.6835923020228708
    outer loop
      vertex 0.8270237882268752 -16.5 6.225280396610076
      vertex 0.7778174593052024 16.5 6.2778174593052025
      vertex 0.8270237882268752 16.5 6.225280396610076
    endloop
  endfacet
  facet normal -0.634393284163644 0 -0.7730104533627382
    outer loop
      vertex 0.7252803966100758 -16.5 6.327023788226875
      vertex 0.6696375719095927 16.5 6.372688674320359
      vertex 0.7252803966100758 16.5 6.327023788226875
    endloop
  endfacet
  facet normal -0.5824776968677988 0 -0.8128466845916175
    outer loop
      vertex 0.6696375719095927 -16.5 6.372688674320359
      vertex 0.6111272563215624 16.5 6.4146165735328
      vertex 0.6696375719095927 16.5 6.372688674320359
    endloop
  endfacet
  facet normal -0.5280678506503739 4.921706260123404e-18 -0.8492021815265752
    outer loop
      vertex 0.6093807632838034 -16.5 6.415702612693659
      vertex 0.551746493037759 16.5 6.451541905002023
      vertex 0.6111272563215624 16.5 6.4146165735328
    endloop
  endfacet
  facet normal -0.03271908282177441 0 -0.9994645874763656
    outer loop
      vertex 0.07194344215315737 -16.5 6.597644815562464
      vertex 0 16.5 6.6
      vertex 0.07194344215315737 16.5 6.597644815562464
    endloop
  endfacet
  facet normal -0.09801714032956736 7.075686893655939e-18 -0.9951847266721962
    outer loop
      vertex 0.14153208660523106 -16.5 6.590790932312656
      vertex 0.07399016698998306 16.5 6.597443230760999
      vertex 0.14357881144205675 16.5 6.590589347511191
    endloop
  endfacet
  facet normal -0.16289547339457522 0 -0.9866433320848812
    outer loop
      vertex 0.2145993542177411 -16.5 6.578863808443554
      vertex 0.14357881144205675 16.5 6.590589347511191
      vertex 0.2145993542177411 16.5 6.578863808443554
    endloop
  endfacet
  facet normal -0.4127070298043903 0 -0.9108638249211778
    outer loop
      vertex 0.48651755924090145 -16.5 6.486560015685957
      vertex 0.4209517756015988 16.5 6.516267485762415
      vertex 0.48651755924090145 16.5 6.486560015685957
    endloop
  endfacet
  facet normal -0.3522500479212409 2.983564176781249e-18 -0.935905926757323
    outer loop
      vertex 0.4190269652082239 -16.5 6.516991933096192
      vertex 0.3555082222268527 16.5 6.540898695110839
      vertex 0.4209517756015988 16.5 6.516267485762415
    endloop
  endfacet
  facet normal -0.22707626303436576 -1.2210295125055602e-17 -0.9738769792773353
    outer loop
      vertex 0.28269804688720046 -16.5 6.562985420332993
      vertex 0.21660225694331342 16.5 6.578396797028537
      vertex 0.2847009496127728 16.5 6.562518408917976
    endloop
  endfacet
  facet normal -0.999464587476365 -4.99218415406236e-17 -0.03271908282179714
    outer loop
      vertex 1.098822407781232 0 5.535971721076579
      vertex 1.0999327090160704 16.5 5.502055526918662
      vertex 1.1 16.5 5.5
    endloop
  endfacet
  facet normal -0.8492021815265776 -2.5559982868804047e-17 -0.5280678506503699
    outer loop
      vertex 0.9336222588478411 0 6.080563628160782
      vertex 0.9515419050020231 16.5 6.051746493037759
      vertex 0.9526279441628825 16.5 6.05
    endloop
  endfacet
  facet normal -0.7730104533627592 8.306994432360531e-17 -0.6343932841636183
    outer loop
      vertex 0.849856231273617 0 6.197458984259834
      vertex 0.8713839632891164 16.5 6.171227366901035
      vertex 0.8726886743203588 16.5 6.169637571909592
    endloop
  endfacet
  facet normal -0.9866433320848678 -1.5655489507144842e-16 -0.1628954733946572
    outer loop
      vertex 1.0847265779773725 0 5.679089082829899
      vertex 1.0902543321092588 16.5 5.645607969807076
      vertex 1.0905893475111914 16.5 5.643578811442056
    endloop
  endfacet
  facet normal -0.9738769792773442 9.425243682870159e-17 -0.22707626303432793
    outer loop
      vertex 1.0706911086807644 0 5.749650151915257
      vertex 1.078396797028537 16.5 5.716602256943314
      vertex 1.0788638084435536 16.5 5.714599354217741
    endloop
  endfacet
  facet normal -0.9108638249211779 1.757248822229975e-17 -0.4127070298043902
    outer loop
      vertex 1.0014137507241863 0 5.95373466742125
      vertex 1.015418700903088 16.5 5.922825083705579
      vertex 1.0162674857624154 16.5 5.920951775601599
    endloop
  endfacet
  facet normal -0.6835923020228712 -1.6068959818254922e-17 -0.7298640726978356
    outer loop
      vertex 0.7515489279576391 0 6.302420623766039
      vertex 0.7267814555442222 16.5 6.325617893114828
      vertex 0.7778174593052024 16.5 6.2778174593052025
    endloop
  endfacet
  facet normal -0.2902846772544626 1.6585797707146184e-17 -0.9569403357322088
    outer loop
      vertex 0.3191421807231253 0 6.552070775681296
      vertex 0.28666901996193583 16.5 6.561921401304451
      vertex 0.3535834118334778 16.5 6.5416231424446165
    endloop
  endfacet
  facet normal -0.4713967368260026 -1.2028227232377943e-17 -0.8819212643483523
    outer loop
      vertex 0.5182587796204507 0 6.46959397992442
      vertex 0.48833134326259 16.5 6.485590527928156
      vertex 0.55 16.5 6.452627944162883
    endloop
  endfacet
endsolid OpenSCAD_Model
