solid OpenSCAD_Model
  facet normal 0 0 -1
    outer loop
      vertex -30.5 -12.692399928663953 1.5
      vertex -30.5 12.692399928663953 1.5
      vertex -26.5 -12.692399928663953 1.5
    endloop
  endfacet
  facet normal -1 0 0
    outer loop
      vertex -26.5 -12.008409684244745 1.387072753609445
      vertex -26.5 -12.692399928663953 1.5
      vertex -26.5 12.008409684244745 1.387072753609445
    endloop
  endfacet
  facet normal -1 0 0
    outer loop
      vertex -26.5 -6.017087889173162 0.7969790620484787
      vertex -26.5 -12.008409684244745 1.387072753609445
      vertex -26.5 12.008409684244745 1.387072753609445
    endloop
  endfacet
  facet normal -1 0 0
    outer loop
      vertex -26.5 -6.017087889173162 0.7969790620484787
      vertex -26.5 6.017087889173162 0.7969790620484787
      vertex -26.5 0 0.5999999999999943
    endloop
  endfacet
  facet normal -1 0 0
    outer loop
      vertex -26.5 -6.017087889173162 0.7969790620484787
      vertex -26.5 12.008409684244745 1.387072753609445
      vertex -26.5 6.017087889173162 0.7969790620484787
    endloop
  endfacet
  facet normal 0 0 -1
    outer loop
      vertex -26.5 -12.692399928663953 1.5
      vertex -30.5 12.692399928663953 1.5
      vertex -26.5 12.692399928663953 1.5
    endloop
  endfacet
  facet normal -1 0 0
    outer loop
      vertex -26.5 -12.692399928663953 1.5
      vertex -26.5 12.692399928663953 1.5
      vertex -26.5 12.008409684244745 1.387072753609445
    endloop
  endfacet
  facet normal 0 0.09801714032956087 0.9951847266721969
    outer loop
      vertex -30.5 -6.017087889173162 0.7969790620484787
      vertex -30.5 -12.008409684244745 1.387072753609445
      vertex -26.5 -6.017087889173162 0.7969790620484787
    endloop
  endfacet
  facet normal 0 0.1628954733945888 0.9866433320848791
    outer loop
      vertex -30.5 -12.008409684244745 1.387072753609445
      vertex -26.5 -12.692399928663953 1.5
      vertex -26.5 -12.008409684244745 1.387072753609445
    endloop
  endfacet
  facet normal 0 0.09801714032956087 0.9951847266721969
    outer loop
      vertex -26.5 -6.017087889173162 0.7969790620484787
      vertex -30.5 -12.008409684244745 1.387072753609445
      vertex -26.5 -12.008409684244745 1.387072753609445
    endloop
  endfacet
  facet normal 0 0.1628954733945888 0.9866433320848791
    outer loop
      vertex -30.5 -12.008409684244745 1.387072753609445
      vertex -30.5 -12.692399928663953 1.5
      vertex -26.5 -12.692399928663953 1.5
    endloop
  endfacet
  facet normal 0 0.0327190828217773 0.9994645874763656
    outer loop
      vertex -30.5 -6.017087889173162 0.7969790620484787
      vertex -26.5 -6.017087889173162 0.7969790620484787
      vertex -26.5 0 0.5999999999999943
    endloop
  endfacet
  facet normal 0 0.0327190828217773 0.9994645874763656
    outer loop
      vertex -30.5 -6.017087889173162 0.7969790620484787
      vertex -26.5 0 0.5999999999999943
      vertex -30.5 0 0.5999999999999943
    endloop
  endfacet
  facet normal 0 -0.0327190828217773 0.9994645874763656
    outer loop
      vertex -30.5 0 0.5999999999999943
      vertex -26.5 0 0.5999999999999943
      vertex -26.5 6.017087889173162 0.7969790620484787
    endloop
  endfacet
  facet normal 0 -0.0327190828217773 0.9994645874763656
    outer loop
      vertex -30.5 0 0.5999999999999943
      vertex -26.5 6.017087889173162 0.7969790620484787
      vertex -30.5 6.017087889173162 0.7969790620484787
    endloop
  endfacet
  facet normal 0 -0.09801714032956087 0.9951847266721969
    outer loop
      vertex -30.5 6.017087889173162 0.7969790620484787
      vertex -26.5 6.017087889173162 0.7969790620484787
      vertex -26.5 12.008409684244745 1.387072753609445
    endloop
  endfacet
  facet normal 0 -0.09801714032956087 0.9951847266721969
    outer loop
      vertex -30.5 6.017087889173162 0.7969790620484787
      vertex -26.5 12.008409684244745 1.387072753609445
      vertex -30.5 12.008409684244745 1.387072753609445
    endloop
  endfacet
  facet normal 0 -0.1628954733945888 0.9866433320848791
    outer loop
      vertex -30.5 12.008409684244745 1.387072753609445
      vertex -26.5 12.008409684244745 1.387072753609445
      vertex -26.5 12.692399928663953 1.5
    endloop
  endfacet
  facet normal 0 -0.1628954733945888 0.9866433320848791
    outer loop
      vertex -30.5 12.008409684244745 1.387072753609445
      vertex -26.5 12.692399928663953 1.5
      vertex -30.5 12.692399928663953 1.5
    endloop
  endfacet
  facet normal 1 0 0
    outer loop
      vertex 26.5 -6.017087889173162 0.7969790620484787
      vertex 26.5 6.017087889173162 0.7969790620484787
      vertex 26.5 -12.008409684244745 1.387072753609445
    endloop
  endfacet
  facet normal 1 0 0
    outer loop
      vertex 26.5 -12.008409684244745 1.387072753609445
      vertex 26.5 12.692399928663953 1.5
      vertex 26.5 -12.692399928663953 1.5
    endloop
  endfacet
  facet normal 0 0 -1
    outer loop
      vertex 26.5 -12.692399928663953 1.5
      vertex 26.5 12.692399928663953 1.5
      vertex 30.5 -12.692399928663953 1.5
    endloop
  endfacet
  facet normal 1 0 0
    outer loop
      vertex 26.5 -6.017087889173162 0.7969790620484787
      vertex 26.5 0 0.5999999999999943
      vertex 26.5 6.017087889173162 0.7969790620484787
    endloop
  endfacet
  facet normal 1 0 0
    outer loop
      vertex 26.5 -12.008409684244745 1.387072753609445
      vertex 26.5 6.017087889173162 0.7969790620484787
      vertex 26.5 12.008409684244745 1.387072753609445
    endloop
  endfacet
  facet normal 1 0 0
    outer loop
      vertex 26.5 -12.008409684244745 1.387072753609445
      vertex 26.5 12.008409684244745 1.387072753609445
      vertex 26.5 12.692399928663953 1.5
    endloop
  endfacet
  facet normal 0 0 -1
    outer loop
      vertex 30.5 -12.692399928663953 1.5
      vertex 26.5 12.692399928663953 1.5
      vertex 30.5 12.692399928663953 1.5
    endloop
  endfacet
  facet normal 0 0.09801714032956087 0.9951847266721969
    outer loop
      vertex 26.5 -6.017087889173162 0.7969790620484787
      vertex 26.5 -12.008409684244745 1.387072753609445
      vertex 30.5 -6.017087889173162 0.7969790620484787
    endloop
  endfacet
  facet normal 0 0.1628954733945888 0.9866433320848791
    outer loop
      vertex 26.5 -12.008409684244745 1.387072753609445
      vertex 26.5 -12.692399928663953 1.5
      vertex 30.5 -12.008409684244745 1.387072753609445
    endloop
  endfacet
  facet normal 0 0.09801714032956087 0.9951847266721969
    outer loop
      vertex 30.5 -6.017087889173162 0.7969790620484787
      vertex 26.5 -12.008409684244745 1.387072753609445
      vertex 30.5 -12.008409684244745 1.387072753609445
    endloop
  endfacet
  facet normal 0 0.1628954733945888 0.9866433320848791
    outer loop
      vertex 26.5 -12.692399928663953 1.5
      vertex 30.5 -12.692399928663953 1.5
      vertex 30.5 -12.008409684244745 1.387072753609445
    endloop
  endfacet
  facet normal 0 0.0327190828217773 0.9994645874763656
    outer loop
      vertex 26.5 -6.017087889173162 0.7969790620484787
      vertex 30.5 -6.017087889173162 0.7969790620484787
      vertex 30.5 0 0.5999999999999943
    endloop
  endfacet
  facet normal 0 0.0327190828217773 0.9994645874763656
    outer loop
      vertex 26.5 -6.017087889173162 0.7969790620484787
      vertex 30.5 0 0.5999999999999943
      vertex 26.5 0 0.5999999999999943
    endloop
  endfacet
  facet normal 0 -0.0327190828217773 0.9994645874763656
    outer loop
      vertex 26.5 0 0.5999999999999943
      vertex 30.5 0 0.5999999999999943
      vertex 30.5 6.017087889173162 0.7969790620484787
    endloop
  endfacet
  facet normal 0 -0.0327190828217773 0.9994645874763656
    outer loop
      vertex 26.5 0 0.5999999999999943
      vertex 30.5 6.017087889173162 0.7969790620484787
      vertex 26.5 6.017087889173162 0.7969790620484787
    endloop
  endfacet
  facet normal 0 -0.09801714032956087 0.9951847266721969
    outer loop
      vertex 26.5 6.017087889173162 0.7969790620484787
      vertex 30.5 6.017087889173162 0.7969790620484787
      vertex 30.5 12.008409684244745 1.387072753609445
    endloop
  endfacet
  facet normal 0 -0.09801714032956087 0.9951847266721969
    outer loop
      vertex 26.5 6.017087889173162 0.7969790620484787
      vertex 30.5 12.008409684244745 1.387072753609445
      vertex 26.5 12.008409684244745 1.387072753609445
    endloop
  endfacet
  facet normal 0 -0.1628954733945888 0.9866433320848791
    outer loop
      vertex 26.5 12.008409684244745 1.387072753609445
      vertex 30.5 12.008409684244745 1.387072753609445
      vertex 26.5 12.692399928663953 1.5
    endloop
  endfacet
  facet normal 0 -0.1628954733945888 0.9866433320848791
    outer loop
      vertex 26.5 12.692399928663953 1.5
      vertex 30.5 12.008409684244745 1.387072753609445
      vertex 30.5 12.692399928663953 1.5
    endloop
  endfacet
  facet normal 0 0 -1
    outer loop
      vertex -30.474334582686424 -23.89157857745886 0
      vertex -30.493576772511005 -23.696209385991096 0
      vertex -26.347759065022572 -20.76536686473018 0
    endloop
  endfacet
  facet normal 0 0 -1
    outer loop
      vertex -30.493576772511005 -23.696209385991096 0
      vertex -30.5 -23.5 0
      vertex -26.393860258990212 -20.642878930606322 0
    endloop
  endfacet
  facet normal 0 0 -1
    outer loop
      vertex -30.474334582686424 -23.89157857745886 0
      vertex -26.347759065022572 -20.76536686473018 0
      vertex -26.293745483065376 -20.884577380438003 0
    endloop
  endfacet
  facet normal 0 0 -1
    outer loop
      vertex -30.474334582686424 -23.89157857745886 0
      vertex -26.293745483065376 -20.884577380438003 0
      vertex -26.23205080756888 -21 0
    endloop
  endfacet
  facet normal 0 0 -1
    outer loop
      vertex -30.5 -23.5 0
      vertex -26.431851652578136 -20.51763809020504 0
      vertex -26.393860258990212 -20.642878930606322 0
    endloop
  endfacet
  facet normal 0 0 -1
    outer loop
      vertex -30.493576772511005 -23.696209385991096 0
      vertex -26.393860258990212 -20.642878930606322 0
      vertex -26.347759065022572 -20.76536686473018 0
    endloop
  endfacet
  facet normal 0 0 -1
    outer loop
      vertex -30.474334582686424 -23.89157857745886 0
      vertex -25.717522858017443 -21.58670668058247 0
      vertex -25.611140466039203 -21.66293922460509 0
    endloop
  endfacet
  facet normal 0 0 -1
    outer loop
      vertex -30.474334582686424 -23.89157857745886 0
      vertex -25.611140466039203 -21.66293922460509 0
      vertex -25.5 -21.73205080756888 0
    endloop
  endfacet
  facet normal 0 0 -1
    outer loop
      vertex -30.474334582686424 -23.89157857745886 0
      vertex -25.5 -21.73205080756888 0
      vertex -25.384577380438003 -21.793745483065376 0
    endloop
  endfacet
  facet normal 0 0 -1
    outer loop
      vertex -30.474334582686424 -23.89157857745886 0
      vertex -25.384577380438003 -21.793745483065376 0
      vertex -25.26536686473018 -21.847759065022572 0
    endloop
  endfacet
  facet normal 0 0 -1
    outer loop
      vertex -30.474334582686424 -23.89157857745886 0
      vertex -25.26536686473018 -21.847759065022572 0
      vertex -25.142878930606322 -21.893860258990212 0
    endloop
  endfacet
  facet normal 0 0 -1
    outer loop
      vertex -30.474334582686424 -23.89157857745886 0
      vertex -25.142878930606322 -21.893860258990212 0
      vertex -25.01763809020504 -21.931851652578136 0
    endloop
  endfacet
  facet normal 0 0 -1
    outer loop
      vertex -30.474334582686424 -23.89157857745886 0
      vertex -25.01763809020504 -21.931851652578136 0
      vertex -24.890180644032256 -21.96157056080646 0
    endloop
  endfacet
  facet normal 0 0 -1
    outer loop
      vertex -30.474334582686424 -23.89157857745886 0
      vertex -24.890180644032256 -21.96157056080646 0
      vertex -24.761052384440102 -21.982889722747622 0
    endloop
  endfacet
  facet normal 0 0 -1
    outer loop
      vertex -30.474334582686424 -23.89157857745886 0
      vertex -25.914213562373096 -21.414213562373096 0
      vertex -25.81869163020014 -21.503679614957953 0
    endloop
  endfacet
  facet normal 0 0 -1
    outer loop
      vertex -30.474334582686424 -23.89157857745886 0
      vertex -26.003679614957953 -21.31869163020014 0
      vertex -25.914213562373096 -21.414213562373096 0
    endloop
  endfacet
  facet normal 0 0 -1
    outer loop
      vertex -30.474334582686424 -23.89157857745886 0
      vertex -26.08670668058247 -21.217522858017443 0
      vertex -26.003679614957953 -21.31869163020014 0
    endloop
  endfacet
  facet normal 0 0 -1
    outer loop
      vertex -30.474334582686424 -23.89157857745886 0
      vertex -26.16293922460509 -21.111140466039203 0
      vertex -26.08670668058247 -21.217522858017443 0
    endloop
  endfacet
  facet normal 0 0 -1
    outer loop
      vertex -30.474334582686424 -23.89157857745886 0
      vertex -26.23205080756888 -21 0
      vertex -26.16293922460509 -21.111140466039203 0
    endloop
  endfacet
  facet normal 0 0 -1
    outer loop
      vertex -30.474334582686424 -23.89157857745886 0
      vertex -25.81869163020014 -21.503679614957953 0
      vertex -25.717522858017443 -21.58670668058247 0
    endloop
  endfacet
  facet normal 0 0 -1
    outer loop
      vertex -30.5 -23.5 0
      vertex -26.46157056080646 -20.390180644032256 0
      vertex -26.431851652578136 -20.51763809020504 0
    endloop
  endfacet
  facet normal 0 0 -1
    outer loop
      vertex -30.5 -23.5 0
      vertex -26.482889722747622 -20.261052384440102 0
      vertex -26.46157056080646 -20.390180644032256 0
    endloop
  endfacet
  facet normal 0 0 -1
    outer loop
      vertex -30.5 -23.5 0
      vertex -26.495717846477206 -20.130806258460286 0
      vertex -26.482889722747622 -20.261052384440102 0
    endloop
  endfacet
  facet normal 0 0 -1
    outer loop
      vertex -30.5 -23.5 0
      vertex -26.5 -20 0
      vertex -26.495717846477206 -20.130806258460286 0
    endloop
  endfacet
  facet normal 0 0 -1
    outer loop
      vertex -30.5 -23.5 0
      vertex -26.495717846477206 -19.869193741539714 0
      vertex -26.5 -20 0
    endloop
  endfacet
  facet normal 0 0 -1
    outer loop
      vertex -30.474334582686424 -23.89157857745886 0
      vertex -24.761052384440102 -21.982889722747622 0
      vertex -24.630806258460286 -21.995717846477206 0
    endloop
  endfacet
  facet normal 0 0 -1
    outer loop
      vertex -30.474334582686424 -23.89157857745886 0
      vertex -24.630806258460286 -21.995717846477206 0
      vertex -24.5 -22 0
    endloop
  endfacet
  facet normal 0 0 -1
    outer loop
      vertex -30.5 -23.5 0
      vertex -23.388859533960797 18.33706077539491 0
      vertex -26.495717846477206 -19.869193741539714 0
    endloop
  endfacet
  facet normal 0 0 -1
    outer loop
      vertex -26.495717846477206 -19.869193741539714 0
      vertex -23.388859533960797 18.33706077539491 0
      vertex -26.482889722747622 -19.738947615559898 0
    endloop
  endfacet
  facet normal 0 0 -1
    outer loop
      vertex -26.482889722747622 -19.738947615559898 0
      vertex -23.388859533960797 18.33706077539491 0
      vertex -26.46157056080646 -19.609819355967744 0
    endloop
  endfacet
  facet normal 0 0 -1
    outer loop
      vertex -26.46157056080646 -19.609819355967744 0
      vertex -23.388859533960797 18.33706077539491 0
      vertex -26.431851652578136 -19.48236190979496 0
    endloop
  endfacet
  facet normal 0 0 -1
    outer loop
      vertex -26.431851652578136 -19.48236190979496 0
      vertex -23.388859533960797 18.33706077539491 0
      vertex -26.393860258990212 -19.357121069393678 0
    endloop
  endfacet
  facet normal 0 0 -1
    outer loop
      vertex -26.393860258990212 -19.357121069393678 0
      vertex -23.388859533960797 18.33706077539491 0
      vertex -26.347759065022572 -19.23463313526982 0
    endloop
  endfacet
  facet normal 0 0 -1
    outer loop
      vertex -26.347759065022572 -19.23463313526982 0
      vertex -23.388859533960797 18.33706077539491 0
      vertex -26.293745483065376 -19.115422619561997 0
    endloop
  endfacet
  facet normal 0 0 -1
    outer loop
      vertex -26.293745483065376 -19.115422619561997 0
      vertex -23.388859533960797 18.33706077539491 0
      vertex -26.23205080756888 -19 0
    endloop
  endfacet
  facet normal 0 0 -1
    outer loop
      vertex -26.23205080756888 -19 0
      vertex -23.388859533960797 18.33706077539491 0
      vertex -26.16293922460509 -18.888859533960797 0
    endloop
  endfacet
  facet normal 0 0 -1
    outer loop
      vertex -26.16293922460509 -18.888859533960797 0
      vertex -23.388859533960797 18.33706077539491 0
      vertex -26.08670668058247 -18.782477141982557 0
    endloop
  endfacet
  facet normal 0 0 -1
    outer loop
      vertex -26.08670668058247 -18.782477141982557 0
      vertex -23.388859533960797 18.33706077539491 0
      vertex -26.003679614957953 -18.68130836979986 0
    endloop
  endfacet
  facet normal 0 0 -1
    outer loop
      vertex -26.003679614957953 -18.68130836979986 0
      vertex -23.388859533960797 18.33706077539491 0
      vertex -25.914213562373096 -18.585786437626904 0
    endloop
  endfacet
  facet normal 0 0 -1
    outer loop
      vertex -25.81869163020014 -18.496320385042047 0
      vertex -25.914213562373096 -18.585786437626904 0
      vertex -23.388859533960797 18.33706077539491 0
    endloop
  endfacet
  facet normal 0 0 -1
    outer loop
      vertex -25.717522858017443 -18.41329331941753 0
      vertex -25.81869163020014 -18.496320385042047 0
      vertex -23.388859533960797 18.33706077539491 0
    endloop
  endfacet
  facet normal 0 0 -1
    outer loop
      vertex -25.611140466039203 -18.33706077539491 0
      vertex -25.717522858017443 -18.41329331941753 0
      vertex -23.388859533960797 18.33706077539491 0
    endloop
  endfacet
  facet normal 0 0 -1
    outer loop
      vertex -25.5 -18.26794919243112 0
      vertex -25.611140466039203 -18.33706077539491 0
      vertex -23.388859533960797 18.33706077539491 0
    endloop
  endfacet
  facet normal 0 0 -1
    outer loop
      vertex -25.384577380438003 -18.206254516934624 0
      vertex -25.5 -18.26794919243112 0
      vertex -23.388859533960797 18.33706077539491 0
    endloop
  endfacet
  facet normal 0 0 -1
    outer loop
      vertex -25.26536686473018 -18.152240934977428 0
      vertex -25.384577380438003 -18.206254516934624 0
      vertex -23.388859533960797 18.33706077539491 0
    endloop
  endfacet
  facet normal 0 0 -1
    outer loop
      vertex -25.142878930606322 -18.106139741009788 0
      vertex -25.26536686473018 -18.152240934977428 0
      vertex -23.388859533960797 18.33706077539491 0
    endloop
  endfacet
  facet normal 0 0 -1
    outer loop
      vertex -25.01763809020504 -18.068148347421864 0
      vertex -25.142878930606322 -18.106139741009788 0
      vertex -23.388859533960797 18.33706077539491 0
    endloop
  endfacet
  facet normal 0 0 -1
    outer loop
      vertex -24.890180644032256 -18.03842943919354 0
      vertex -25.01763809020504 -18.068148347421864 0
      vertex -23.388859533960797 18.33706077539491 0
    endloop
  endfacet
  facet normal 0 0 -1
    outer loop
      vertex -24.761052384440102 -18.017110277252378 0
      vertex -24.890180644032256 -18.03842943919354 0
      vertex -23.388859533960797 18.33706077539491 0
    endloop
  endfacet
  facet normal 0 0 -1
    outer loop
      vertex -24.630806258460286 -18.004282153522794 0
      vertex -24.761052384440102 -18.017110277252378 0
      vertex -23.388859533960797 18.33706077539491 0
    endloop
  endfacet
  facet normal 0 0 -1
    outer loop
      vertex -24.5 -18 0
      vertex -24.630806258460286 -18.004282153522794 0
      vertex -23.388859533960797 18.33706077539491 0
    endloop
  endfacet
  facet normal 0 0 -1
    outer loop
      vertex -24.369193741539714 -18.004282153522794 0
      vertex -24.5 -18 0
      vertex -23.388859533960797 18.33706077539491 0
    endloop
  endfacet
  facet normal 0 0 -1
    outer loop
      vertex -24.238947615559898 -18.017110277252378 0
      vertex -24.369193741539714 -18.004282153522794 0
      vertex -23.388859533960797 18.33706077539491 0
    endloop
  endfacet
  facet normal 0 0 -1
    outer loop
      vertex -29.166710697114468 -25.99440883845091 0
      vertex 29.47803744673729 -25.755519419908524 0
      vertex -29 -26.098076209425926 0
    endloop
  endfacet
  facet normal 0 0 -1
    outer loop
      vertex -29.326284289360046 -25.880060024559498 0
      vertex -29.47803744673729 -25.755519419908524 0
      vertex 29.755519419908524 -25.47803744673729 0
    endloop
  endfacet
  facet normal 0 0 -1
    outer loop
      vertex -29.326284289360046 -25.880060024559498 0
      vertex 29.621320344507694 -25.621320344507694 0
      vertex -29.166710697114468 -25.99440883845091 0
    endloop
  endfacet
  facet normal 0 0 -1
    outer loop
      vertex -29.755519419908524 -25.47803744673729 0
      vertex 29.99440883845091 -25.166710697114468 0
      vertex -29.621320344507694 -25.621320344507694 0
    endloop
  endfacet
  facet normal 0 0 -1
    outer loop
      vertex -29.880060024559498 -25.326284289360046 0
      vertex 30.098076209425926 -25 0
      vertex -29.755519419908524 -25.47803744673729 0
    endloop
  endfacet
  facet normal 0 0 -1
    outer loop
      vertex -29.621320344507694 -25.621320344507694 0
      vertex 29.880060024559498 -25.326284289360046 0
      vertex -29.47803744673729 -25.755519419908524 0
    endloop
  endfacet
  facet normal 0 0 -1
    outer loop
      vertex -29.880060024559498 -25.326284289360046 0
      vertex -29.99440883845091 -25.166710697114468 0
      vertex 30.190618224442005 -24.826866067945957 0
    endloop
  endfacet
  facet normal 0 0 -1
    outer loop
      vertex -30.098076209425926 -25 0
      vertex 30.271638594567776 -24.64805030077696 0
      vertex -29.99440883845091 -25.166710697114468 0
    endloop
  endfacet
  facet normal 0 0 -1
    outer loop
      vertex -30.271638594567776 -24.64805030077696 0
      vertex 30.39777747541666 -24.276457138359547 0
      vertex -30.190618224442005 -24.826866067945957 0
    endloop
  endfacet
  facet normal 0 0 -1
    outer loop
      vertex -30.271638594567776 -24.64805030077696 0
      vertex -30.340790390968323 -24.46431839466095 0
      vertex 30.44235584139824 -24.08527096360922 0
    endloop
  endfacet
  facet normal 0 0 -1
    outer loop
      vertex -30.340790390968323 -24.46431839466095 0
      vertex -30.39777747541666 -24.276457138359547 0
      vertex 30.474334582686424 -23.89157857745886 0
    endloop
  endfacet
  facet normal 0 0 -1
    outer loop
      vertex -30.39777747541666 -24.276457138359547 0
      vertex -30.44235584139824 -24.08527096360922 0
      vertex 30.493576772511005 -23.696209385991096 0
    endloop
  endfacet
  facet normal 0 0 -1
    outer loop
      vertex -30.098076209425926 -25 0
      vertex -30.190618224442005 -24.826866067945957 0
      vertex 30.340790390968323 -24.46431839466095 0
    endloop
  endfacet
  facet normal 0 0 -1
    outer loop
      vertex -30.44235584139824 -24.08527096360922 0
      vertex -30.474334582686424 -23.89157857745886 0
      vertex 30.5 -23.5 0
    endloop
  endfacet
  facet normal 0 0 -1
    outer loop
      vertex -28.46431839466095 -26.340790390968323 0
      vertex 28.826866067945957 -26.190618224442005 0
      vertex -28.276457138359547 -26.39777747541666 0
    endloop
  endfacet
  facet normal 0 0 -1
    outer loop
      vertex -28.826866067945957 -26.190618224442005 0
      vertex 29.166710697114468 -25.99440883845091 0
      vertex -28.64805030077696 -26.271638594567776 0
    endloop
  endfacet
  facet normal 0 0 -1
    outer loop
      vertex -28.64805030077696 -26.271638594567776 0
      vertex 29 -26.098076209425926 0
      vertex -28.46431839466095 -26.340790390968323 0
    endloop
  endfacet
  facet normal 0 0 -1
    outer loop
      vertex -28.276457138359547 -26.39777747541666 0
      vertex 28.64805030077696 -26.271638594567776 0
      vertex -28.08527096360922 -26.44235584139824 0
    endloop
  endfacet
  facet normal 0 0 -1
    outer loop
      vertex -28.08527096360922 -26.44235584139824 0
      vertex 28.46431839466095 -26.340790390968323 0
      vertex -27.89157857745886 -26.474334582686424 0
    endloop
  endfacet
  facet normal 0 0 -1
    outer loop
      vertex -27.89157857745886 -26.474334582686424 0
      vertex 28.276457138359547 -26.39777747541666 0
      vertex -27.696209385991096 -26.493576772511005 0
    endloop
  endfacet
  facet normal 0 0 -1
    outer loop
      vertex -29 -26.098076209425926 0
      vertex 29.326284289360046 -25.880060024559498 0
      vertex -28.826866067945957 -26.190618224442005 0
    endloop
  endfacet
  facet normal 0 0 -1
    outer loop
      vertex -27.696209385991096 -26.493576772511005 0
      vertex 28.08527096360922 -26.44235584139824 0
      vertex -27.5 -26.5 0
    endloop
  endfacet
  facet normal 0 0 -1
    outer loop
      vertex -30.474334582686424 -23.89157857745886 0
      vertex -24.5 -22 0
      vertex 23.857121069393678 -21.893860258990212 0
    endloop
  endfacet
  facet normal 0 0 -1
    outer loop
      vertex -24.5 -22 0
      vertex -24.369193741539714 -21.995717846477206 0
      vertex 23.857121069393678 -21.893860258990212 0
    endloop
  endfacet
  facet normal 0 0 -1
    outer loop
      vertex -24.369193741539714 -21.995717846477206 0
      vertex -24.238947615559898 -21.982889722747622 0
      vertex 23.857121069393678 -21.893860258990212 0
    endloop
  endfacet
  facet normal 0 0 -1
    outer loop
      vertex -24.238947615559898 -21.982889722747622 0
      vertex -24.109819355967744 -21.96157056080646 0
      vertex 23.857121069393678 -21.893860258990212 0
    endloop
  endfacet
  facet normal 0 0 -1
    outer loop
      vertex -24.109819355967744 -21.96157056080646 0
      vertex -23.98236190979496 -21.931851652578136 0
      vertex 23.857121069393678 -21.893860258990212 0
    endloop
  endfacet
  facet normal 0 0 -1
    outer loop
      vertex -23.98236190979496 -21.931851652578136 0
      vertex -23.857121069393678 -21.893860258990212 0
      vertex 23.857121069393678 -21.893860258990212 0
    endloop
  endfacet
  facet normal 0 0 -1
    outer loop
      vertex -23.857121069393678 -21.893860258990212 0
      vertex -23.73463313526982 -21.847759065022572 0
      vertex 23.857121069393678 -21.893860258990212 0
    endloop
  endfacet
  facet normal 0 0 -1
    outer loop
      vertex -23.73463313526982 -21.847759065022572 0
      vertex -23.615422619561997 -21.793745483065376 0
      vertex 23.73463313526982 -21.847759065022572 0
    endloop
  endfacet
  facet normal 0 0 -1
    outer loop
      vertex -23.615422619561997 -21.793745483065376 0
      vertex -23.5 -21.73205080756888 0
      vertex 23.615422619561997 -21.793745483065376 0
    endloop
  endfacet
  facet normal 0 0 -1
    outer loop
      vertex -23.5 -21.73205080756888 0
      vertex -23.388859533960797 -21.66293922460509 0
      vertex 23.5 -21.73205080756888 0
    endloop
  endfacet
  facet normal 0 0 -1
    outer loop
      vertex -23.388859533960797 -21.66293922460509 0
      vertex -23.282477141982557 -21.58670668058247 0
      vertex 23.388859533960797 -21.66293922460509 0
    endloop
  endfacet
  facet normal 0 0 -1
    outer loop
      vertex -23.282477141982557 -21.58670668058247 0
      vertex -23.18130836979986 -21.503679614957953 0
      vertex 23.282477141982557 -21.58670668058247 0
    endloop
  endfacet
  facet normal 0 0 -1
    outer loop
      vertex -23.18130836979986 -21.503679614957953 0
      vertex -23.085786437626904 -21.414213562373096 0
      vertex 23.18130836979986 -21.503679614957953 0
    endloop
  endfacet
  facet normal 0 0 -1
    outer loop
      vertex -23.085786437626904 -21.414213562373096 0
      vertex -22.996320385042047 -21.31869163020014 0
      vertex 23.085786437626904 -21.414213562373096 0
    endloop
  endfacet
  facet normal 0 0 -1
    outer loop
      vertex -22.91329331941753 -21.217522858017443 0
      vertex 22.996320385042047 -21.31869163020014 0
      vertex -22.996320385042047 -21.31869163020014 0
    endloop
  endfacet
  facet normal 0 0 -1
    outer loop
      vertex -22.83706077539491 -21.111140466039203 0
      vertex 22.91329331941753 -21.217522858017443 0
      vertex -22.91329331941753 -21.217522858017443 0
    endloop
  endfacet
  facet normal 0 0 -1
    outer loop
      vertex -22.76794919243112 -21 0
      vertex 22.83706077539491 -21.111140466039203 0
      vertex -22.83706077539491 -21.111140466039203 0
    endloop
  endfacet
  facet normal 0 0 -1
    outer loop
      vertex -22.706254516934624 -20.884577380438003 0
      vertex 22.76794919243112 -21 0
      vertex -22.76794919243112 -21 0
    endloop
  endfacet
  facet normal 0 0 -1
    outer loop
      vertex -22.652240934977428 -20.76536686473018 0
      vertex 22.706254516934624 -20.884577380438003 0
      vertex -22.706254516934624 -20.884577380438003 0
    endloop
  endfacet
  facet normal 0 0 -1
    outer loop
      vertex -22.606139741009788 -20.642878930606322 0
      vertex 22.652240934977428 -20.76536686473018 0
      vertex -22.652240934977428 -20.76536686473018 0
    endloop
  endfacet
  facet normal 0 0 -1
    outer loop
      vertex -22.568148347421864 -20.51763809020504 0
      vertex 22.606139741009788 -20.642878930606322 0
      vertex -22.606139741009788 -20.642878930606322 0
    endloop
  endfacet
  facet normal 0 0 -1
    outer loop
      vertex -22.53842943919354 -20.390180644032256 0
      vertex 22.568148347421864 -20.51763809020504 0
      vertex -22.568148347421864 -20.51763809020504 0
    endloop
  endfacet
  facet normal 0 0 -1
    outer loop
      vertex -22.517110277252378 -20.261052384440102 0
      vertex 22.53842943919354 -20.390180644032256 0
      vertex -22.53842943919354 -20.390180644032256 0
    endloop
  endfacet
  facet normal 0 0 -1
    outer loop
      vertex -22.504282153522794 -20.130806258460286 0
      vertex 22.517110277252378 -20.261052384440102 0
      vertex -22.517110277252378 -20.261052384440102 0
    endloop
  endfacet
  facet normal 0 0 -1
    outer loop
      vertex -22.5 -20 0
      vertex 22.504282153522794 -20.130806258460286 0
      vertex -22.504282153522794 -20.130806258460286 0
    endloop
  endfacet
  facet normal 0 0 -1
    outer loop
      vertex -22.504282153522794 -19.869193741539714 0
      vertex 22.5 -20 0
      vertex -22.5 -20 0
    endloop
  endfacet
  facet normal 0 0 -1
    outer loop
      vertex -22.53842943919354 -19.609819355967744 0
      vertex 22.517110277252378 -19.738947615559898 0
      vertex -22.517110277252378 -19.738947615559898 0
    endloop
  endfacet
  facet normal 0 0 -1
    outer loop
      vertex -22.517110277252378 -19.738947615559898 0
      vertex 22.504282153522794 -19.869193741539714 0
      vertex -22.504282153522794 -19.869193741539714 0
    endloop
  endfacet
  facet normal 0 0 -1
    outer loop
      vertex -22.568148347421864 -19.48236190979496 0
      vertex 22.53842943919354 -19.609819355967744 0
      vertex -22.53842943919354 -19.609819355967744 0
    endloop
  endfacet
  facet normal 0 0 -1
    outer loop
      vertex -22.606139741009788 -19.357121069393678 0
      vertex 22.568148347421864 -19.48236190979496 0
      vertex -22.568148347421864 -19.48236190979496 0
    endloop
  endfacet
  facet normal 0 0 -1
    outer loop
      vertex -24.109819355967744 -18.03842943919354 0
      vertex -24.238947615559898 -18.017110277252378 0
      vertex 22.504282153522794 20.130806258460286 0
    endloop
  endfacet
  facet normal 0 0 -1
    outer loop
      vertex -23.73463313526982 -18.152240934977428 0
      vertex 23.5 18.26794919243112 0
      vertex -23.615422619561997 -18.206254516934624 0
    endloop
  endfacet
  facet normal 0 0 -1
    outer loop
      vertex -23.615422619561997 -18.206254516934624 0
      vertex 23.615422619561997 18.206254516934624 0
      vertex -23.5 -18.26794919243112 0
    endloop
  endfacet
  facet normal 0 0 -1
    outer loop
      vertex -23.5 -18.26794919243112 0
      vertex 23.73463313526982 18.152240934977428 0
      vertex -23.388859533960797 -18.33706077539491 0
    endloop
  endfacet
  facet normal 0 0 -1
    outer loop
      vertex -23.388859533960797 -18.33706077539491 0
      vertex 23.73463313526982 18.152240934977428 0
      vertex -23.282477141982557 -18.41329331941753 0
    endloop
  endfacet
  facet normal 0 0 -1
    outer loop
      vertex -23.73463313526982 -18.152240934977428 0
      vertex -23.857121069393678 -18.106139741009788 0
      vertex 22.517110277252378 19.738947615559898 0
    endloop
  endfacet
  facet normal 0 0 -1
    outer loop
      vertex -23.857121069393678 -18.106139741009788 0
      vertex -23.98236190979496 -18.068148347421864 0
      vertex 22.504282153522794 19.869193741539714 0
    endloop
  endfacet
  facet normal 0 0 -1
    outer loop
      vertex -23.98236190979496 -18.068148347421864 0
      vertex -24.109819355967744 -18.03842943919354 0
      vertex 22.5 20 0
    endloop
  endfacet
  facet normal 0 0 -1
    outer loop
      vertex 23.73463313526982 18.152240934977428 0
      vertex -22.606139741009788 -19.357121069393678 0
      vertex -22.652240934977428 -19.23463313526982 0
    endloop
  endfacet
  facet normal 0 0 -1
    outer loop
      vertex 23.73463313526982 18.152240934977428 0
      vertex -22.652240934977428 -19.23463313526982 0
      vertex -22.706254516934624 -19.115422619561997 0
    endloop
  endfacet
  facet normal 0 0 -1
    outer loop
      vertex 23.73463313526982 18.152240934977428 0
      vertex -22.706254516934624 -19.115422619561997 0
      vertex -22.76794919243112 -19 0
    endloop
  endfacet
  facet normal 0 0 -1
    outer loop
      vertex 23.73463313526982 18.152240934977428 0
      vertex -22.91329331941753 -18.782477141982557 0
      vertex -22.996320385042047 -18.68130836979986 0
    endloop
  endfacet
  facet normal 0 0 -1
    outer loop
      vertex 23.73463313526982 18.152240934977428 0
      vertex -23.18130836979986 -18.496320385042047 0
      vertex -23.282477141982557 -18.41329331941753 0
    endloop
  endfacet
  facet normal 0 0 -1
    outer loop
      vertex 23.73463313526982 18.152240934977428 0
      vertex -23.085786437626904 -18.585786437626904 0
      vertex -23.18130836979986 -18.496320385042047 0
    endloop
  endfacet
  facet normal 0 0 -1
    outer loop
      vertex 23.73463313526982 18.152240934977428 0
      vertex -22.996320385042047 -18.68130836979986 0
      vertex -23.085786437626904 -18.585786437626904 0
    endloop
  endfacet
  facet normal 0 0 -1
    outer loop
      vertex 23.73463313526982 18.152240934977428 0
      vertex -22.76794919243112 -19 0
      vertex -22.83706077539491 -18.888859533960797 0
    endloop
  endfacet
  facet normal 0 0 -1
    outer loop
      vertex 23.73463313526982 18.152240934977428 0
      vertex -22.83706077539491 -18.888859533960797 0
      vertex -22.91329331941753 -18.782477141982557 0
    endloop
  endfacet
  facet normal -0.8492021866926847 -0.5280678423425941 0
    outer loop
      vertex -30.098076209425926 -25 0
      vertex -29.99440883845091 -25.166710697114468 0
      vertex -30.098076209425926 -25 3.6
    endloop
  endfacet
  facet normal -0.8819212636659368 -0.4713967381027125 0
    outer loop
      vertex -30.098076209425926 -25 0
      vertex -30.190618224442005 -24.826866067945957 3.6
      vertex -30.190618224442005 -24.826866067945957 0
    endloop
  endfacet
  facet normal -0.7730104360012042 -0.6343933053187338 0
    outer loop
      vertex -29.880060024559498 -25.326284289360046 0
      vertex -29.755519419908524 -25.47803744673729 0
      vertex -29.880060024559498 -25.326284289360046 3.6
    endloop
  endfacet
  facet normal -0.7298640803691233 -0.6835922938323207 0
    outer loop
      vertex -29.755519419908524 -25.47803744673729 0
      vertex -29.621320344507694 -25.621320344507694 0
      vertex -29.755519419908524 -25.47803744673729 3.6
    endloop
  endfacet
  facet normal -0.6835922938323207 -0.7298640803691233 0
    outer loop
      vertex -29.621320344507694 -25.621320344507694 0
      vertex -29.47803744673729 -25.755519419908524 0
      vertex -29.621320344507694 -25.621320344507694 3.6
    endloop
  endfacet
  facet normal -0.8128466971527092 -0.5824776793388156 0
    outer loop
      vertex -29.880060024559498 -25.326284289360046 0
      vertex -29.99440883845091 -25.166710697114468 3.6
      vertex -29.99440883845091 -25.166710697114468 0
    endloop
  endfacet
  facet normal -0.6343933053187338 -0.7730104360012042 0
    outer loop
      vertex -29.326284289360046 -25.880060024559498 0
      vertex -29.47803744673729 -25.755519419908524 3.6
      vertex -29.47803744673729 -25.755519419908524 0
    endloop
  endfacet
  facet normal -0.5824776793388156 -0.8128466971527092 0
    outer loop
      vertex -29.326284289360046 -25.880060024559498 0
      vertex -29.166710697114468 -25.99440883845091 0
      vertex -29.326284289360046 -25.880060024559498 3.6
    endloop
  endfacet
  facet normal -0.5280678423425941 -0.8492021866926847 0
    outer loop
      vertex -29.166710697114468 -25.99440883845091 0
      vertex -29 -26.098076209425926 0
      vertex -29.166710697114468 -25.99440883845091 3.6
    endloop
  endfacet
  facet normal -0.4713967381027125 -0.8819212636659368 0
    outer loop
      vertex -29 -26.098076209425926 0
      vertex -28.826866067945957 -26.190618224442005 0
      vertex -29 -26.098076209425926 3.6
    endloop
  endfacet
  facet normal -0.4127070301699061 -0.9108638247555647 0
    outer loop
      vertex -28.826866067945957 -26.190618224442005 0
      vertex -28.64805030077696 -26.271638594567776 0
      vertex -28.826866067945957 -26.190618224442005 3.6
    endloop
  endfacet
  facet normal -0.9359059207227497 -0.3522500639547167 0
    outer loop
      vertex -30.271638594567776 -24.64805030077696 0
      vertex -30.340790390968323 -24.46431839466095 3.6
      vertex -30.340790390968323 -24.46431839466095 0
    endloop
  endfacet
  facet normal -0.9108638247555647 -0.4127070301699061 0
    outer loop
      vertex -30.271638594567776 -24.64805030077696 0
      vertex -30.190618224442005 -24.826866067945957 0
      vertex -30.271638594567776 -24.64805030077696 3.6
    endloop
  endfacet
  facet normal -0.9569403422822491 -0.29028465566187256 0
    outer loop
      vertex -30.340790390968323 -24.46431839466095 0
      vertex -30.39777747541666 -24.276457138359547 3.6
      vertex -30.39777747541666 -24.276457138359547 0
    endloop
  endfacet
  facet normal -0.9738769766202653 -0.22707627442991757 0
    outer loop
      vertex -30.39777747541666 -24.276457138359547 0
      vertex -30.44235584139824 -24.08527096360922 3.6
      vertex -30.44235584139824 -24.08527096360922 0
    endloop
  endfacet
  facet normal -0.9866433329764108 -0.1628954679946601 0
    outer loop
      vertex -30.44235584139824 -24.08527096360922 0
      vertex -30.474334582686424 -23.89157857745886 3.6
      vertex -30.474334582686424 -23.89157857745886 0
    endloop
  endfacet
  facet normal -0.9951847246925356 -0.09801716042939747 0
    outer loop
      vertex -30.474334582686424 -23.89157857745886 0
      vertex -30.493576772511005 -23.696209385991096 3.6
      vertex -30.493576772511005 -23.696209385991096 0
    endloop
  endfacet
  facet normal -0.9994645879327152 -0.03271906888173734 0
    outer loop
      vertex -30.493576772511005 -23.696209385991096 0
      vertex -30.5 -23.5 3.6
      vertex -30.5 -23.5 0
    endloop
  endfacet
  facet normal -0.3522500639547167 -0.9359059207227497 0
    outer loop
      vertex -28.64805030077696 -26.271638594567776 0
      vertex -28.46431839466095 -26.340790390968323 0
      vertex -28.64805030077696 -26.271638594567776 3.6
    endloop
  endfacet
  facet normal -0.29028465566187256 -0.9569403422822491 0
    outer loop
      vertex -28.46431839466095 -26.340790390968323 0
      vertex -28.276457138359547 -26.39777747541666 0
      vertex -28.46431839466095 -26.340790390968323 3.6
    endloop
  endfacet
  facet normal -0.22707627442991757 -0.9738769766202653 0
    outer loop
      vertex -28.276457138359547 -26.39777747541666 0
      vertex -28.08527096360922 -26.44235584139824 0
      vertex -28.276457138359547 -26.39777747541666 3.6
    endloop
  endfacet
  facet normal -0.1628954679946601 -0.9866433329764108 0
    outer loop
      vertex -28.08527096360922 -26.44235584139824 0
      vertex -27.89157857745886 -26.474334582686424 0
      vertex -28.08527096360922 -26.44235584139824 3.6
    endloop
  endfacet
  facet normal -0.09801716042939747 -0.9951847246925356 0
    outer loop
      vertex -27.89157857745886 -26.474334582686424 0
      vertex -27.696209385991096 -26.493576772511005 0
      vertex -27.89157857745886 -26.474334582686424 3.6
    endloop
  endfacet
  facet normal -0.03271906888173734 -0.9994645879327152 0
    outer loop
      vertex -27.696209385991096 -26.493576772511005 0
      vertex -27.5 -26.5 0
      vertex -27.696209385991096 -26.493576772511005 3.6
    endloop
  endfacet
  facet normal -1 0 0
    outer loop
      vertex -30.5 -23.5 0
      vertex -30.5 -23.5 3.6
      vertex -30.5 -12.692399928663953 1.5
    endloop
  endfacet
  facet normal -1 0 0
    outer loop
      vertex -30.5 -23.5 0
      vertex -30.5 -12.692399928663953 1.5
      vertex -30.5 -12.008409684244745 1.387072753609445
    endloop
  endfacet
  facet normal -1 0 0
    outer loop
      vertex -30.5 -23.5 0
      vertex -30.5 -12.008409684244745 1.387072753609445
      vertex -30.5 -6.017087889173162 0.7969790620484787
    endloop
  endfacet
  facet normal -0.8492021866926847 -0.5280678423425941 0
    outer loop
      vertex -29.99440883845091 -25.166710697114468 0
      vertex -29.99440883845091 -25.166710697114468 3.6
      vertex -30.098076209425926 -25 3.6
    endloop
  endfacet
  facet normal -0.8819212636659368 -0.4713967381027125 0
    outer loop
      vertex -30.098076209425926 -25 0
      vertex -30.098076209425926 -25 3.6
      vertex -30.190618224442005 -24.826866067945957 3.6
    endloop
  endfacet
  facet normal -0.8128466971527092 -0.5824776793388156 0
    outer loop
      vertex -29.880060024559498 -25.326284289360046 0
      vertex -29.880060024559498 -25.326284289360046 3.6
      vertex -29.99440883845091 -25.166710697114468 3.6
    endloop
  endfacet
  facet normal -0.7730104360012042 -0.6343933053187338 0
    outer loop
      vertex -29.755519419908524 -25.47803744673729 0
      vertex -29.755519419908524 -25.47803744673729 3.6
      vertex -29.880060024559498 -25.326284289360046 3.6
    endloop
  endfacet
  facet normal -0.7298640803691233 -0.6835922938323207 0
    outer loop
      vertex -29.621320344507694 -25.621320344507694 0
      vertex -29.621320344507694 -25.621320344507694 3.6
      vertex -29.755519419908524 -25.47803744673729 3.6
    endloop
  endfacet
  facet normal -0.6835922938323207 -0.7298640803691233 0
    outer loop
      vertex -29.47803744673729 -25.755519419908524 0
      vertex -29.47803744673729 -25.755519419908524 3.6
      vertex -29.621320344507694 -25.621320344507694 3.6
    endloop
  endfacet
  facet normal -0.6343933053187338 -0.7730104360012042 0
    outer loop
      vertex -29.326284289360046 -25.880060024559498 0
      vertex -29.326284289360046 -25.880060024559498 3.6
      vertex -29.47803744673729 -25.755519419908524 3.6
    endloop
  endfacet
  facet normal -0.5824776793388156 -0.8128466971527092 0
    outer loop
      vertex -29.166710697114468 -25.99440883845091 0
      vertex -29.166710697114468 -25.99440883845091 3.6
      vertex -29.326284289360046 -25.880060024559498 3.6
    endloop
  endfacet
  facet normal -0.4713967381027125 -0.8819212636659368 0
    outer loop
      vertex -28.826866067945957 -26.190618224442005 0
      vertex -28.826866067945957 -26.190618224442005 3.6
      vertex -29 -26.098076209425926 3.6
    endloop
  endfacet
  facet normal -0.4127070301699061 -0.9108638247555647 0
    outer loop
      vertex -28.64805030077696 -26.271638594567776 0
      vertex -28.64805030077696 -26.271638594567776 3.6
      vertex -28.826866067945957 -26.190618224442005 3.6
    endloop
  endfacet
  facet normal -0.5280678423425941 -0.8492021866926847 0
    outer loop
      vertex -29 -26.098076209425926 0
      vertex -29 -26.098076209425926 3.6
      vertex -29.166710697114468 -25.99440883845091 3.6
    endloop
  endfacet
  facet normal -0.9359059207227497 -0.3522500639547167 0
    outer loop
      vertex -30.271638594567776 -24.64805030077696 0
      vertex -30.271638594567776 -24.64805030077696 3.6
      vertex -30.340790390968323 -24.46431839466095 3.6
    endloop
  endfacet
  facet normal -0.9108638247555647 -0.4127070301699061 0
    outer loop
      vertex -30.190618224442005 -24.826866067945957 0
      vertex -30.190618224442005 -24.826866067945957 3.6
      vertex -30.271638594567776 -24.64805030077696 3.6
    endloop
  endfacet
  facet normal -0.9569403422822491 -0.29028465566187256 0
    outer loop
      vertex -30.340790390968323 -24.46431839466095 0
      vertex -30.340790390968323 -24.46431839466095 3.6
      vertex -30.39777747541666 -24.276457138359547 3.6
    endloop
  endfacet
  facet normal -0.9738769766202653 -0.22707627442991757 0
    outer loop
      vertex -30.39777747541666 -24.276457138359547 0
      vertex -30.39777747541666 -24.276457138359547 3.6
      vertex -30.44235584139824 -24.08527096360922 3.6
    endloop
  endfacet
  facet normal -0.9866433329764108 -0.1628954679946601 0
    outer loop
      vertex -30.44235584139824 -24.08527096360922 0
      vertex -30.44235584139824 -24.08527096360922 3.6
      vertex -30.474334582686424 -23.89157857745886 3.6
    endloop
  endfacet
  facet normal -0.9951847246925356 -0.09801716042939747 0
    outer loop
      vertex -30.474334582686424 -23.89157857745886 0
      vertex -30.474334582686424 -23.89157857745886 3.6
      vertex -30.493576772511005 -23.696209385991096 3.6
    endloop
  endfacet
  facet normal -0.9994645879327152 -0.03271906888173734 0
    outer loop
      vertex -30.493576772511005 -23.696209385991096 0
      vertex -30.493576772511005 -23.696209385991096 3.6
      vertex -30.5 -23.5 3.6
    endloop
  endfacet
  facet normal -0.3522500639547167 -0.9359059207227497 0
    outer loop
      vertex -28.46431839466095 -26.340790390968323 0
      vertex -28.46431839466095 -26.340790390968323 3.6
      vertex -28.64805030077696 -26.271638594567776 3.6
    endloop
  endfacet
  facet normal -0.29028465566187256 -0.9569403422822491 0
    outer loop
      vertex -28.276457138359547 -26.39777747541666 0
      vertex -28.276457138359547 -26.39777747541666 3.6
      vertex -28.46431839466095 -26.340790390968323 3.6
    endloop
  endfacet
  facet normal -0.22707627442991757 -0.9738769766202653 0
    outer loop
      vertex -28.08527096360922 -26.44235584139824 0
      vertex -28.08527096360922 -26.44235584139824 3.6
      vertex -28.276457138359547 -26.39777747541666 3.6
    endloop
  endfacet
  facet normal -0.1628954679946601 -0.9866433329764108 0
    outer loop
      vertex -27.89157857745886 -26.474334582686424 0
      vertex -27.89157857745886 -26.474334582686424 3.6
      vertex -28.08527096360922 -26.44235584139824 3.6
    endloop
  endfacet
  facet normal -0.09801716042939747 -0.9951847246925356 0
    outer loop
      vertex -27.696209385991096 -26.493576772511005 0
      vertex -27.696209385991096 -26.493576772511005 3.6
      vertex -27.89157857745886 -26.474334582686424 3.6
    endloop
  endfacet
  facet normal -0.03271906888173734 -0.9994645879327152 0
    outer loop
      vertex -27.5 -26.5 0
      vertex -27.5 -26.5 3.6
      vertex -27.696209385991096 -26.493576772511005 3.6
    endloop
  endfacet
  facet normal -1 0 0
    outer loop
      vertex -30.5 -23.5 0
      vertex -30.5 -6.017087889173162 0.7969790620484787
      vertex -30.5 0 0.5999999999999943
    endloop
  endfacet
  facet normal -1 0 0
    outer loop
      vertex -30.5 -12.692399928663953 1.5
      vertex -30.5 -23.5 3.6
      vertex -30.5 23.5 3.6
    endloop
  endfacet
  facet normal 0 -1 0
    outer loop
      vertex -27.5 -26.5 0
      vertex 27.5 -26.5 0
      vertex -27.5 -26.5 3.6
    endloop
  endfacet
  facet normal 0 0 1
    outer loop
      vertex -29.166710697114468 -25.99440883845091 3.6
      vertex -29 -26.098076209425926 3.6
      vertex 29.47803744673729 -25.755519419908524 3.6
    endloop
  endfacet
  facet normal 0 0 1
    outer loop
      vertex -29.326284289360046 -25.880060024559498 3.6
      vertex 29.755519419908524 -25.47803744673729 3.6
      vertex -29.47803744673729 -25.755519419908524 3.6
    endloop
  endfacet
  facet normal 0 0 1
    outer loop
      vertex -29.326284289360046 -25.880060024559498 3.6
      vertex -29.166710697114468 -25.99440883845091 3.6
      vertex 29.621320344507694 -25.621320344507694 3.6
    endloop
  endfacet
  facet normal 0 0 1
    outer loop
      vertex -29.755519419908524 -25.47803744673729 3.6
      vertex -29.621320344507694 -25.621320344507694 3.6
      vertex 29.99440883845091 -25.166710697114468 3.6
    endloop
  endfacet
  facet normal 0 0 1
    outer loop
      vertex -29.880060024559498 -25.326284289360046 3.6
      vertex -29.755519419908524 -25.47803744673729 3.6
      vertex 30.098076209425926 -25 3.6
    endloop
  endfacet
  facet normal 0 0 1
    outer loop
      vertex -29.621320344507694 -25.621320344507694 3.6
      vertex -29.47803744673729 -25.755519419908524 3.6
      vertex 29.880060024559498 -25.326284289360046 3.6
    endloop
  endfacet
  facet normal 0 0 1
    outer loop
      vertex -29.880060024559498 -25.326284289360046 3.6
      vertex 30.190618224442005 -24.826866067945957 3.6
      vertex -29.99440883845091 -25.166710697114468 3.6
    endloop
  endfacet
  facet normal 0 0 1
    outer loop
      vertex -30.098076209425926 -25 3.6
      vertex -29.99440883845091 -25.166710697114468 3.6
      vertex 30.271638594567776 -24.64805030077696 3.6
    endloop
  endfacet
  facet normal 0 0 1
    outer loop
      vertex -30.271638594567776 -24.64805030077696 3.6
      vertex -30.190618224442005 -24.826866067945957 3.6
      vertex 30.39777747541666 -24.276457138359547 3.6
    endloop
  endfacet
  facet normal 0 0 1
    outer loop
      vertex -30.271638594567776 -24.64805030077696 3.6
      vertex 30.44235584139824 -24.08527096360922 3.6
      vertex -30.340790390968323 -24.46431839466095 3.6
    endloop
  endfacet
  facet normal 0 0 1
    outer loop
      vertex -30.340790390968323 -24.46431839466095 3.6
      vertex 30.474334582686424 -23.89157857745886 3.6
      vertex -30.39777747541666 -24.276457138359547 3.6
    endloop
  endfacet
  facet normal 0 0 1
    outer loop
      vertex -30.39777747541666 -24.276457138359547 3.6
      vertex 30.493576772511005 -23.696209385991096 3.6
      vertex -30.44235584139824 -24.08527096360922 3.6
    endloop
  endfacet
  facet normal 0 0 1
    outer loop
      vertex -30.098076209425926 -25 3.6
      vertex 30.340790390968323 -24.46431839466095 3.6
      vertex -30.190618224442005 -24.826866067945957 3.6
    endloop
  endfacet
  facet normal 0 0 1
    outer loop
      vertex -30.44235584139824 -24.08527096360922 3.6
      vertex 30.5 -23.5 3.6
      vertex -30.474334582686424 -23.89157857745886 3.6
    endloop
  endfacet
  facet normal 0 0 1
    outer loop
      vertex -28.46431839466095 -26.340790390968323 3.6
      vertex -28.276457138359547 -26.39777747541666 3.6
      vertex 28.826866067945957 -26.190618224442005 3.6
    endloop
  endfacet
  facet normal 0 0 1
    outer loop
      vertex -28.826866067945957 -26.190618224442005 3.6
      vertex -28.64805030077696 -26.271638594567776 3.6
      vertex 29.166710697114468 -25.99440883845091 3.6
    endloop
  endfacet
  facet normal 0 0 1
    outer loop
      vertex -28.64805030077696 -26.271638594567776 3.6
      vertex -28.46431839466095 -26.340790390968323 3.6
      vertex 29 -26.098076209425926 3.6
    endloop
  endfacet
  facet normal 0 0 1
    outer loop
      vertex -28.276457138359547 -26.39777747541666 3.6
      vertex -28.08527096360922 -26.44235584139824 3.6
      vertex 28.64805030077696 -26.271638594567776 3.6
    endloop
  endfacet
  facet normal 0 0 1
    outer loop
      vertex -28.08527096360922 -26.44235584139824 3.6
      vertex -27.89157857745886 -26.474334582686424 3.6
      vertex 28.46431839466095 -26.340790390968323 3.6
    endloop
  endfacet
  facet normal 0 0 1
    outer loop
      vertex -27.89157857745886 -26.474334582686424 3.6
      vertex -27.696209385991096 -26.493576772511005 3.6
      vertex 28.276457138359547 -26.39777747541666 3.6
    endloop
  endfacet
  facet normal 0 0 1
    outer loop
      vertex -29 -26.098076209425926 3.6
      vertex -28.826866067945957 -26.190618224442005 3.6
      vertex 29.326284289360046 -25.880060024559498 3.6
    endloop
  endfacet
  facet normal 0 0 1
    outer loop
      vertex -27.696209385991096 -26.493576772511005 3.6
      vertex -27.5 -26.5 3.6
      vertex 28.08527096360922 -26.44235584139824 3.6
    endloop
  endfacet
  facet normal 0 0 1
    outer loop
      vertex -30.474334582686424 -23.89157857745886 3.6
      vertex 30.5 23.5 3.6
      vertex -30.493576772511005 -23.696209385991096 3.6
    endloop
  endfacet
  facet normal 0 0 1
    outer loop
      vertex -30.493576772511005 -23.696209385991096 3.6
      vertex 30.493576772511005 23.696209385991096 3.6
      vertex -30.5 -23.5 3.6
    endloop
  endfacet
  facet normal 0 0 -1
    outer loop
      vertex -30.5 -23.5 0
      vertex -26.347759065022572 19.23463313526982 0
      vertex -26.293745483065376 19.115422619561997 0
    endloop
  endfacet
  facet normal 0 0 -1
    outer loop
      vertex -30.5 -23.5 0
      vertex -26.293745483065376 19.115422619561997 0
      vertex -26.23205080756888 19 0
    endloop
  endfacet
  facet normal 0 0 -1
    outer loop
      vertex -30.5 -23.5 0
      vertex -25.914213562373096 18.585786437626904 0
      vertex -25.81869163020014 18.496320385042047 0
    endloop
  endfacet
  facet normal 0 0 -1
    outer loop
      vertex -30.5 -23.5 0
      vertex -25.81869163020014 18.496320385042047 0
      vertex -25.717522858017443 18.41329331941753 0
    endloop
  endfacet
  facet normal 0 0 -1
    outer loop
      vertex -30.5 -23.5 0
      vertex -25.717522858017443 18.41329331941753 0
      vertex -25.611140466039203 18.33706077539491 0
    endloop
  endfacet
  facet normal 0 0 -1
    outer loop
      vertex -30.5 -23.5 0
      vertex -25.611140466039203 18.33706077539491 0
      vertex -25.5 18.26794919243112 0
    endloop
  endfacet
  facet normal 0 0 -1
    outer loop
      vertex -30.5 -23.5 0
      vertex -26.08670668058247 18.782477141982557 0
      vertex -26.003679614957953 18.68130836979986 0
    endloop
  endfacet
  facet normal 0 0 -1
    outer loop
      vertex -30.5 -23.5 0
      vertex -26.16293922460509 18.888859533960797 0
      vertex -26.08670668058247 18.782477141982557 0
    endloop
  endfacet
  facet normal 0 0 -1
    outer loop
      vertex -30.5 -23.5 0
      vertex -26.003679614957953 18.68130836979986 0
      vertex -25.914213562373096 18.585786437626904 0
    endloop
  endfacet
  facet normal 0 0 -1
    outer loop
      vertex -30.5 -23.5 0
      vertex -26.23205080756888 19 0
      vertex -26.16293922460509 18.888859533960797 0
    endloop
  endfacet
  facet normal 0 0 -1
    outer loop
      vertex -30.5 -23.5 0
      vertex -25.5 18.26794919243112 0
      vertex -25.384577380438003 18.206254516934624 0
    endloop
  endfacet
  facet normal 0 0 -1
    outer loop
      vertex -30.5 -23.5 0
      vertex -25.384577380438003 18.206254516934624 0
      vertex -25.26536686473018 18.152240934977428 0
    endloop
  endfacet
  facet normal 0 0 -1
    outer loop
      vertex -30.5 -23.5 0
      vertex -25.26536686473018 18.152240934977428 0
      vertex -25.142878930606322 18.106139741009788 0
    endloop
  endfacet
  facet normal 0 0 -1
    outer loop
      vertex -30.5 -23.5 0
      vertex -25.142878930606322 18.106139741009788 0
      vertex -25.01763809020504 18.068148347421864 0
    endloop
  endfacet
  facet normal 0 0 -1
    outer loop
      vertex -30.5 -23.5 0
      vertex -25.01763809020504 18.068148347421864 0
      vertex -24.890180644032256 18.03842943919354 0
    endloop
  endfacet
  facet normal 0 0 -1
    outer loop
      vertex -30.5 -23.5 0
      vertex -24.890180644032256 18.03842943919354 0
      vertex -24.761052384440102 18.017110277252378 0
    endloop
  endfacet
  facet normal 0 0 -1
    outer loop
      vertex -30.5 -23.5 0
      vertex -26.431851652578136 19.48236190979496 0
      vertex -26.393860258990212 19.357121069393678 0
    endloop
  endfacet
  facet normal 0 0 -1
    outer loop
      vertex -30.5 -23.5 0
      vertex -26.393860258990212 19.357121069393678 0
      vertex -26.347759065022572 19.23463313526982 0
    endloop
  endfacet
  facet normal 0 0 -1
    outer loop
      vertex -30.5 -23.5 0
      vertex -26.46157056080646 19.609819355967744 0
      vertex -26.431851652578136 19.48236190979496 0
    endloop
  endfacet
  facet normal 0 0 -1
    outer loop
      vertex -30.5 -23.5 0
      vertex -26.495717846477206 19.869193741539714 0
      vertex -26.482889722747622 19.738947615559898 0
    endloop
  endfacet
  facet normal 0 0 -1
    outer loop
      vertex -30.5 -23.5 0
      vertex -26.482889722747622 19.738947615559898 0
      vertex -26.46157056080646 19.609819355967744 0
    endloop
  endfacet
  facet normal 0 0 -1
    outer loop
      vertex -30.5 -23.5 0
      vertex -26.5 20 0
      vertex -26.495717846477206 19.869193741539714 0
    endloop
  endfacet
  facet normal 0 0 -1
    outer loop
      vertex -30.5 -23.5 0
      vertex -24.761052384440102 18.017110277252378 0
      vertex -24.630806258460286 18.004282153522794 0
    endloop
  endfacet
  facet normal 0 0 -1
    outer loop
      vertex -30.5 -23.5 0
      vertex -24.630806258460286 18.004282153522794 0
      vertex -24.5 18 0
    endloop
  endfacet
  facet normal 0 0 -1
    outer loop
      vertex -30.5 -23.5 0
      vertex -24.5 18 0
      vertex -24.369193741539714 18.004282153522794 0
    endloop
  endfacet
  facet normal 0 0 -1
    outer loop
      vertex -30.5 -23.5 0
      vertex -24.369193741539714 18.004282153522794 0
      vertex -24.238947615559898 18.017110277252378 0
    endloop
  endfacet
  facet normal 0 0 -1
    outer loop
      vertex -30.5 -23.5 0
      vertex -24.238947615559898 18.017110277252378 0
      vertex -24.109819355967744 18.03842943919354 0
    endloop
  endfacet
  facet normal 0 0 -1
    outer loop
      vertex -30.5 -23.5 0
      vertex -24.109819355967744 18.03842943919354 0
      vertex -23.98236190979496 18.068148347421864 0
    endloop
  endfacet
  facet normal 0 0 -1
    outer loop
      vertex -30.5 -23.5 0
      vertex -23.98236190979496 18.068148347421864 0
      vertex -23.857121069393678 18.106139741009788 0
    endloop
  endfacet
  facet normal 0 0 -1
    outer loop
      vertex -30.5 -23.5 0
      vertex -23.857121069393678 18.106139741009788 0
      vertex -23.73463313526982 18.152240934977428 0
    endloop
  endfacet
  facet normal 0 0 -1
    outer loop
      vertex -30.5 -23.5 0
      vertex -23.73463313526982 18.152240934977428 0
      vertex -23.615422619561997 18.206254516934624 0
    endloop
  endfacet
  facet normal 0 0 -1
    outer loop
      vertex -30.5 -23.5 0
      vertex -23.615422619561997 18.206254516934624 0
      vertex -23.5 18.26794919243112 0
    endloop
  endfacet
  facet normal 0 0 -1
    outer loop
      vertex -30.5 -23.5 0
      vertex -23.5 18.26794919243112 0
      vertex -23.388859533960797 18.33706077539491 0
    endloop
  endfacet
  facet normal 0 0 -1
    outer loop
      vertex -30.5 -23.5 0
      vertex -30.5 23.5 0
      vertex -26.5 20 0
    endloop
  endfacet
  facet normal 0 0 -1
    outer loop
      vertex -30.5 23.5 0
      vertex -26.495717846477206 20.130806258460286 0
      vertex -26.5 20 0
    endloop
  endfacet
  facet normal 0 0 -1
    outer loop
      vertex -30.5 23.5 0
      vertex -26.482889722747622 20.261052384440102 0
      vertex -26.495717846477206 20.130806258460286 0
    endloop
  endfacet
  facet normal 0 0 -1
    outer loop
      vertex -30.5 23.5 0
      vertex -26.46157056080646 20.390180644032256 0
      vertex -26.482889722747622 20.261052384440102 0
    endloop
  endfacet
  facet normal 0 0 -1
    outer loop
      vertex -30.5 23.5 0
      vertex -26.431851652578136 20.51763809020504 0
      vertex -26.46157056080646 20.390180644032256 0
    endloop
  endfacet
  facet normal 0 0 -1
    outer loop
      vertex -30.5 23.5 0
      vertex -26.393860258990212 20.642878930606322 0
      vertex -26.431851652578136 20.51763809020504 0
    endloop
  endfacet
  facet normal 0 0 -1
    outer loop
      vertex -30.5 23.5 0
      vertex -26.347759065022572 20.76536686473018 0
      vertex -26.393860258990212 20.642878930606322 0
    endloop
  endfacet
  facet normal 0 0 -1
    outer loop
      vertex -30.5 23.5 0
      vertex -26.293745483065376 20.884577380438003 0
      vertex -26.347759065022572 20.76536686473018 0
    endloop
  endfacet
  facet normal 0 0 -1
    outer loop
      vertex -30.5 23.5 0
      vertex -26.23205080756888 21 0
      vertex -26.293745483065376 20.884577380438003 0
    endloop
  endfacet
  facet normal 0 0 -1
    outer loop
      vertex -30.5 23.5 0
      vertex -26.16293922460509 21.111140466039203 0
      vertex -26.23205080756888 21 0
    endloop
  endfacet
  facet normal 0 0 -1
    outer loop
      vertex -30.5 23.5 0
      vertex -26.08670668058247 21.217522858017443 0
      vertex -26.16293922460509 21.111140466039203 0
    endloop
  endfacet
  facet normal 0 0 -1
    outer loop
      vertex -30.5 23.5 0
      vertex -26.003679614957953 21.31869163020014 0
      vertex -26.08670668058247 21.217522858017443 0
    endloop
  endfacet
  facet normal 0 0 -1
    outer loop
      vertex -30.5 23.5 0
      vertex -25.914213562373096 21.414213562373096 0
      vertex -26.003679614957953 21.31869163020014 0
    endloop
  endfacet
  facet normal 0 0 -1
    outer loop
      vertex -30.5 23.5 0
      vertex -25.81869163020014 21.503679614957953 0
      vertex -25.914213562373096 21.414213562373096 0
    endloop
  endfacet
  facet normal 0 0 -1
    outer loop
      vertex -30.5 23.5 0
      vertex -25.717522858017443 21.58670668058247 0
      vertex -25.81869163020014 21.503679614957953 0
    endloop
  endfacet
  facet normal 0 0 -1
    outer loop
      vertex -30.5 23.5 0
      vertex -25.611140466039203 21.66293922460509 0
      vertex -25.717522858017443 21.58670668058247 0
    endloop
  endfacet
  facet normal 0 0 -1
    outer loop
      vertex -30.5 23.5 0
      vertex -25.5 21.73205080756888 0
      vertex -25.611140466039203 21.66293922460509 0
    endloop
  endfacet
  facet normal 0 0 -1
    outer loop
      vertex -30.5 23.5 0
      vertex -25.384577380438003 21.793745483065376 0
      vertex -25.5 21.73205080756888 0
    endloop
  endfacet
  facet normal 0 0 -1
    outer loop
      vertex -30.5 23.5 0
      vertex -25.26536686473018 21.847759065022572 0
      vertex -25.384577380438003 21.793745483065376 0
    endloop
  endfacet
  facet normal 0 0 -1
    outer loop
      vertex -30.5 23.5 0
      vertex -25.142878930606322 21.893860258990212 0
      vertex -25.26536686473018 21.847759065022572 0
    endloop
  endfacet
  facet normal 0 0 -1
    outer loop
      vertex -30.5 23.5 0
      vertex -25.01763809020504 21.931851652578136 0
      vertex -25.142878930606322 21.893860258990212 0
    endloop
  endfacet
  facet normal 0 0 -1
    outer loop
      vertex -30.5 23.5 0
      vertex -24.890180644032256 21.96157056080646 0
      vertex -25.01763809020504 21.931851652578136 0
    endloop
  endfacet
  facet normal 0 0 -1
    outer loop
      vertex -30.5 23.5 0
      vertex -24.761052384440102 21.982889722747622 0
      vertex -24.890180644032256 21.96157056080646 0
    endloop
  endfacet
  facet normal 0 0 -1
    outer loop
      vertex -27.89157857745886 26.474334582686424 0
      vertex -27.696209385991096 26.493576772511005 0
      vertex -27.5 26.5 0
    endloop
  endfacet
  facet normal 0 0 -1
    outer loop
      vertex -30.5 23.5 0
      vertex -24.630806258460286 21.995717846477206 0
      vertex -24.761052384440102 21.982889722747622 0
    endloop
  endfacet
  facet normal 0 0 -1
    outer loop
      vertex -24.238947615559898 -18.017110277252378 0
      vertex -23.388859533960797 18.33706077539491 0
      vertex 22.504282153522794 20.130806258460286 0
    endloop
  endfacet
  facet normal 0 0 -1
    outer loop
      vertex -23.388859533960797 18.33706077539491 0
      vertex -23.282477141982557 18.41329331941753 0
      vertex 22.504282153522794 20.130806258460286 0
    endloop
  endfacet
  facet normal 0 0 -1
    outer loop
      vertex -23.282477141982557 18.41329331941753 0
      vertex -23.18130836979986 18.496320385042047 0
      vertex 22.504282153522794 20.130806258460286 0
    endloop
  endfacet
  facet normal 0 0 -1
    outer loop
      vertex -23.18130836979986 18.496320385042047 0
      vertex -23.085786437626904 18.585786437626904 0
      vertex 22.504282153522794 20.130806258460286 0
    endloop
  endfacet
  facet normal 0 0 -1
    outer loop
      vertex -23.085786437626904 18.585786437626904 0
      vertex -22.996320385042047 18.68130836979986 0
      vertex 22.504282153522794 20.130806258460286 0
    endloop
  endfacet
  facet normal 0 0 -1
    outer loop
      vertex -22.91329331941753 18.782477141982557 0
      vertex 22.504282153522794 20.130806258460286 0
      vertex -22.996320385042047 18.68130836979986 0
    endloop
  endfacet
  facet normal 0 0 -1
    outer loop
      vertex -22.83706077539491 18.888859533960797 0
      vertex 22.504282153522794 20.130806258460286 0
      vertex -22.91329331941753 18.782477141982557 0
    endloop
  endfacet
  facet normal 0 0 -1
    outer loop
      vertex -22.76794919243112 19 0
      vertex 22.504282153522794 20.130806258460286 0
      vertex -22.83706077539491 18.888859533960797 0
    endloop
  endfacet
  facet normal 0 0 -1
    outer loop
      vertex -22.706254516934624 19.115422619561997 0
      vertex 22.504282153522794 20.130806258460286 0
      vertex -22.76794919243112 19 0
    endloop
  endfacet
  facet normal 0 0 -1
    outer loop
      vertex -22.91329331941753 21.217522858017443 0
      vertex 22.83706077539491 21.111140466039203 0
      vertex -22.83706077539491 21.111140466039203 0
    endloop
  endfacet
  facet normal 0 0 -1
    outer loop
      vertex -22.996320385042047 21.31869163020014 0
      vertex 22.91329331941753 21.217522858017443 0
      vertex -22.91329331941753 21.217522858017443 0
    endloop
  endfacet
  facet normal 0 0 -1
    outer loop
      vertex -23.085786437626904 21.414213562373096 0
      vertex 22.996320385042047 21.31869163020014 0
      vertex -22.996320385042047 21.31869163020014 0
    endloop
  endfacet
  facet normal 0 0 -1
    outer loop
      vertex -23.18130836979986 21.503679614957953 0
      vertex 23.085786437626904 21.414213562373096 0
      vertex -23.085786437626904 21.414213562373096 0
    endloop
  endfacet
  facet normal 0 0 -1
    outer loop
      vertex -23.5 21.73205080756888 0
      vertex -23.615422619561997 21.793745483065376 0
      vertex 23.5 21.73205080756888 0
    endloop
  endfacet
  facet normal 0 0 -1
    outer loop
      vertex -23.615422619561997 21.793745483065376 0
      vertex -23.73463313526982 21.847759065022572 0
      vertex 23.615422619561997 21.793745483065376 0
    endloop
  endfacet
  facet normal 0 0 -1
    outer loop
      vertex -23.73463313526982 21.847759065022572 0
      vertex -23.857121069393678 21.893860258990212 0
      vertex 23.73463313526982 21.847759065022572 0
    endloop
  endfacet
  facet normal 0 0 -1
    outer loop
      vertex -23.18130836979986 21.503679614957953 0
      vertex -23.282477141982557 21.58670668058247 0
      vertex 23.18130836979986 21.503679614957953 0
    endloop
  endfacet
  facet normal 0 0 -1
    outer loop
      vertex -23.282477141982557 21.58670668058247 0
      vertex -23.388859533960797 21.66293922460509 0
      vertex 23.282477141982557 21.58670668058247 0
    endloop
  endfacet
  facet normal 0 0 -1
    outer loop
      vertex -23.388859533960797 21.66293922460509 0
      vertex -23.5 21.73205080756888 0
      vertex 23.388859533960797 21.66293922460509 0
    endloop
  endfacet
  facet normal 0 0 -1
    outer loop
      vertex -30.5 23.5 0
      vertex 30.474334582686424 23.89157857745886 0
      vertex -24.630806258460286 21.995717846477206 0
    endloop
  endfacet
  facet normal 0 0 -1
    outer loop
      vertex -30.5 23.5 0
      vertex -30.493576772511005 23.696209385991096 0
      vertex 30.44235584139824 24.08527096360922 0
    endloop
  endfacet
  facet normal 0 0 -1
    outer loop
      vertex -30.493576772511005 23.696209385991096 0
      vertex -30.474334582686424 23.89157857745886 0
      vertex 30.39777747541666 24.276457138359547 0
    endloop
  endfacet
  facet normal 0 0 -1
    outer loop
      vertex -30.474334582686424 23.89157857745886 0
      vertex -30.44235584139824 24.08527096360922 0
      vertex 30.340790390968323 24.46431839466095 0
    endloop
  endfacet
  facet normal 0 0 -1
    outer loop
      vertex -30.44235584139824 24.08527096360922 0
      vertex -30.39777747541666 24.276457138359547 0
      vertex 30.271638594567776 24.64805030077696 0
    endloop
  endfacet
  facet normal 0 0 -1
    outer loop
      vertex -30.39777747541666 24.276457138359547 0
      vertex -30.340790390968323 24.46431839466095 0
      vertex 30.190618224442005 24.826866067945957 0
    endloop
  endfacet
  facet normal 0 0 -1
    outer loop
      vertex -30.340790390968323 24.46431839466095 0
      vertex -30.271638594567776 24.64805030077696 0
      vertex 30.098076209425926 25 0
    endloop
  endfacet
  facet normal 0 0 -1
    outer loop
      vertex -30.271638594567776 24.64805030077696 0
      vertex -30.190618224442005 24.826866067945957 0
      vertex 29.99440883845091 25.166710697114468 0
    endloop
  endfacet
  facet normal 0 0 -1
    outer loop
      vertex -30.190618224442005 24.826866067945957 0
      vertex -30.098076209425926 25 0
      vertex 29.880060024559498 25.326284289360046 0
    endloop
  endfacet
  facet normal 0 0 -1
    outer loop
      vertex -30.098076209425926 25 0
      vertex -29.99440883845091 25.166710697114468 0
      vertex 29.755519419908524 25.47803744673729 0
    endloop
  endfacet
  facet normal 0 0 -1
    outer loop
      vertex -29.99440883845091 25.166710697114468 0
      vertex -29.880060024559498 25.326284289360046 0
      vertex 29.621320344507694 25.621320344507694 0
    endloop
  endfacet
  facet normal 0 0 -1
    outer loop
      vertex -29.880060024559498 25.326284289360046 0
      vertex -29.755519419908524 25.47803744673729 0
      vertex 29.47803744673729 25.755519419908524 0
    endloop
  endfacet
  facet normal 0 0 -1
    outer loop
      vertex -29.755519419908524 25.47803744673729 0
      vertex -29.621320344507694 25.621320344507694 0
      vertex 29.326284289360046 25.880060024559498 0
    endloop
  endfacet
  facet normal 0 0 -1
    outer loop
      vertex -29.621320344507694 25.621320344507694 0
      vertex -29.47803744673729 25.755519419908524 0
      vertex 29.166710697114468 25.99440883845091 0
    endloop
  endfacet
  facet normal 0 0 -1
    outer loop
      vertex -29.47803744673729 25.755519419908524 0
      vertex -29.326284289360046 25.880060024559498 0
      vertex 29 26.098076209425926 0
    endloop
  endfacet
  facet normal 0 0 -1
    outer loop
      vertex -29.326284289360046 25.880060024559498 0
      vertex -29.166710697114468 25.99440883845091 0
      vertex 28.826866067945957 26.190618224442005 0
    endloop
  endfacet
  facet normal 0 0 -1
    outer loop
      vertex -29.166710697114468 25.99440883845091 0
      vertex -29 26.098076209425926 0
      vertex 28.64805030077696 26.271638594567776 0
    endloop
  endfacet
  facet normal 0 0 -1
    outer loop
      vertex -29 26.098076209425926 0
      vertex -28.826866067945957 26.190618224442005 0
      vertex 28.46431839466095 26.340790390968323 0
    endloop
  endfacet
  facet normal 0 0 -1
    outer loop
      vertex -28.826866067945957 26.190618224442005 0
      vertex -28.64805030077696 26.271638594567776 0
      vertex 28.276457138359547 26.39777747541666 0
    endloop
  endfacet
  facet normal 0 0 -1
    outer loop
      vertex -28.64805030077696 26.271638594567776 0
      vertex -28.46431839466095 26.340790390968323 0
      vertex 28.08527096360922 26.44235584139824 0
    endloop
  endfacet
  facet normal 0 0 -1
    outer loop
      vertex -28.46431839466095 26.340790390968323 0
      vertex -28.276457138359547 26.39777747541666 0
      vertex 27.89157857745886 26.474334582686424 0
    endloop
  endfacet
  facet normal 0 0 -1
    outer loop
      vertex -28.276457138359547 26.39777747541666 0
      vertex -28.08527096360922 26.44235584139824 0
      vertex 27.696209385991096 26.493576772511005 0
    endloop
  endfacet
  facet normal 0 0 -1
    outer loop
      vertex -28.08527096360922 26.44235584139824 0
      vertex -27.89157857745886 26.474334582686424 0
      vertex 27.5 26.5 0
    endloop
  endfacet
  facet normal 0 0 -1
    outer loop
      vertex -27.89157857745886 26.474334582686424 0
      vertex -27.5 26.5 0
      vertex 27.5 26.5 0
    endloop
  endfacet
  facet normal 0 0 -1
    outer loop
      vertex -22.652240934977428 19.23463313526982 0
      vertex 22.504282153522794 20.130806258460286 0
      vertex -22.706254516934624 19.115422619561997 0
    endloop
  endfacet
  facet normal 0 0 -1
    outer loop
      vertex -22.606139741009788 19.357121069393678 0
      vertex 22.504282153522794 20.130806258460286 0
      vertex -22.652240934977428 19.23463313526982 0
    endloop
  endfacet
  facet normal 0 0 -1
    outer loop
      vertex -22.568148347421864 19.48236190979496 0
      vertex 22.504282153522794 20.130806258460286 0
      vertex -22.606139741009788 19.357121069393678 0
    endloop
  endfacet
  facet normal 0 0 -1
    outer loop
      vertex -22.53842943919354 19.609819355967744 0
      vertex 22.504282153522794 20.130806258460286 0
      vertex -22.568148347421864 19.48236190979496 0
    endloop
  endfacet
  facet normal 0 0 -1
    outer loop
      vertex -22.517110277252378 19.738947615559898 0
      vertex 22.504282153522794 20.130806258460286 0
      vertex -22.53842943919354 19.609819355967744 0
    endloop
  endfacet
  facet normal 0 0 -1
    outer loop
      vertex -22.504282153522794 19.869193741539714 0
      vertex 22.504282153522794 20.130806258460286 0
      vertex -22.517110277252378 19.738947615559898 0
    endloop
  endfacet
  facet normal 0 0 -1
    outer loop
      vertex -22.5 20 0
      vertex 22.504282153522794 20.130806258460286 0
      vertex -22.504282153522794 19.869193741539714 0
    endloop
  endfacet
  facet normal 0 0 -1
    outer loop
      vertex -22.504282153522794 20.130806258460286 0
      vertex 22.504282153522794 20.130806258460286 0
      vertex -22.5 20 0
    endloop
  endfacet
  facet normal 0 0 -1
    outer loop
      vertex -22.517110277252378 20.261052384440102 0
      vertex 22.504282153522794 20.130806258460286 0
      vertex -22.504282153522794 20.130806258460286 0
    endloop
  endfacet
  facet normal 0 0 -1
    outer loop
      vertex -22.53842943919354 20.390180644032256 0
      vertex 22.517110277252378 20.261052384440102 0
      vertex -22.517110277252378 20.261052384440102 0
    endloop
  endfacet
  facet normal 0 0 -1
    outer loop
      vertex -22.568148347421864 20.51763809020504 0
      vertex 22.53842943919354 20.390180644032256 0
      vertex -22.53842943919354 20.390180644032256 0
    endloop
  endfacet
  facet normal 0 0 -1
    outer loop
      vertex -22.606139741009788 20.642878930606322 0
      vertex 22.568148347421864 20.51763809020504 0
      vertex -22.568148347421864 20.51763809020504 0
    endloop
  endfacet
  facet normal 0 0 -1
    outer loop
      vertex -22.652240934977428 20.76536686473018 0
      vertex 22.606139741009788 20.642878930606322 0
      vertex -22.606139741009788 20.642878930606322 0
    endloop
  endfacet
  facet normal 0 0 -1
    outer loop
      vertex -22.706254516934624 20.884577380438003 0
      vertex 22.652240934977428 20.76536686473018 0
      vertex -22.652240934977428 20.76536686473018 0
    endloop
  endfacet
  facet normal 0 0 -1
    outer loop
      vertex -22.76794919243112 21 0
      vertex 22.706254516934624 20.884577380438003 0
      vertex -22.706254516934624 20.884577380438003 0
    endloop
  endfacet
  facet normal 0 0 -1
    outer loop
      vertex -22.83706077539491 21.111140466039203 0
      vertex 22.76794919243112 21 0
      vertex -22.76794919243112 21 0
    endloop
  endfacet
  facet normal 0 0 -1
    outer loop
      vertex 30.474334582686424 23.89157857745886 0
      vertex -24.5 22 0
      vertex -24.630806258460286 21.995717846477206 0
    endloop
  endfacet
  facet normal 0 0 -1
    outer loop
      vertex 30.474334582686424 23.89157857745886 0
      vertex -24.369193741539714 21.995717846477206 0
      vertex -24.5 22 0
    endloop
  endfacet
  facet normal 0 0 -1
    outer loop
      vertex 30.474334582686424 23.89157857745886 0
      vertex -24.238947615559898 21.982889722747622 0
      vertex -24.369193741539714 21.995717846477206 0
    endloop
  endfacet
  facet normal 0 0 -1
    outer loop
      vertex 30.474334582686424 23.89157857745886 0
      vertex -24.109819355967744 21.96157056080646 0
      vertex -24.238947615559898 21.982889722747622 0
    endloop
  endfacet
  facet normal 0 0 -1
    outer loop
      vertex 30.474334582686424 23.89157857745886 0
      vertex -23.98236190979496 21.931851652578136 0
      vertex -24.109819355967744 21.96157056080646 0
    endloop
  endfacet
  facet normal 0 0 -1
    outer loop
      vertex 30.474334582686424 23.89157857745886 0
      vertex -23.857121069393678 21.893860258990212 0
      vertex -23.98236190979496 21.931851652578136 0
    endloop
  endfacet
  facet normal -1 0 0
    outer loop
      vertex -30.5 -23.5 0
      vertex -30.5 0 0.5999999999999943
      vertex -30.5 23.5 0
    endloop
  endfacet
  facet normal -1 0 0
    outer loop
      vertex -30.5 0 0.5999999999999943
      vertex -30.5 6.017087889173162 0.7969790620484787
      vertex -30.5 23.5 0
    endloop
  endfacet
  facet normal -1 0 0
    outer loop
      vertex -30.5 -12.692399928663953 1.5
      vertex -30.5 23.5 3.6
      vertex -30.5 12.692399928663953 1.5
    endloop
  endfacet
  facet normal -1 0 0
    outer loop
      vertex -30.5 6.017087889173162 0.7969790620484787
      vertex -30.5 12.008409684244745 1.387072753609445
      vertex -30.5 23.5 0
    endloop
  endfacet
  facet normal -1 0 0
    outer loop
      vertex -30.5 12.008409684244745 1.387072753609445
      vertex -30.5 12.692399928663953 1.5
      vertex -30.5 23.5 0
    endloop
  endfacet
  facet normal -1 0 0
    outer loop
      vertex -30.5 12.692399928663953 1.5
      vertex -30.5 23.5 3.6
      vertex -30.5 23.5 0
    endloop
  endfacet
  facet normal -0.9994645879327152 0.03271906888173734 0
    outer loop
      vertex -30.5 23.5 0
      vertex -30.493576772511005 23.696209385991096 3.6
      vertex -30.493576772511005 23.696209385991096 0
    endloop
  endfacet
  facet normal -0.9951847246925356 0.09801716042939747 0
    outer loop
      vertex -30.493576772511005 23.696209385991096 0
      vertex -30.474334582686424 23.89157857745886 3.6
      vertex -30.474334582686424 23.89157857745886 0
    endloop
  endfacet
  facet normal -0.9866433329764108 0.1628954679946601 0
    outer loop
      vertex -30.474334582686424 23.89157857745886 0
      vertex -30.44235584139824 24.08527096360922 3.6
      vertex -30.44235584139824 24.08527096360922 0
    endloop
  endfacet
  facet normal -0.9738769766202653 0.22707627442991757 0
    outer loop
      vertex -30.44235584139824 24.08527096360922 0
      vertex -30.39777747541666 24.276457138359547 3.6
      vertex -30.39777747541666 24.276457138359547 0
    endloop
  endfacet
  facet normal -0.9569403422822491 0.29028465566187256 0
    outer loop
      vertex -30.39777747541666 24.276457138359547 0
      vertex -30.340790390968323 24.46431839466095 3.6
      vertex -30.340790390968323 24.46431839466095 0
    endloop
  endfacet
  facet normal -0.9359059207227497 0.3522500639547167 0
    outer loop
      vertex -30.340790390968323 24.46431839466095 0
      vertex -30.271638594567776 24.64805030077696 3.6
      vertex -30.271638594567776 24.64805030077696 0
    endloop
  endfacet
  facet normal -0.9108638247555647 0.4127070301699061 0
    outer loop
      vertex -30.271638594567776 24.64805030077696 0
      vertex -30.190618224442005 24.826866067945957 3.6
      vertex -30.190618224442005 24.826866067945957 0
    endloop
  endfacet
  facet normal -0.8819212636659368 0.4713967381027125 0
    outer loop
      vertex -30.190618224442005 24.826866067945957 0
      vertex -30.098076209425926 25 3.6
      vertex -30.098076209425926 25 0
    endloop
  endfacet
  facet normal -0.8492021866926847 0.5280678423425941 0
    outer loop
      vertex -30.098076209425926 25 0
      vertex -29.99440883845091 25.166710697114468 3.6
      vertex -29.99440883845091 25.166710697114468 0
    endloop
  endfacet
  facet normal -0.8128466971527092 0.5824776793388156 0
    outer loop
      vertex -29.99440883845091 25.166710697114468 0
      vertex -29.880060024559498 25.326284289360046 3.6
      vertex -29.880060024559498 25.326284289360046 0
    endloop
  endfacet
  facet normal -0.7730104360012042 0.6343933053187338 0
    outer loop
      vertex -29.880060024559498 25.326284289360046 0
      vertex -29.755519419908524 25.47803744673729 3.6
      vertex -29.755519419908524 25.47803744673729 0
    endloop
  endfacet
  facet normal -0.7298640803691233 0.6835922938323207 0
    outer loop
      vertex -29.755519419908524 25.47803744673729 0
      vertex -29.621320344507694 25.621320344507694 3.6
      vertex -29.621320344507694 25.621320344507694 0
    endloop
  endfacet
  facet normal -0.6835922938323207 0.7298640803691233 0
    outer loop
      vertex -29.621320344507694 25.621320344507694 0
      vertex -29.47803744673729 25.755519419908524 3.6
      vertex -29.47803744673729 25.755519419908524 0
    endloop
  endfacet
  facet normal -0.6343933053187338 0.7730104360012042 0
    outer loop
      vertex -29.47803744673729 25.755519419908524 0
      vertex -29.326284289360046 25.880060024559498 3.6
      vertex -29.326284289360046 25.880060024559498 0
    endloop
  endfacet
  facet normal -0.5824776793388156 0.8128466971527092 0
    outer loop
      vertex -29.326284289360046 25.880060024559498 0
      vertex -29.166710697114468 25.99440883845091 3.6
      vertex -29.166710697114468 25.99440883845091 0
    endloop
  endfacet
  facet normal -0.5280678423425941 0.8492021866926847 0
    outer loop
      vertex -29.166710697114468 25.99440883845091 0
      vertex -29 26.098076209425926 3.6
      vertex -29 26.098076209425926 0
    endloop
  endfacet
  facet normal -0.4713967381027125 0.8819212636659368 0
    outer loop
      vertex -29 26.098076209425926 0
      vertex -28.826866067945957 26.190618224442005 3.6
      vertex -28.826866067945957 26.190618224442005 0
    endloop
  endfacet
  facet normal -0.4127070301699061 0.9108638247555647 0
    outer loop
      vertex -28.826866067945957 26.190618224442005 0
      vertex -28.64805030077696 26.271638594567776 3.6
      vertex -28.64805030077696 26.271638594567776 0
    endloop
  endfacet
  facet normal -0.3522500639547167 0.9359059207227497 0
    outer loop
      vertex -28.64805030077696 26.271638594567776 0
      vertex -28.46431839466095 26.340790390968323 3.6
      vertex -28.46431839466095 26.340790390968323 0
    endloop
  endfacet
  facet normal -0.29028465566187256 0.9569403422822491 0
    outer loop
      vertex -28.46431839466095 26.340790390968323 0
      vertex -28.276457138359547 26.39777747541666 3.6
      vertex -28.276457138359547 26.39777747541666 0
    endloop
  endfacet
  facet normal -0.22707627442991757 0.9738769766202653 0
    outer loop
      vertex -28.276457138359547 26.39777747541666 0
      vertex -28.08527096360922 26.44235584139824 3.6
      vertex -28.08527096360922 26.44235584139824 0
    endloop
  endfacet
  facet normal -0.1628954679946601 0.9866433329764108 0
    outer loop
      vertex -28.08527096360922 26.44235584139824 0
      vertex -27.89157857745886 26.474334582686424 3.6
      vertex -27.89157857745886 26.474334582686424 0
    endloop
  endfacet
  facet normal -0.09801716042939747 0.9951847246925356 0
    outer loop
      vertex -27.89157857745886 26.474334582686424 0
      vertex -27.696209385991096 26.493576772511005 3.6
      vertex -27.696209385991096 26.493576772511005 0
    endloop
  endfacet
  facet normal -0.03271906888173734 0.9994645879327152 0
    outer loop
      vertex -27.696209385991096 26.493576772511005 0
      vertex -27.5 26.5 3.6
      vertex -27.5 26.5 0
    endloop
  endfacet
  facet normal -0.9994645879327152 0.03271906888173734 0
    outer loop
      vertex -30.5 23.5 0
      vertex -30.5 23.5 3.6
      vertex -30.493576772511005 23.696209385991096 3.6
    endloop
  endfacet
  facet normal -0.9951847246925356 0.09801716042939747 0
    outer loop
      vertex -30.493576772511005 23.696209385991096 0
      vertex -30.493576772511005 23.696209385991096 3.6
      vertex -30.474334582686424 23.89157857745886 3.6
    endloop
  endfacet
  facet normal -0.9866433329764108 0.1628954679946601 0
    outer loop
      vertex -30.474334582686424 23.89157857745886 0
      vertex -30.474334582686424 23.89157857745886 3.6
      vertex -30.44235584139824 24.08527096360922 3.6
    endloop
  endfacet
  facet normal -0.9738769766202653 0.22707627442991757 0
    outer loop
      vertex -30.44235584139824 24.08527096360922 0
      vertex -30.44235584139824 24.08527096360922 3.6
      vertex -30.39777747541666 24.276457138359547 3.6
    endloop
  endfacet
  facet normal -0.9569403422822491 0.29028465566187256 0
    outer loop
      vertex -30.39777747541666 24.276457138359547 0
      vertex -30.39777747541666 24.276457138359547 3.6
      vertex -30.340790390968323 24.46431839466095 3.6
    endloop
  endfacet
  facet normal -0.9359059207227497 0.3522500639547167 0
    outer loop
      vertex -30.340790390968323 24.46431839466095 0
      vertex -30.340790390968323 24.46431839466095 3.6
      vertex -30.271638594567776 24.64805030077696 3.6
    endloop
  endfacet
  facet normal -0.9108638247555647 0.4127070301699061 0
    outer loop
      vertex -30.271638594567776 24.64805030077696 0
      vertex -30.271638594567776 24.64805030077696 3.6
      vertex -30.190618224442005 24.826866067945957 3.6
    endloop
  endfacet
  facet normal -0.8819212636659368 0.4713967381027125 0
    outer loop
      vertex -30.190618224442005 24.826866067945957 0
      vertex -30.190618224442005 24.826866067945957 3.6
      vertex -30.098076209425926 25 3.6
    endloop
  endfacet
  facet normal -0.8492021866926847 0.5280678423425941 0
    outer loop
      vertex -30.098076209425926 25 0
      vertex -30.098076209425926 25 3.6
      vertex -29.99440883845091 25.166710697114468 3.6
    endloop
  endfacet
  facet normal -0.8128466971527092 0.5824776793388156 0
    outer loop
      vertex -29.99440883845091 25.166710697114468 0
      vertex -29.99440883845091 25.166710697114468 3.6
      vertex -29.880060024559498 25.326284289360046 3.6
    endloop
  endfacet
  facet normal -0.7730104360012042 0.6343933053187338 0
    outer loop
      vertex -29.880060024559498 25.326284289360046 0
      vertex -29.880060024559498 25.326284289360046 3.6
      vertex -29.755519419908524 25.47803744673729 3.6
    endloop
  endfacet
  facet normal -0.7298640803691233 0.6835922938323207 0
    outer loop
      vertex -29.755519419908524 25.47803744673729 0
      vertex -29.755519419908524 25.47803744673729 3.6
      vertex -29.621320344507694 25.621320344507694 3.6
    endloop
  endfacet
  facet normal -0.6835922938323207 0.7298640803691233 0
    outer loop
      vertex -29.621320344507694 25.621320344507694 0
      vertex -29.621320344507694 25.621320344507694 3.6
      vertex -29.47803744673729 25.755519419908524 3.6
    endloop
  endfacet
  facet normal -0.6343933053187338 0.7730104360012042 0
    outer loop
      vertex -29.47803744673729 25.755519419908524 0
      vertex -29.47803744673729 25.755519419908524 3.6
      vertex -29.326284289360046 25.880060024559498 3.6
    endloop
  endfacet
  facet normal -0.5824776793388156 0.8128466971527092 0
    outer loop
      vertex -29.326284289360046 25.880060024559498 0
      vertex -29.326284289360046 25.880060024559498 3.6
      vertex -29.166710697114468 25.99440883845091 3.6
    endloop
  endfacet
  facet normal -0.5280678423425941 0.8492021866926847 0
    outer loop
      vertex -29.166710697114468 25.99440883845091 0
      vertex -29.166710697114468 25.99440883845091 3.6
      vertex -29 26.098076209425926 3.6
    endloop
  endfacet
  facet normal -0.4713967381027125 0.8819212636659368 0
    outer loop
      vertex -29 26.098076209425926 0
      vertex -29 26.098076209425926 3.6
      vertex -28.826866067945957 26.190618224442005 3.6
    endloop
  endfacet
  facet normal -0.4127070301699061 0.9108638247555647 0
    outer loop
      vertex -28.826866067945957 26.190618224442005 0
      vertex -28.826866067945957 26.190618224442005 3.6
      vertex -28.64805030077696 26.271638594567776 3.6
    endloop
  endfacet
  facet normal -0.3522500639547167 0.9359059207227497 0
    outer loop
      vertex -28.64805030077696 26.271638594567776 0
      vertex -28.64805030077696 26.271638594567776 3.6
      vertex -28.46431839466095 26.340790390968323 3.6
    endloop
  endfacet
  facet normal -0.29028465566187256 0.9569403422822491 0
    outer loop
      vertex -28.46431839466095 26.340790390968323 0
      vertex -28.46431839466095 26.340790390968323 3.6
      vertex -28.276457138359547 26.39777747541666 3.6
    endloop
  endfacet
  facet normal -0.22707627442991757 0.9738769766202653 0
    outer loop
      vertex -28.276457138359547 26.39777747541666 0
      vertex -28.276457138359547 26.39777747541666 3.6
      vertex -28.08527096360922 26.44235584139824 3.6
    endloop
  endfacet
  facet normal -0.1628954679946601 0.9866433329764108 0
    outer loop
      vertex -28.08527096360922 26.44235584139824 0
      vertex -28.08527096360922 26.44235584139824 3.6
      vertex -27.89157857745886 26.474334582686424 3.6
    endloop
  endfacet
  facet normal -0.09801716042939747 0.9951847246925356 0
    outer loop
      vertex -27.89157857745886 26.474334582686424 0
      vertex -27.89157857745886 26.474334582686424 3.6
      vertex -27.696209385991096 26.493576772511005 3.6
    endloop
  endfacet
  facet normal -0.03271906888173734 0.9994645879327152 0
    outer loop
      vertex -27.696209385991096 26.493576772511005 0
      vertex -27.696209385991096 26.493576772511005 3.6
      vertex -27.5 26.5 3.6
    endloop
  endfacet
  facet normal 0 0 1
    outer loop
      vertex -27.89157857745886 26.474334582686424 3.6
      vertex -27.5 26.5 3.6
      vertex -27.696209385991096 26.493576772511005 3.6
    endloop
  endfacet
  facet normal 0 0 1
    outer loop
      vertex -30.5 -23.5 3.6
      vertex 30.474334582686424 23.89157857745886 3.6
      vertex -30.5 23.5 3.6
    endloop
  endfacet
  facet normal 0 1 0
    outer loop
      vertex -27.5 26.5 0
      vertex -27.5 26.5 3.6
      vertex 27.5 26.5 3.6
    endloop
  endfacet
  facet normal 0 0 1
    outer loop
      vertex -30.5 23.5 3.6
      vertex 30.44235584139824 24.08527096360922 3.6
      vertex -30.493576772511005 23.696209385991096 3.6
    endloop
  endfacet
  facet normal 0 0 1
    outer loop
      vertex -30.493576772511005 23.696209385991096 3.6
      vertex 30.39777747541666 24.276457138359547 3.6
      vertex -30.474334582686424 23.89157857745886 3.6
    endloop
  endfacet
  facet normal 0 0 1
    outer loop
      vertex -30.474334582686424 23.89157857745886 3.6
      vertex 30.340790390968323 24.46431839466095 3.6
      vertex -30.44235584139824 24.08527096360922 3.6
    endloop
  endfacet
  facet normal 0 0 1
    outer loop
      vertex -30.44235584139824 24.08527096360922 3.6
      vertex 30.271638594567776 24.64805030077696 3.6
      vertex -30.39777747541666 24.276457138359547 3.6
    endloop
  endfacet
  facet normal 0 0 1
    outer loop
      vertex -30.39777747541666 24.276457138359547 3.6
      vertex 30.190618224442005 24.826866067945957 3.6
      vertex -30.340790390968323 24.46431839466095 3.6
    endloop
  endfacet
  facet normal 0 0 1
    outer loop
      vertex -30.340790390968323 24.46431839466095 3.6
      vertex 30.098076209425926 25 3.6
      vertex -30.271638594567776 24.64805030077696 3.6
    endloop
  endfacet
  facet normal 0 0 1
    outer loop
      vertex -30.271638594567776 24.64805030077696 3.6
      vertex 29.99440883845091 25.166710697114468 3.6
      vertex -30.190618224442005 24.826866067945957 3.6
    endloop
  endfacet
  facet normal 0 0 1
    outer loop
      vertex -30.190618224442005 24.826866067945957 3.6
      vertex 29.880060024559498 25.326284289360046 3.6
      vertex -30.098076209425926 25 3.6
    endloop
  endfacet
  facet normal 0 0 1
    outer loop
      vertex -30.098076209425926 25 3.6
      vertex 29.755519419908524 25.47803744673729 3.6
      vertex -29.99440883845091 25.166710697114468 3.6
    endloop
  endfacet
  facet normal 0 0 1
    outer loop
      vertex -29.99440883845091 25.166710697114468 3.6
      vertex 29.621320344507694 25.621320344507694 3.6
      vertex -29.880060024559498 25.326284289360046 3.6
    endloop
  endfacet
  facet normal 0 0 1
    outer loop
      vertex -29.880060024559498 25.326284289360046 3.6
      vertex 29.47803744673729 25.755519419908524 3.6
      vertex -29.755519419908524 25.47803744673729 3.6
    endloop
  endfacet
  facet normal 0 0 1
    outer loop
      vertex -29.755519419908524 25.47803744673729 3.6
      vertex 29.326284289360046 25.880060024559498 3.6
      vertex -29.621320344507694 25.621320344507694 3.6
    endloop
  endfacet
  facet normal 0 0 1
    outer loop
      vertex -29.621320344507694 25.621320344507694 3.6
      vertex 29.166710697114468 25.99440883845091 3.6
      vertex -29.47803744673729 25.755519419908524 3.6
    endloop
  endfacet
  facet normal 0 0 1
    outer loop
      vertex -29.47803744673729 25.755519419908524 3.6
      vertex 29 26.098076209425926 3.6
      vertex -29.326284289360046 25.880060024559498 3.6
    endloop
  endfacet
  facet normal 0 0 1
    outer loop
      vertex -29.326284289360046 25.880060024559498 3.6
      vertex 28.826866067945957 26.190618224442005 3.6
      vertex -29.166710697114468 25.99440883845091 3.6
    endloop
  endfacet
  facet normal 0 0 1
    outer loop
      vertex -29.166710697114468 25.99440883845091 3.6
      vertex 28.64805030077696 26.271638594567776 3.6
      vertex -29 26.098076209425926 3.6
    endloop
  endfacet
  facet normal 0 0 1
    outer loop
      vertex -29 26.098076209425926 3.6
      vertex 28.46431839466095 26.340790390968323 3.6
      vertex -28.826866067945957 26.190618224442005 3.6
    endloop
  endfacet
  facet normal 0 0 1
    outer loop
      vertex -28.826866067945957 26.190618224442005 3.6
      vertex 28.276457138359547 26.39777747541666 3.6
      vertex -28.64805030077696 26.271638594567776 3.6
    endloop
  endfacet
  facet normal 0 0 1
    outer loop
      vertex -28.64805030077696 26.271638594567776 3.6
      vertex 28.08527096360922 26.44235584139824 3.6
      vertex -28.46431839466095 26.340790390968323 3.6
    endloop
  endfacet
  facet normal 0 0 1
    outer loop
      vertex -28.46431839466095 26.340790390968323 3.6
      vertex 27.89157857745886 26.474334582686424 3.6
      vertex -28.276457138359547 26.39777747541666 3.6
    endloop
  endfacet
  facet normal 0 0 1
    outer loop
      vertex -28.276457138359547 26.39777747541666 3.6
      vertex 27.696209385991096 26.493576772511005 3.6
      vertex -28.08527096360922 26.44235584139824 3.6
    endloop
  endfacet
  facet normal 0 0 1
    outer loop
      vertex -28.08527096360922 26.44235584139824 3.6
      vertex 27.5 26.5 3.6
      vertex -27.89157857745886 26.474334582686424 3.6
    endloop
  endfacet
  facet normal 0 0 1
    outer loop
      vertex -27.89157857745886 26.474334582686424 3.6
      vertex 27.5 26.5 3.6
      vertex -27.5 26.5 3.6
    endloop
  endfacet
  facet normal 0 0 -1
    outer loop
      vertex -30.474334582686424 -23.89157857745886 0
      vertex 23.857121069393678 -21.893860258990212 0
      vertex 23.98236190979496 -21.931851652578136 0
    endloop
  endfacet
  facet normal 0 0 -1
    outer loop
      vertex -30.474334582686424 -23.89157857745886 0
      vertex 23.98236190979496 -21.931851652578136 0
      vertex 24.109819355967744 -21.96157056080646 0
    endloop
  endfacet
  facet normal 0 0 -1
    outer loop
      vertex -30.474334582686424 -23.89157857745886 0
      vertex 24.109819355967744 -21.96157056080646 0
      vertex 24.238947615559898 -21.982889722747622 0
    endloop
  endfacet
  facet normal 0 0 -1
    outer loop
      vertex -30.474334582686424 -23.89157857745886 0
      vertex 24.238947615559898 -21.982889722747622 0
      vertex 24.369193741539714 -21.995717846477206 0
    endloop
  endfacet
  facet normal 0 0 -1
    outer loop
      vertex -30.474334582686424 -23.89157857745886 0
      vertex 24.369193741539714 -21.995717846477206 0
      vertex 24.5 -22 0
    endloop
  endfacet
  facet normal 0 0 -1
    outer loop
      vertex -30.474334582686424 -23.89157857745886 0
      vertex 24.5 -22 0
      vertex 24.630806258460286 -21.995717846477206 0
    endloop
  endfacet
  facet normal 0 0 -1
    outer loop
      vertex -22.76794919243112 -21 0
      vertex 22.76794919243112 -21 0
      vertex 22.83706077539491 -21.111140466039203 0
    endloop
  endfacet
  facet normal 0 0 -1
    outer loop
      vertex -22.706254516934624 -20.884577380438003 0
      vertex 22.706254516934624 -20.884577380438003 0
      vertex 22.76794919243112 -21 0
    endloop
  endfacet
  facet normal 0 0 -1
    outer loop
      vertex -22.652240934977428 -20.76536686473018 0
      vertex 22.652240934977428 -20.76536686473018 0
      vertex 22.706254516934624 -20.884577380438003 0
    endloop
  endfacet
  facet normal 0 0 -1
    outer loop
      vertex -22.606139741009788 -20.642878930606322 0
      vertex 22.606139741009788 -20.642878930606322 0
      vertex 22.652240934977428 -20.76536686473018 0
    endloop
  endfacet
  facet normal 0 0 -1
    outer loop
      vertex -22.568148347421864 -20.51763809020504 0
      vertex 22.568148347421864 -20.51763809020504 0
      vertex 22.606139741009788 -20.642878930606322 0
    endloop
  endfacet
  facet normal 0 0 -1
    outer loop
      vertex -22.53842943919354 -20.390180644032256 0
      vertex 22.53842943919354 -20.390180644032256 0
      vertex 22.568148347421864 -20.51763809020504 0
    endloop
  endfacet
  facet normal 0 0 -1
    outer loop
      vertex -22.517110277252378 -20.261052384440102 0
      vertex 22.517110277252378 -20.261052384440102 0
      vertex 22.53842943919354 -20.390180644032256 0
    endloop
  endfacet
  facet normal 0 0 -1
    outer loop
      vertex -22.504282153522794 -20.130806258460286 0
      vertex 22.504282153522794 -20.130806258460286 0
      vertex 22.517110277252378 -20.261052384440102 0
    endloop
  endfacet
  facet normal 0 0 -1
    outer loop
      vertex -22.5 -20 0
      vertex 22.5 -20 0
      vertex 22.504282153522794 -20.130806258460286 0
    endloop
  endfacet
  facet normal 0 0 -1
    outer loop
      vertex -22.504282153522794 -19.869193741539714 0
      vertex 22.504282153522794 -19.869193741539714 0
      vertex 22.5 -20 0
    endloop
  endfacet
  facet normal 0 0 -1
    outer loop
      vertex -22.517110277252378 -19.738947615559898 0
      vertex 22.517110277252378 -19.738947615559898 0
      vertex 22.504282153522794 -19.869193741539714 0
    endloop
  endfacet
  facet normal 0 0 -1
    outer loop
      vertex -22.53842943919354 -19.609819355967744 0
      vertex 22.53842943919354 -19.609819355967744 0
      vertex 22.517110277252378 -19.738947615559898 0
    endloop
  endfacet
  facet normal 0 0 -1
    outer loop
      vertex -22.568148347421864 -19.48236190979496 0
      vertex 22.568148347421864 -19.48236190979496 0
      vertex 22.53842943919354 -19.609819355967744 0
    endloop
  endfacet
  facet normal 0 0 -1
    outer loop
      vertex -22.606139741009788 -19.357121069393678 0
      vertex 22.606139741009788 -19.357121069393678 0
      vertex 22.568148347421864 -19.48236190979496 0
    endloop
  endfacet
  facet normal 0 0 -1
    outer loop
      vertex -27.5 -26.5 0
      vertex 27.89157857745886 -26.474334582686424 0
      vertex 27.5 -26.5 0
    endloop
  endfacet
  facet normal 0 0 -1
    outer loop
      vertex -27.5 -26.5 0
      vertex 28.08527096360922 -26.44235584139824 0
      vertex 27.89157857745886 -26.474334582686424 0
    endloop
  endfacet
  facet normal 0 0 -1
    outer loop
      vertex -27.696209385991096 -26.493576772511005 0
      vertex 28.276457138359547 -26.39777747541666 0
      vertex 28.08527096360922 -26.44235584139824 0
    endloop
  endfacet
  facet normal 0 0 -1
    outer loop
      vertex -27.89157857745886 -26.474334582686424 0
      vertex 28.46431839466095 -26.340790390968323 0
      vertex 28.276457138359547 -26.39777747541666 0
    endloop
  endfacet
  facet normal 0 0 -1
    outer loop
      vertex -28.08527096360922 -26.44235584139824 0
      vertex 28.64805030077696 -26.271638594567776 0
      vertex 28.46431839466095 -26.340790390968323 0
    endloop
  endfacet
  facet normal 0 0 -1
    outer loop
      vertex -28.276457138359547 -26.39777747541666 0
      vertex 28.826866067945957 -26.190618224442005 0
      vertex 28.64805030077696 -26.271638594567776 0
    endloop
  endfacet
  facet normal 0 0 -1
    outer loop
      vertex -28.46431839466095 -26.340790390968323 0
      vertex 29 -26.098076209425926 0
      vertex 28.826866067945957 -26.190618224442005 0
    endloop
  endfacet
  facet normal 0 0 -1
    outer loop
      vertex -28.64805030077696 -26.271638594567776 0
      vertex 29.166710697114468 -25.99440883845091 0
      vertex 29 -26.098076209425926 0
    endloop
  endfacet
  facet normal 0 0 -1
    outer loop
      vertex -28.826866067945957 -26.190618224442005 0
      vertex 29.326284289360046 -25.880060024559498 0
      vertex 29.166710697114468 -25.99440883845091 0
    endloop
  endfacet
  facet normal 0 0 -1
    outer loop
      vertex -29 -26.098076209425926 0
      vertex 29.47803744673729 -25.755519419908524 0
      vertex 29.326284289360046 -25.880060024559498 0
    endloop
  endfacet
  facet normal 0 0 -1
    outer loop
      vertex -29.166710697114468 -25.99440883845091 0
      vertex 29.621320344507694 -25.621320344507694 0
      vertex 29.47803744673729 -25.755519419908524 0
    endloop
  endfacet
  facet normal 0 0 -1
    outer loop
      vertex -29.326284289360046 -25.880060024559498 0
      vertex 29.755519419908524 -25.47803744673729 0
      vertex 29.621320344507694 -25.621320344507694 0
    endloop
  endfacet
  facet normal 0 0 -1
    outer loop
      vertex -29.47803744673729 -25.755519419908524 0
      vertex 29.880060024559498 -25.326284289360046 0
      vertex 29.755519419908524 -25.47803744673729 0
    endloop
  endfacet
  facet normal 0 0 -1
    outer loop
      vertex -29.621320344507694 -25.621320344507694 0
      vertex 29.99440883845091 -25.166710697114468 0
      vertex 29.880060024559498 -25.326284289360046 0
    endloop
  endfacet
  facet normal 0 0 -1
    outer loop
      vertex -29.755519419908524 -25.47803744673729 0
      vertex 30.098076209425926 -25 0
      vertex 29.99440883845091 -25.166710697114468 0
    endloop
  endfacet
  facet normal 0 0 -1
    outer loop
      vertex -29.880060024559498 -25.326284289360046 0
      vertex 30.190618224442005 -24.826866067945957 0
      vertex 30.098076209425926 -25 0
    endloop
  endfacet
  facet normal 0 0 -1
    outer loop
      vertex -29.99440883845091 -25.166710697114468 0
      vertex 30.271638594567776 -24.64805030077696 0
      vertex 30.190618224442005 -24.826866067945957 0
    endloop
  endfacet
  facet normal 0 0 -1
    outer loop
      vertex -30.098076209425926 -25 0
      vertex 30.340790390968323 -24.46431839466095 0
      vertex 30.271638594567776 -24.64805030077696 0
    endloop
  endfacet
  facet normal 0 0 -1
    outer loop
      vertex -30.190618224442005 -24.826866067945957 0
      vertex 30.39777747541666 -24.276457138359547 0
      vertex 30.340790390968323 -24.46431839466095 0
    endloop
  endfacet
  facet normal 0 0 -1
    outer loop
      vertex -30.271638594567776 -24.64805030077696 0
      vertex 30.44235584139824 -24.08527096360922 0
      vertex 30.39777747541666 -24.276457138359547 0
    endloop
  endfacet
  facet normal 0 0 -1
    outer loop
      vertex -30.340790390968323 -24.46431839466095 0
      vertex 30.474334582686424 -23.89157857745886 0
      vertex 30.44235584139824 -24.08527096360922 0
    endloop
  endfacet
  facet normal 0 0 -1
    outer loop
      vertex -30.39777747541666 -24.276457138359547 0
      vertex 30.493576772511005 -23.696209385991096 0
      vertex 30.474334582686424 -23.89157857745886 0
    endloop
  endfacet
  facet normal 0 0 -1
    outer loop
      vertex -30.44235584139824 -24.08527096360922 0
      vertex 30.5 -23.5 0
      vertex 30.493576772511005 -23.696209385991096 0
    endloop
  endfacet
  facet normal 0 0 -1
    outer loop
      vertex -30.474334582686424 -23.89157857745886 0
      vertex 24.630806258460286 -21.995717846477206 0
      vertex 30.5 -23.5 0
    endloop
  endfacet
  facet normal 0 0 -1
    outer loop
      vertex -23.388859533960797 -21.66293922460509 0
      vertex 23.388859533960797 -21.66293922460509 0
      vertex 23.5 -21.73205080756888 0
    endloop
  endfacet
  facet normal 0 0 -1
    outer loop
      vertex -23.282477141982557 -21.58670668058247 0
      vertex 23.282477141982557 -21.58670668058247 0
      vertex 23.388859533960797 -21.66293922460509 0
    endloop
  endfacet
  facet normal 0 0 -1
    outer loop
      vertex -23.18130836979986 -21.503679614957953 0
      vertex 23.18130836979986 -21.503679614957953 0
      vertex 23.282477141982557 -21.58670668058247 0
    endloop
  endfacet
  facet normal 0 0 -1
    outer loop
      vertex -23.73463313526982 -21.847759065022572 0
      vertex 23.73463313526982 -21.847759065022572 0
      vertex 23.857121069393678 -21.893860258990212 0
    endloop
  endfacet
  facet normal 0 0 -1
    outer loop
      vertex -23.615422619561997 -21.793745483065376 0
      vertex 23.615422619561997 -21.793745483065376 0
      vertex 23.73463313526982 -21.847759065022572 0
    endloop
  endfacet
  facet normal 0 0 -1
    outer loop
      vertex -23.5 -21.73205080756888 0
      vertex 23.5 -21.73205080756888 0
      vertex 23.615422619561997 -21.793745483065376 0
    endloop
  endfacet
  facet normal 0 0 -1
    outer loop
      vertex -23.085786437626904 -21.414213562373096 0
      vertex 23.085786437626904 -21.414213562373096 0
      vertex 23.18130836979986 -21.503679614957953 0
    endloop
  endfacet
  facet normal 0 0 -1
    outer loop
      vertex -22.996320385042047 -21.31869163020014 0
      vertex 22.996320385042047 -21.31869163020014 0
      vertex 23.085786437626904 -21.414213562373096 0
    endloop
  endfacet
  facet normal 0 0 -1
    outer loop
      vertex -22.91329331941753 -21.217522858017443 0
      vertex 22.91329331941753 -21.217522858017443 0
      vertex 22.996320385042047 -21.31869163020014 0
    endloop
  endfacet
  facet normal 0 0 -1
    outer loop
      vertex -22.83706077539491 -21.111140466039203 0
      vertex 22.83706077539491 -21.111140466039203 0
      vertex 22.91329331941753 -21.217522858017443 0
    endloop
  endfacet
  facet normal 0 0 -1
    outer loop
      vertex 23.73463313526982 18.152240934977428 0
      vertex 22.606139741009788 -19.357121069393678 0
      vertex -22.606139741009788 -19.357121069393678 0
    endloop
  endfacet
  facet normal 0 0 -1
    outer loop
      vertex 30.5 -23.5 0
      vertex 24.630806258460286 -21.995717846477206 0
      vertex 24.761052384440102 -21.982889722747622 0
    endloop
  endfacet
  facet normal 0 0 -1
    outer loop
      vertex 27.5 -26.5 0
      vertex 27.89157857745886 -26.474334582686424 0
      vertex 27.696209385991096 -26.493576772511005 0
    endloop
  endfacet
  facet normal 0 0 -1
    outer loop
      vertex 30.5 -23.5 0
      vertex 24.761052384440102 -21.982889722747622 0
      vertex 24.890180644032256 -21.96157056080646 0
    endloop
  endfacet
  facet normal 0 0 -1
    outer loop
      vertex 30.5 -23.5 0
      vertex 24.890180644032256 -21.96157056080646 0
      vertex 25.01763809020504 -21.931851652578136 0
    endloop
  endfacet
  facet normal 0 0 -1
    outer loop
      vertex 30.5 -23.5 0
      vertex 25.01763809020504 -21.931851652578136 0
      vertex 25.142878930606322 -21.893860258990212 0
    endloop
  endfacet
  facet normal 0 0 -1
    outer loop
      vertex 30.5 -23.5 0
      vertex 25.142878930606322 -21.893860258990212 0
      vertex 25.26536686473018 -21.847759065022572 0
    endloop
  endfacet
  facet normal 0 0 -1
    outer loop
      vertex 30.5 -23.5 0
      vertex 25.26536686473018 -21.847759065022572 0
      vertex 25.384577380438003 -21.793745483065376 0
    endloop
  endfacet
  facet normal 0 0 -1
    outer loop
      vertex 30.5 -23.5 0
      vertex 25.384577380438003 -21.793745483065376 0
      vertex 25.5 -21.73205080756888 0
    endloop
  endfacet
  facet normal 0 0 -1
    outer loop
      vertex 30.5 -23.5 0
      vertex 25.5 -21.73205080756888 0
      vertex 25.611140466039203 -21.66293922460509 0
    endloop
  endfacet
  facet normal 0 0 -1
    outer loop
      vertex 30.5 -23.5 0
      vertex 25.611140466039203 -21.66293922460509 0
      vertex 25.717522858017443 -21.58670668058247 0
    endloop
  endfacet
  facet normal 0 0 -1
    outer loop
      vertex 30.5 -23.5 0
      vertex 25.717522858017443 -21.58670668058247 0
      vertex 25.81869163020014 -21.503679614957953 0
    endloop
  endfacet
  facet normal 0 0 -1
    outer loop
      vertex 30.5 -23.5 0
      vertex 25.81869163020014 -21.503679614957953 0
      vertex 25.914213562373096 -21.414213562373096 0
    endloop
  endfacet
  facet normal 0 0 -1
    outer loop
      vertex 30.5 -23.5 0
      vertex 25.914213562373096 -21.414213562373096 0
      vertex 26.003679614957953 -21.31869163020014 0
    endloop
  endfacet
  facet normal 0 0 -1
    outer loop
      vertex 30.5 -23.5 0
      vertex 26.003679614957953 -21.31869163020014 0
      vertex 26.08670668058247 -21.217522858017443 0
    endloop
  endfacet
  facet normal 0 0 -1
    outer loop
      vertex 30.5 -23.5 0
      vertex 26.08670668058247 -21.217522858017443 0
      vertex 26.16293922460509 -21.111140466039203 0
    endloop
  endfacet
  facet normal 0 0 -1
    outer loop
      vertex 30.5 -23.5 0
      vertex 26.16293922460509 -21.111140466039203 0
      vertex 26.23205080756888 -21 0
    endloop
  endfacet
  facet normal 0 0 -1
    outer loop
      vertex 30.5 -23.5 0
      vertex 26.23205080756888 -21 0
      vertex 26.293745483065376 -20.884577380438003 0
    endloop
  endfacet
  facet normal 0 0 -1
    outer loop
      vertex 30.5 -23.5 0
      vertex 26.293745483065376 -20.884577380438003 0
      vertex 26.347759065022572 -20.76536686473018 0
    endloop
  endfacet
  facet normal 0 0 -1
    outer loop
      vertex 30.5 -23.5 0
      vertex 26.347759065022572 -20.76536686473018 0
      vertex 26.393860258990212 -20.642878930606322 0
    endloop
  endfacet
  facet normal 0 0 -1
    outer loop
      vertex 30.5 -23.5 0
      vertex 26.393860258990212 -20.642878930606322 0
      vertex 26.431851652578136 -20.51763809020504 0
    endloop
  endfacet
  facet normal 0 0 -1
    outer loop
      vertex 30.5 -23.5 0
      vertex 26.23205080756888 -19 0
      vertex 26.16293922460509 -18.888859533960797 0
    endloop
  endfacet
  facet normal 0 0 -1
    outer loop
      vertex 30.5 -23.5 0
      vertex 26.08670668058247 -18.782477141982557 0
      vertex 26.003679614957953 -18.68130836979986 0
    endloop
  endfacet
  facet normal 0 0 -1
    outer loop
      vertex 30.5 -23.5 0
      vertex 26.16293922460509 -18.888859533960797 0
      vertex 26.08670668058247 -18.782477141982557 0
    endloop
  endfacet
  facet normal 0 0 -1
    outer loop
      vertex 30.5 -23.5 0
      vertex 26.431851652578136 -20.51763809020504 0
      vertex 26.46157056080646 -20.390180644032256 0
    endloop
  endfacet
  facet normal 0 0 -1
    outer loop
      vertex 30.5 -23.5 0
      vertex 26.46157056080646 -20.390180644032256 0
      vertex 26.482889722747622 -20.261052384440102 0
    endloop
  endfacet
  facet normal 0 0 -1
    outer loop
      vertex 30.5 -23.5 0
      vertex 26.482889722747622 -20.261052384440102 0
      vertex 26.495717846477206 -20.130806258460286 0
    endloop
  endfacet
  facet normal 0 0 -1
    outer loop
      vertex 30.5 -23.5 0
      vertex 26.495717846477206 -20.130806258460286 0
      vertex 26.5 -20 0
    endloop
  endfacet
  facet normal 0 0 -1
    outer loop
      vertex 30.5 -23.5 0
      vertex 26.5 -20 0
      vertex 26.495717846477206 -19.869193741539714 0
    endloop
  endfacet
  facet normal 0 0 -1
    outer loop
      vertex 30.5 -23.5 0
      vertex 26.495717846477206 -19.869193741539714 0
      vertex 26.482889722747622 -19.738947615559898 0
    endloop
  endfacet
  facet normal 0 0 -1
    outer loop
      vertex 30.5 -23.5 0
      vertex 26.482889722747622 -19.738947615559898 0
      vertex 26.46157056080646 -19.609819355967744 0
    endloop
  endfacet
  facet normal 0 0 -1
    outer loop
      vertex 30.5 -23.5 0
      vertex 26.46157056080646 -19.609819355967744 0
      vertex 26.431851652578136 -19.48236190979496 0
    endloop
  endfacet
  facet normal 0 0 -1
    outer loop
      vertex 30.5 -23.5 0
      vertex 26.431851652578136 -19.48236190979496 0
      vertex 26.393860258990212 -19.357121069393678 0
    endloop
  endfacet
  facet normal 0 0 -1
    outer loop
      vertex 30.5 -23.5 0
      vertex 26.393860258990212 -19.357121069393678 0
      vertex 26.347759065022572 -19.23463313526982 0
    endloop
  endfacet
  facet normal 0 0 -1
    outer loop
      vertex 30.5 -23.5 0
      vertex 26.347759065022572 -19.23463313526982 0
      vertex 26.293745483065376 -19.115422619561997 0
    endloop
  endfacet
  facet normal 0 0 -1
    outer loop
      vertex 30.5 -23.5 0
      vertex 26.293745483065376 -19.115422619561997 0
      vertex 26.23205080756888 -19 0
    endloop
  endfacet
  facet normal 0 0 -1
    outer loop
      vertex 23.73463313526982 18.152240934977428 0
      vertex 22.652240934977428 -19.23463313526982 0
      vertex 22.606139741009788 -19.357121069393678 0
    endloop
  endfacet
  facet normal 0 0 -1
    outer loop
      vertex 23.73463313526982 18.152240934977428 0
      vertex 22.706254516934624 -19.115422619561997 0
      vertex 22.652240934977428 -19.23463313526982 0
    endloop
  endfacet
  facet normal 0 0 -1
    outer loop
      vertex 23.73463313526982 18.152240934977428 0
      vertex 22.76794919243112 -19 0
      vertex 22.706254516934624 -19.115422619561997 0
    endloop
  endfacet
  facet normal 0 0 -1
    outer loop
      vertex 30.5 -23.5 0
      vertex 26.003679614957953 -18.68130836979986 0
      vertex 25.611140466039203 18.33706077539491 0
    endloop
  endfacet
  facet normal 0 0 -1
    outer loop
      vertex 23.73463313526982 18.152240934977428 0
      vertex 22.83706077539491 -18.888859533960797 0
      vertex 22.76794919243112 -19 0
    endloop
  endfacet
  facet normal 0 0 -1
    outer loop
      vertex 23.73463313526982 18.152240934977428 0
      vertex 22.91329331941753 -18.782477141982557 0
      vertex 22.83706077539491 -18.888859533960797 0
    endloop
  endfacet
  facet normal 0 0 -1
    outer loop
      vertex 23.73463313526982 18.152240934977428 0
      vertex 22.996320385042047 -18.68130836979986 0
      vertex 22.91329331941753 -18.782477141982557 0
    endloop
  endfacet
  facet normal 0 0 -1
    outer loop
      vertex 23.73463313526982 18.152240934977428 0
      vertex 23.085786437626904 -18.585786437626904 0
      vertex 22.996320385042047 -18.68130836979986 0
    endloop
  endfacet
  facet normal 0 0 -1
    outer loop
      vertex 23.73463313526982 18.152240934977428 0
      vertex 23.18130836979986 -18.496320385042047 0
      vertex 23.085786437626904 -18.585786437626904 0
    endloop
  endfacet
  facet normal 0 0 -1
    outer loop
      vertex 23.73463313526982 18.152240934977428 0
      vertex 23.282477141982557 -18.41329331941753 0
      vertex 23.18130836979986 -18.496320385042047 0
    endloop
  endfacet
  facet normal 0 0 -1
    outer loop
      vertex 23.73463313526982 18.152240934977428 0
      vertex 23.388859533960797 -18.33706077539491 0
      vertex 23.282477141982557 -18.41329331941753 0
    endloop
  endfacet
  facet normal 0 0 -1
    outer loop
      vertex 23.73463313526982 18.152240934977428 0
      vertex 23.5 -18.26794919243112 0
      vertex 23.388859533960797 -18.33706077539491 0
    endloop
  endfacet
  facet normal 0 0 -1
    outer loop
      vertex 23.73463313526982 18.152240934977428 0
      vertex 23.615422619561997 -18.206254516934624 0
      vertex 23.5 -18.26794919243112 0
    endloop
  endfacet
  facet normal 0 0 -1
    outer loop
      vertex 23.73463313526982 18.152240934977428 0
      vertex 23.73463313526982 -18.152240934977428 0
      vertex 23.615422619561997 -18.206254516934624 0
    endloop
  endfacet
  facet normal 0 0 -1
    outer loop
      vertex 23.857121069393678 -18.106139741009788 0
      vertex 23.73463313526982 -18.152240934977428 0
      vertex 23.857121069393678 18.106139741009788 0
    endloop
  endfacet
  facet normal 0 0 -1
    outer loop
      vertex 23.98236190979496 -18.068148347421864 0
      vertex 23.857121069393678 -18.106139741009788 0
      vertex 23.98236190979496 18.068148347421864 0
    endloop
  endfacet
  facet normal 0 0 -1
    outer loop
      vertex 24.109819355967744 -18.03842943919354 0
      vertex 23.98236190979496 -18.068148347421864 0
      vertex 24.109819355967744 18.03842943919354 0
    endloop
  endfacet
  facet normal 0 0 -1
    outer loop
      vertex 24.238947615559898 -18.017110277252378 0
      vertex 24.109819355967744 -18.03842943919354 0
      vertex 24.238947615559898 18.017110277252378 0
    endloop
  endfacet
  facet normal 0 0 -1
    outer loop
      vertex 24.369193741539714 -18.004282153522794 0
      vertex 24.238947615559898 -18.017110277252378 0
      vertex 24.369193741539714 18.004282153522794 0
    endloop
  endfacet
  facet normal 0 0 -1
    outer loop
      vertex 24.5 -18 0
      vertex 24.369193741539714 -18.004282153522794 0
      vertex 24.5 18 0
    endloop
  endfacet
  facet normal 0 0 -1
    outer loop
      vertex 24.630806258460286 -18.004282153522794 0
      vertex 24.5 -18 0
      vertex 24.630806258460286 18.004282153522794 0
    endloop
  endfacet
  facet normal 0 0 -1
    outer loop
      vertex 24.761052384440102 -18.017110277252378 0
      vertex 24.630806258460286 -18.004282153522794 0
      vertex 24.761052384440102 18.017110277252378 0
    endloop
  endfacet
  facet normal 0 0 -1
    outer loop
      vertex 24.890180644032256 -18.03842943919354 0
      vertex 24.761052384440102 -18.017110277252378 0
      vertex 24.890180644032256 18.03842943919354 0
    endloop
  endfacet
  facet normal 0 0 -1
    outer loop
      vertex 25.01763809020504 -18.068148347421864 0
      vertex 24.890180644032256 -18.03842943919354 0
      vertex 25.01763809020504 18.068148347421864 0
    endloop
  endfacet
  facet normal 0 0 -1
    outer loop
      vertex 25.142878930606322 -18.106139741009788 0
      vertex 25.01763809020504 -18.068148347421864 0
      vertex 25.142878930606322 18.106139741009788 0
    endloop
  endfacet
  facet normal 0 0 -1
    outer loop
      vertex 25.26536686473018 -18.152240934977428 0
      vertex 25.142878930606322 -18.106139741009788 0
      vertex 25.26536686473018 18.152240934977428 0
    endloop
  endfacet
  facet normal 0 0 -1
    outer loop
      vertex 25.384577380438003 -18.206254516934624 0
      vertex 25.26536686473018 -18.152240934977428 0
      vertex 25.384577380438003 18.206254516934624 0
    endloop
  endfacet
  facet normal 0 0 -1
    outer loop
      vertex 25.5 -18.26794919243112 0
      vertex 25.384577380438003 -18.206254516934624 0
      vertex 25.5 18.26794919243112 0
    endloop
  endfacet
  facet normal 0 0 -1
    outer loop
      vertex 25.611140466039203 -18.33706077539491 0
      vertex 25.5 -18.26794919243112 0
      vertex 25.611140466039203 18.33706077539491 0
    endloop
  endfacet
  facet normal 0 0 -1
    outer loop
      vertex 25.717522858017443 -18.41329331941753 0
      vertex 25.611140466039203 -18.33706077539491 0
      vertex 25.611140466039203 18.33706077539491 0
    endloop
  endfacet
  facet normal 0 0 -1
    outer loop
      vertex 25.81869163020014 -18.496320385042047 0
      vertex 25.717522858017443 -18.41329331941753 0
      vertex 25.611140466039203 18.33706077539491 0
    endloop
  endfacet
  facet normal 0 0 -1
    outer loop
      vertex 25.914213562373096 -18.585786437626904 0
      vertex 25.81869163020014 -18.496320385042047 0
      vertex 25.611140466039203 18.33706077539491 0
    endloop
  endfacet
  facet normal 0 0 -1
    outer loop
      vertex 25.914213562373096 -18.585786437626904 0
      vertex 25.611140466039203 18.33706077539491 0
      vertex 26.003679614957953 -18.68130836979986 0
    endloop
  endfacet
  facet normal 0 -1 0
    outer loop
      vertex -27.5 -26.5 3.6
      vertex 27.5 -26.5 0
      vertex 27.5 -26.5 3.6
    endloop
  endfacet
  facet normal 0 0 1
    outer loop
      vertex -27.5 -26.5 3.6
      vertex 27.5 -26.5 3.6
      vertex 27.89157857745886 -26.474334582686424 3.6
    endloop
  endfacet
  facet normal 0 0 1
    outer loop
      vertex -27.5 -26.5 3.6
      vertex 27.89157857745886 -26.474334582686424 3.6
      vertex 28.08527096360922 -26.44235584139824 3.6
    endloop
  endfacet
  facet normal 0 0 1
    outer loop
      vertex -27.696209385991096 -26.493576772511005 3.6
      vertex 28.08527096360922 -26.44235584139824 3.6
      vertex 28.276457138359547 -26.39777747541666 3.6
    endloop
  endfacet
  facet normal 0 0 1
    outer loop
      vertex -27.89157857745886 -26.474334582686424 3.6
      vertex 28.276457138359547 -26.39777747541666 3.6
      vertex 28.46431839466095 -26.340790390968323 3.6
    endloop
  endfacet
  facet normal 0 0 1
    outer loop
      vertex -28.08527096360922 -26.44235584139824 3.6
      vertex 28.46431839466095 -26.340790390968323 3.6
      vertex 28.64805030077696 -26.271638594567776 3.6
    endloop
  endfacet
  facet normal 0 0 1
    outer loop
      vertex -28.276457138359547 -26.39777747541666 3.6
      vertex 28.64805030077696 -26.271638594567776 3.6
      vertex 28.826866067945957 -26.190618224442005 3.6
    endloop
  endfacet
  facet normal 0 0 1
    outer loop
      vertex -28.46431839466095 -26.340790390968323 3.6
      vertex 28.826866067945957 -26.190618224442005 3.6
      vertex 29 -26.098076209425926 3.6
    endloop
  endfacet
  facet normal 0 0 1
    outer loop
      vertex -28.64805030077696 -26.271638594567776 3.6
      vertex 29 -26.098076209425926 3.6
      vertex 29.166710697114468 -25.99440883845091 3.6
    endloop
  endfacet
  facet normal 0 0 1
    outer loop
      vertex -28.826866067945957 -26.190618224442005 3.6
      vertex 29.166710697114468 -25.99440883845091 3.6
      vertex 29.326284289360046 -25.880060024559498 3.6
    endloop
  endfacet
  facet normal 0 0 1
    outer loop
      vertex -29 -26.098076209425926 3.6
      vertex 29.326284289360046 -25.880060024559498 3.6
      vertex 29.47803744673729 -25.755519419908524 3.6
    endloop
  endfacet
  facet normal 0 0 1
    outer loop
      vertex -29.166710697114468 -25.99440883845091 3.6
      vertex 29.47803744673729 -25.755519419908524 3.6
      vertex 29.621320344507694 -25.621320344507694 3.6
    endloop
  endfacet
  facet normal 0 0 1
    outer loop
      vertex -29.326284289360046 -25.880060024559498 3.6
      vertex 29.621320344507694 -25.621320344507694 3.6
      vertex 29.755519419908524 -25.47803744673729 3.6
    endloop
  endfacet
  facet normal 0 0 1
    outer loop
      vertex -29.47803744673729 -25.755519419908524 3.6
      vertex 29.755519419908524 -25.47803744673729 3.6
      vertex 29.880060024559498 -25.326284289360046 3.6
    endloop
  endfacet
  facet normal 0 0 1
    outer loop
      vertex -29.621320344507694 -25.621320344507694 3.6
      vertex 29.880060024559498 -25.326284289360046 3.6
      vertex 29.99440883845091 -25.166710697114468 3.6
    endloop
  endfacet
  facet normal 0 0 1
    outer loop
      vertex -29.755519419908524 -25.47803744673729 3.6
      vertex 29.99440883845091 -25.166710697114468 3.6
      vertex 30.098076209425926 -25 3.6
    endloop
  endfacet
  facet normal 0 0 1
    outer loop
      vertex -29.880060024559498 -25.326284289360046 3.6
      vertex 30.098076209425926 -25 3.6
      vertex 30.190618224442005 -24.826866067945957 3.6
    endloop
  endfacet
  facet normal 0 0 1
    outer loop
      vertex -29.99440883845091 -25.166710697114468 3.6
      vertex 30.190618224442005 -24.826866067945957 3.6
      vertex 30.271638594567776 -24.64805030077696 3.6
    endloop
  endfacet
  facet normal 0 0 1
    outer loop
      vertex -30.098076209425926 -25 3.6
      vertex 30.271638594567776 -24.64805030077696 3.6
      vertex 30.340790390968323 -24.46431839466095 3.6
    endloop
  endfacet
  facet normal 0 0 1
    outer loop
      vertex -30.190618224442005 -24.826866067945957 3.6
      vertex 30.340790390968323 -24.46431839466095 3.6
      vertex 30.39777747541666 -24.276457138359547 3.6
    endloop
  endfacet
  facet normal 0 0 1
    outer loop
      vertex -30.271638594567776 -24.64805030077696 3.6
      vertex 30.39777747541666 -24.276457138359547 3.6
      vertex 30.44235584139824 -24.08527096360922 3.6
    endloop
  endfacet
  facet normal 0 0 1
    outer loop
      vertex -30.340790390968323 -24.46431839466095 3.6
      vertex 30.44235584139824 -24.08527096360922 3.6
      vertex 30.474334582686424 -23.89157857745886 3.6
    endloop
  endfacet
  facet normal 0 0 1
    outer loop
      vertex -30.39777747541666 -24.276457138359547 3.6
      vertex 30.474334582686424 -23.89157857745886 3.6
      vertex 30.493576772511005 -23.696209385991096 3.6
    endloop
  endfacet
  facet normal 0 0 1
    outer loop
      vertex -30.44235584139824 -24.08527096360922 3.6
      vertex 30.493576772511005 -23.696209385991096 3.6
      vertex 30.5 -23.5 3.6
    endloop
  endfacet
  facet normal 0 0 1
    outer loop
      vertex -30.474334582686424 -23.89157857745886 3.6
      vertex 30.5 -23.5 3.6
      vertex 30.5 23.5 3.6
    endloop
  endfacet
  facet normal 0.03271906888173734 -0.9994645879327152 0
    outer loop
      vertex 27.5 -26.5 0
      vertex 27.696209385991096 -26.493576772511005 0
      vertex 27.5 -26.5 3.6
    endloop
  endfacet
  facet normal 0.09801716042939747 -0.9951847246925356 0
    outer loop
      vertex 27.696209385991096 -26.493576772511005 0
      vertex 27.89157857745886 -26.474334582686424 0
      vertex 27.696209385991096 -26.493576772511005 3.6
    endloop
  endfacet
  facet normal 0.1628954679946601 -0.9866433329764108 0
    outer loop
      vertex 27.89157857745886 -26.474334582686424 0
      vertex 28.08527096360922 -26.44235584139824 0
      vertex 27.89157857745886 -26.474334582686424 3.6
    endloop
  endfacet
  facet normal 0.22707627442991757 -0.9738769766202653 0
    outer loop
      vertex 28.08527096360922 -26.44235584139824 0
      vertex 28.276457138359547 -26.39777747541666 0
      vertex 28.08527096360922 -26.44235584139824 3.6
    endloop
  endfacet
  facet normal 0.29028465566187256 -0.9569403422822491 0
    outer loop
      vertex 28.276457138359547 -26.39777747541666 0
      vertex 28.46431839466095 -26.340790390968323 0
      vertex 28.276457138359547 -26.39777747541666 3.6
    endloop
  endfacet
  facet normal 0.3522500639547167 -0.9359059207227497 0
    outer loop
      vertex 28.46431839466095 -26.340790390968323 0
      vertex 28.64805030077696 -26.271638594567776 0
      vertex 28.46431839466095 -26.340790390968323 3.6
    endloop
  endfacet
  facet normal 0.4127070301699061 -0.9108638247555647 0
    outer loop
      vertex 28.64805030077696 -26.271638594567776 0
      vertex 28.826866067945957 -26.190618224442005 0
      vertex 28.64805030077696 -26.271638594567776 3.6
    endloop
  endfacet
  facet normal 0.4713967381027125 -0.8819212636659368 0
    outer loop
      vertex 28.826866067945957 -26.190618224442005 0
      vertex 29 -26.098076209425926 0
      vertex 28.826866067945957 -26.190618224442005 3.6
    endloop
  endfacet
  facet normal 0.5280678423425941 -0.8492021866926847 0
    outer loop
      vertex 29 -26.098076209425926 0
      vertex 29.166710697114468 -25.99440883845091 0
      vertex 29 -26.098076209425926 3.6
    endloop
  endfacet
  facet normal 0.5824776793388156 -0.8128466971527092 0
    outer loop
      vertex 29.166710697114468 -25.99440883845091 0
      vertex 29.326284289360046 -25.880060024559498 0
      vertex 29.166710697114468 -25.99440883845091 3.6
    endloop
  endfacet
  facet normal 0.6343933053187338 -0.7730104360012042 0
    outer loop
      vertex 29.326284289360046 -25.880060024559498 0
      vertex 29.47803744673729 -25.755519419908524 0
      vertex 29.326284289360046 -25.880060024559498 3.6
    endloop
  endfacet
  facet normal 0.6835922938323207 -0.7298640803691233 0
    outer loop
      vertex 29.47803744673729 -25.755519419908524 0
      vertex 29.621320344507694 -25.621320344507694 0
      vertex 29.47803744673729 -25.755519419908524 3.6
    endloop
  endfacet
  facet normal 0.7298640803691233 -0.6835922938323207 0
    outer loop
      vertex 29.621320344507694 -25.621320344507694 0
      vertex 29.755519419908524 -25.47803744673729 0
      vertex 29.621320344507694 -25.621320344507694 3.6
    endloop
  endfacet
  facet normal 0.7730104360012042 -0.6343933053187338 0
    outer loop
      vertex 29.755519419908524 -25.47803744673729 0
      vertex 29.880060024559498 -25.326284289360046 0
      vertex 29.755519419908524 -25.47803744673729 3.6
    endloop
  endfacet
  facet normal 0.8128466971527092 -0.5824776793388156 0
    outer loop
      vertex 29.880060024559498 -25.326284289360046 0
      vertex 29.99440883845091 -25.166710697114468 0
      vertex 29.880060024559498 -25.326284289360046 3.6
    endloop
  endfacet
  facet normal 0.8492021866926847 -0.5280678423425941 0
    outer loop
      vertex 29.99440883845091 -25.166710697114468 0
      vertex 30.098076209425926 -25 0
      vertex 29.99440883845091 -25.166710697114468 3.6
    endloop
  endfacet
  facet normal 0.8819212636659368 -0.4713967381027125 0
    outer loop
      vertex 30.098076209425926 -25 0
      vertex 30.190618224442005 -24.826866067945957 0
      vertex 30.098076209425926 -25 3.6
    endloop
  endfacet
  facet normal 0.9108638247555647 -0.4127070301699061 0
    outer loop
      vertex 30.190618224442005 -24.826866067945957 0
      vertex 30.271638594567776 -24.64805030077696 0
      vertex 30.190618224442005 -24.826866067945957 3.6
    endloop
  endfacet
  facet normal 0.9359059207227497 -0.3522500639547167 0
    outer loop
      vertex 30.271638594567776 -24.64805030077696 0
      vertex 30.340790390968323 -24.46431839466095 0
      vertex 30.271638594567776 -24.64805030077696 3.6
    endloop
  endfacet
  facet normal 0.9569403422822491 -0.29028465566187256 0
    outer loop
      vertex 30.340790390968323 -24.46431839466095 0
      vertex 30.39777747541666 -24.276457138359547 0
      vertex 30.340790390968323 -24.46431839466095 3.6
    endloop
  endfacet
  facet normal 0.9738769766202653 -0.22707627442991757 0
    outer loop
      vertex 30.39777747541666 -24.276457138359547 0
      vertex 30.44235584139824 -24.08527096360922 0
      vertex 30.39777747541666 -24.276457138359547 3.6
    endloop
  endfacet
  facet normal 0.9866433329764108 -0.1628954679946601 0
    outer loop
      vertex 30.44235584139824 -24.08527096360922 0
      vertex 30.474334582686424 -23.89157857745886 0
      vertex 30.44235584139824 -24.08527096360922 3.6
    endloop
  endfacet
  facet normal 0.9951847246925356 -0.09801716042939747 0
    outer loop
      vertex 30.474334582686424 -23.89157857745886 0
      vertex 30.493576772511005 -23.696209385991096 0
      vertex 30.474334582686424 -23.89157857745886 3.6
    endloop
  endfacet
  facet normal 0.9994645879327152 -0.03271906888173734 0
    outer loop
      vertex 30.493576772511005 -23.696209385991096 0
      vertex 30.5 -23.5 0
      vertex 30.493576772511005 -23.696209385991096 3.6
    endloop
  endfacet
  facet normal 1 0 0
    outer loop
      vertex 30.5 -23.5 0
      vertex 30.5 -12.692399928663953 1.5
      vertex 30.5 -23.5 3.6
    endloop
  endfacet
  facet normal 1 0 0
    outer loop
      vertex 30.5 -23.5 0
      vertex 30.5 -12.008409684244745 1.387072753609445
      vertex 30.5 -12.692399928663953 1.5
    endloop
  endfacet
  facet normal 1 0 0
    outer loop
      vertex 30.5 -23.5 0
      vertex 30.5 -6.017087889173162 0.7969790620484787
      vertex 30.5 -12.008409684244745 1.387072753609445
    endloop
  endfacet
  facet normal 0.03271906888173734 -0.9994645879327152 0
    outer loop
      vertex 27.696209385991096 -26.493576772511005 0
      vertex 27.696209385991096 -26.493576772511005 3.6
      vertex 27.5 -26.5 3.6
    endloop
  endfacet
  facet normal 0.09801716042939747 -0.9951847246925356 0
    outer loop
      vertex 27.89157857745886 -26.474334582686424 0
      vertex 27.89157857745886 -26.474334582686424 3.6
      vertex 27.696209385991096 -26.493576772511005 3.6
    endloop
  endfacet
  facet normal 0.1628954679946601 -0.9866433329764108 0
    outer loop
      vertex 28.08527096360922 -26.44235584139824 0
      vertex 28.08527096360922 -26.44235584139824 3.6
      vertex 27.89157857745886 -26.474334582686424 3.6
    endloop
  endfacet
  facet normal 0.22707627442991757 -0.9738769766202653 0
    outer loop
      vertex 28.276457138359547 -26.39777747541666 0
      vertex 28.276457138359547 -26.39777747541666 3.6
      vertex 28.08527096360922 -26.44235584139824 3.6
    endloop
  endfacet
  facet normal 0.29028465566187256 -0.9569403422822491 0
    outer loop
      vertex 28.46431839466095 -26.340790390968323 0
      vertex 28.46431839466095 -26.340790390968323 3.6
      vertex 28.276457138359547 -26.39777747541666 3.6
    endloop
  endfacet
  facet normal 0.3522500639547167 -0.9359059207227497 0
    outer loop
      vertex 28.64805030077696 -26.271638594567776 0
      vertex 28.64805030077696 -26.271638594567776 3.6
      vertex 28.46431839466095 -26.340790390968323 3.6
    endloop
  endfacet
  facet normal 0.4127070301699061 -0.9108638247555647 0
    outer loop
      vertex 28.826866067945957 -26.190618224442005 0
      vertex 28.826866067945957 -26.190618224442005 3.6
      vertex 28.64805030077696 -26.271638594567776 3.6
    endloop
  endfacet
  facet normal 0.4713967381027125 -0.8819212636659368 0
    outer loop
      vertex 29 -26.098076209425926 0
      vertex 29 -26.098076209425926 3.6
      vertex 28.826866067945957 -26.190618224442005 3.6
    endloop
  endfacet
  facet normal 0.5280678423425941 -0.8492021866926847 0
    outer loop
      vertex 29.166710697114468 -25.99440883845091 0
      vertex 29.166710697114468 -25.99440883845091 3.6
      vertex 29 -26.098076209425926 3.6
    endloop
  endfacet
  facet normal 0.5824776793388156 -0.8128466971527092 0
    outer loop
      vertex 29.326284289360046 -25.880060024559498 0
      vertex 29.326284289360046 -25.880060024559498 3.6
      vertex 29.166710697114468 -25.99440883845091 3.6
    endloop
  endfacet
  facet normal 0.6343933053187338 -0.7730104360012042 0
    outer loop
      vertex 29.47803744673729 -25.755519419908524 0
      vertex 29.47803744673729 -25.755519419908524 3.6
      vertex 29.326284289360046 -25.880060024559498 3.6
    endloop
  endfacet
  facet normal 0.6835922938323207 -0.7298640803691233 0
    outer loop
      vertex 29.621320344507694 -25.621320344507694 0
      vertex 29.621320344507694 -25.621320344507694 3.6
      vertex 29.47803744673729 -25.755519419908524 3.6
    endloop
  endfacet
  facet normal 0.7298640803691233 -0.6835922938323207 0
    outer loop
      vertex 29.755519419908524 -25.47803744673729 0
      vertex 29.755519419908524 -25.47803744673729 3.6
      vertex 29.621320344507694 -25.621320344507694 3.6
    endloop
  endfacet
  facet normal 0.7730104360012042 -0.6343933053187338 0
    outer loop
      vertex 29.880060024559498 -25.326284289360046 0
      vertex 29.880060024559498 -25.326284289360046 3.6
      vertex 29.755519419908524 -25.47803744673729 3.6
    endloop
  endfacet
  facet normal 0.8128466971527092 -0.5824776793388156 0
    outer loop
      vertex 29.99440883845091 -25.166710697114468 0
      vertex 29.99440883845091 -25.166710697114468 3.6
      vertex 29.880060024559498 -25.326284289360046 3.6
    endloop
  endfacet
  facet normal 0.8492021866926847 -0.5280678423425941 0
    outer loop
      vertex 30.098076209425926 -25 0
      vertex 30.098076209425926 -25 3.6
      vertex 29.99440883845091 -25.166710697114468 3.6
    endloop
  endfacet
  facet normal 0.8819212636659368 -0.4713967381027125 0
    outer loop
      vertex 30.190618224442005 -24.826866067945957 0
      vertex 30.190618224442005 -24.826866067945957 3.6
      vertex 30.098076209425926 -25 3.6
    endloop
  endfacet
  facet normal 0.9108638247555647 -0.4127070301699061 0
    outer loop
      vertex 30.271638594567776 -24.64805030077696 0
      vertex 30.271638594567776 -24.64805030077696 3.6
      vertex 30.190618224442005 -24.826866067945957 3.6
    endloop
  endfacet
  facet normal 0.9359059207227497 -0.3522500639547167 0
    outer loop
      vertex 30.340790390968323 -24.46431839466095 0
      vertex 30.340790390968323 -24.46431839466095 3.6
      vertex 30.271638594567776 -24.64805030077696 3.6
    endloop
  endfacet
  facet normal 0.9569403422822491 -0.29028465566187256 0
    outer loop
      vertex 30.39777747541666 -24.276457138359547 0
      vertex 30.39777747541666 -24.276457138359547 3.6
      vertex 30.340790390968323 -24.46431839466095 3.6
    endloop
  endfacet
  facet normal 0.9738769766202653 -0.22707627442991757 0
    outer loop
      vertex 30.44235584139824 -24.08527096360922 0
      vertex 30.44235584139824 -24.08527096360922 3.6
      vertex 30.39777747541666 -24.276457138359547 3.6
    endloop
  endfacet
  facet normal 0.9866433329764108 -0.1628954679946601 0
    outer loop
      vertex 30.474334582686424 -23.89157857745886 0
      vertex 30.474334582686424 -23.89157857745886 3.6
      vertex 30.44235584139824 -24.08527096360922 3.6
    endloop
  endfacet
  facet normal 0.9951847246925356 -0.09801716042939747 0
    outer loop
      vertex 30.493576772511005 -23.696209385991096 0
      vertex 30.493576772511005 -23.696209385991096 3.6
      vertex 30.474334582686424 -23.89157857745886 3.6
    endloop
  endfacet
  facet normal 0.9994645879327152 -0.03271906888173734 0
    outer loop
      vertex 30.5 -23.5 0
      vertex 30.5 -23.5 3.6
      vertex 30.493576772511005 -23.696209385991096 3.6
    endloop
  endfacet
  facet normal 0 0 1
    outer loop
      vertex 27.5 -26.5 3.6
      vertex 27.696209385991096 -26.493576772511005 3.6
      vertex 27.89157857745886 -26.474334582686424 3.6
    endloop
  endfacet
  facet normal 1 0 0
    outer loop
      vertex 30.5 -23.5 0
      vertex 30.5 0 0.5999999999999943
      vertex 30.5 -6.017087889173162 0.7969790620484787
    endloop
  endfacet
  facet normal 1 0 0
    outer loop
      vertex 30.5 -12.692399928663953 1.5
      vertex 30.5 12.692399928663953 1.5
      vertex 30.5 -23.5 3.6
    endloop
  endfacet
  facet normal 0 0 -1
    outer loop
      vertex -23.73463313526982 -18.152240934977428 0
      vertex 22.83706077539491 18.888859533960797 0
      vertex 22.91329331941753 18.782477141982557 0
    endloop
  endfacet
  facet normal 0 0 -1
    outer loop
      vertex -23.73463313526982 -18.152240934977428 0
      vertex 22.76794919243112 19 0
      vertex 22.83706077539491 18.888859533960797 0
    endloop
  endfacet
  facet normal 0 0 -1
    outer loop
      vertex -23.73463313526982 -18.152240934977428 0
      vertex 22.996320385042047 18.68130836979986 0
      vertex 23.085786437626904 18.585786437626904 0
    endloop
  endfacet
  facet normal 0 0 -1
    outer loop
      vertex -23.73463313526982 -18.152240934977428 0
      vertex 23.085786437626904 18.585786437626904 0
      vertex 23.18130836979986 18.496320385042047 0
    endloop
  endfacet
  facet normal 0 0 -1
    outer loop
      vertex -23.73463313526982 -18.152240934977428 0
      vertex 23.18130836979986 18.496320385042047 0
      vertex 23.282477141982557 18.41329331941753 0
    endloop
  endfacet
  facet normal 0 0 -1
    outer loop
      vertex -23.73463313526982 -18.152240934977428 0
      vertex 22.91329331941753 18.782477141982557 0
      vertex 22.996320385042047 18.68130836979986 0
    endloop
  endfacet
  facet normal 0 0 -1
    outer loop
      vertex -23.73463313526982 -18.152240934977428 0
      vertex 22.568148347421864 19.48236190979496 0
      vertex 22.606139741009788 19.357121069393678 0
    endloop
  endfacet
  facet normal 0 0 -1
    outer loop
      vertex -23.73463313526982 -18.152240934977428 0
      vertex 22.53842943919354 19.609819355967744 0
      vertex 22.568148347421864 19.48236190979496 0
    endloop
  endfacet
  facet normal 0 0 -1
    outer loop
      vertex -23.73463313526982 -18.152240934977428 0
      vertex 22.517110277252378 19.738947615559898 0
      vertex 22.53842943919354 19.609819355967744 0
    endloop
  endfacet
  facet normal 0 0 -1
    outer loop
      vertex -23.857121069393678 -18.106139741009788 0
      vertex 22.504282153522794 19.869193741539714 0
      vertex 22.517110277252378 19.738947615559898 0
    endloop
  endfacet
  facet normal 0 0 -1
    outer loop
      vertex -23.98236190979496 -18.068148347421864 0
      vertex 22.5 20 0
      vertex 22.504282153522794 19.869193741539714 0
    endloop
  endfacet
  facet normal 0 0 -1
    outer loop
      vertex -24.109819355967744 -18.03842943919354 0
      vertex 22.504282153522794 20.130806258460286 0
      vertex 22.5 20 0
    endloop
  endfacet
  facet normal 0 0 -1
    outer loop
      vertex -23.73463313526982 -18.152240934977428 0
      vertex 22.706254516934624 19.115422619561997 0
      vertex 22.76794919243112 19 0
    endloop
  endfacet
  facet normal 0 0 -1
    outer loop
      vertex -23.73463313526982 -18.152240934977428 0
      vertex 22.652240934977428 19.23463313526982 0
      vertex 22.706254516934624 19.115422619561997 0
    endloop
  endfacet
  facet normal 0 0 -1
    outer loop
      vertex -23.73463313526982 -18.152240934977428 0
      vertex 22.606139741009788 19.357121069393678 0
      vertex 22.652240934977428 19.23463313526982 0
    endloop
  endfacet
  facet normal 0 0 -1
    outer loop
      vertex -23.73463313526982 -18.152240934977428 0
      vertex 23.282477141982557 18.41329331941753 0
      vertex 23.388859533960797 18.33706077539491 0
    endloop
  endfacet
  facet normal 0 0 -1
    outer loop
      vertex -23.73463313526982 -18.152240934977428 0
      vertex 23.388859533960797 18.33706077539491 0
      vertex 23.5 18.26794919243112 0
    endloop
  endfacet
  facet normal 0 0 -1
    outer loop
      vertex -23.615422619561997 -18.206254516934624 0
      vertex 23.5 18.26794919243112 0
      vertex 23.615422619561997 18.206254516934624 0
    endloop
  endfacet
  facet normal 0 0 -1
    outer loop
      vertex -23.5 -18.26794919243112 0
      vertex 23.615422619561997 18.206254516934624 0
      vertex 23.73463313526982 18.152240934977428 0
    endloop
  endfacet
  facet normal 0 0 -1
    outer loop
      vertex -22.517110277252378 20.261052384440102 0
      vertex 22.517110277252378 20.261052384440102 0
      vertex 22.504282153522794 20.130806258460286 0
    endloop
  endfacet
  facet normal 0 0 -1
    outer loop
      vertex -22.53842943919354 20.390180644032256 0
      vertex 22.53842943919354 20.390180644032256 0
      vertex 22.517110277252378 20.261052384440102 0
    endloop
  endfacet
  facet normal 0 0 -1
    outer loop
      vertex -22.568148347421864 20.51763809020504 0
      vertex 22.568148347421864 20.51763809020504 0
      vertex 22.53842943919354 20.390180644032256 0
    endloop
  endfacet
  facet normal 0 0 -1
    outer loop
      vertex -22.606139741009788 20.642878930606322 0
      vertex 22.606139741009788 20.642878930606322 0
      vertex 22.568148347421864 20.51763809020504 0
    endloop
  endfacet
  facet normal 0 0 -1
    outer loop
      vertex -22.652240934977428 20.76536686473018 0
      vertex 22.652240934977428 20.76536686473018 0
      vertex 22.606139741009788 20.642878930606322 0
    endloop
  endfacet
  facet normal 0 0 -1
    outer loop
      vertex -22.706254516934624 20.884577380438003 0
      vertex 22.706254516934624 20.884577380438003 0
      vertex 22.652240934977428 20.76536686473018 0
    endloop
  endfacet
  facet normal 0 0 -1
    outer loop
      vertex -22.76794919243112 21 0
      vertex 22.76794919243112 21 0
      vertex 22.706254516934624 20.884577380438003 0
    endloop
  endfacet
  facet normal 0 0 -1
    outer loop
      vertex -22.83706077539491 21.111140466039203 0
      vertex 22.83706077539491 21.111140466039203 0
      vertex 22.76794919243112 21 0
    endloop
  endfacet
  facet normal 0 0 -1
    outer loop
      vertex -22.91329331941753 21.217522858017443 0
      vertex 22.91329331941753 21.217522858017443 0
      vertex 22.83706077539491 21.111140466039203 0
    endloop
  endfacet
  facet normal 0 0 -1
    outer loop
      vertex -22.996320385042047 21.31869163020014 0
      vertex 22.996320385042047 21.31869163020014 0
      vertex 22.91329331941753 21.217522858017443 0
    endloop
  endfacet
  facet normal 0 0 -1
    outer loop
      vertex -23.085786437626904 21.414213562373096 0
      vertex 23.085786437626904 21.414213562373096 0
      vertex 22.996320385042047 21.31869163020014 0
    endloop
  endfacet
  facet normal 0 0 -1
    outer loop
      vertex -23.18130836979986 21.503679614957953 0
      vertex 23.18130836979986 21.503679614957953 0
      vertex 23.085786437626904 21.414213562373096 0
    endloop
  endfacet
  facet normal 0 0 -1
    outer loop
      vertex -23.282477141982557 21.58670668058247 0
      vertex 23.282477141982557 21.58670668058247 0
      vertex 23.18130836979986 21.503679614957953 0
    endloop
  endfacet
  facet normal 0 0 -1
    outer loop
      vertex -23.388859533960797 21.66293922460509 0
      vertex 23.388859533960797 21.66293922460509 0
      vertex 23.282477141982557 21.58670668058247 0
    endloop
  endfacet
  facet normal 0 0 -1
    outer loop
      vertex -23.5 21.73205080756888 0
      vertex 23.5 21.73205080756888 0
      vertex 23.388859533960797 21.66293922460509 0
    endloop
  endfacet
  facet normal 0 0 -1
    outer loop
      vertex -23.615422619561997 21.793745483065376 0
      vertex 23.615422619561997 21.793745483065376 0
      vertex 23.5 21.73205080756888 0
    endloop
  endfacet
  facet normal 0 0 -1
    outer loop
      vertex -23.73463313526982 21.847759065022572 0
      vertex 23.73463313526982 21.847759065022572 0
      vertex 23.615422619561997 21.793745483065376 0
    endloop
  endfacet
  facet normal 0 0 -1
    outer loop
      vertex -23.857121069393678 21.893860258990212 0
      vertex 23.857121069393678 21.893860258990212 0
      vertex 23.73463313526982 21.847759065022572 0
    endloop
  endfacet
  facet normal 0 0 -1
    outer loop
      vertex -23.857121069393678 21.893860258990212 0
      vertex 23.98236190979496 21.931851652578136 0
      vertex 23.857121069393678 21.893860258990212 0
    endloop
  endfacet
  facet normal 0 0 -1
    outer loop
      vertex -23.857121069393678 21.893860258990212 0
      vertex 24.109819355967744 21.96157056080646 0
      vertex 23.98236190979496 21.931851652578136 0
    endloop
  endfacet
  facet normal 0 0 -1
    outer loop
      vertex -23.857121069393678 21.893860258990212 0
      vertex 24.238947615559898 21.982889722747622 0
      vertex 24.109819355967744 21.96157056080646 0
    endloop
  endfacet
  facet normal 0 0 -1
    outer loop
      vertex -23.857121069393678 21.893860258990212 0
      vertex 24.369193741539714 21.995717846477206 0
      vertex 24.238947615559898 21.982889722747622 0
    endloop
  endfacet
  facet normal 0 0 -1
    outer loop
      vertex -23.857121069393678 21.893860258990212 0
      vertex 24.5 22 0
      vertex 24.369193741539714 21.995717846477206 0
    endloop
  endfacet
  facet normal 0 0 -1
    outer loop
      vertex 30.474334582686424 23.89157857745886 0
      vertex 24.5 22 0
      vertex -23.857121069393678 21.893860258990212 0
    endloop
  endfacet
  facet normal 0 0 -1
    outer loop
      vertex -28.08527096360922 26.44235584139824 0
      vertex 27.5 26.5 0
      vertex 27.696209385991096 26.493576772511005 0
    endloop
  endfacet
  facet normal 0 0 -1
    outer loop
      vertex -29.326284289360046 25.880060024559498 0
      vertex 28.826866067945957 26.190618224442005 0
      vertex 29 26.098076209425926 0
    endloop
  endfacet
  facet normal 0 0 -1
    outer loop
      vertex -28.276457138359547 26.39777747541666 0
      vertex 27.696209385991096 26.493576772511005 0
      vertex 27.89157857745886 26.474334582686424 0
    endloop
  endfacet
  facet normal 0 0 -1
    outer loop
      vertex -28.46431839466095 26.340790390968323 0
      vertex 27.89157857745886 26.474334582686424 0
      vertex 28.08527096360922 26.44235584139824 0
    endloop
  endfacet
  facet normal 0 0 -1
    outer loop
      vertex -28.64805030077696 26.271638594567776 0
      vertex 28.08527096360922 26.44235584139824 0
      vertex 28.276457138359547 26.39777747541666 0
    endloop
  endfacet
  facet normal 0 0 -1
    outer loop
      vertex -29 26.098076209425926 0
      vertex 28.46431839466095 26.340790390968323 0
      vertex 28.64805030077696 26.271638594567776 0
    endloop
  endfacet
  facet normal 0 0 -1
    outer loop
      vertex -29.166710697114468 25.99440883845091 0
      vertex 28.64805030077696 26.271638594567776 0
      vertex 28.826866067945957 26.190618224442005 0
    endloop
  endfacet
  facet normal 0 0 -1
    outer loop
      vertex -28.826866067945957 26.190618224442005 0
      vertex 28.276457138359547 26.39777747541666 0
      vertex 28.46431839466095 26.340790390968323 0
    endloop
  endfacet
  facet normal 0 0 -1
    outer loop
      vertex -30.5 23.5 0
      vertex 30.44235584139824 24.08527096360922 0
      vertex 30.474334582686424 23.89157857745886 0
    endloop
  endfacet
  facet normal 0 0 -1
    outer loop
      vertex -30.340790390968323 24.46431839466095 0
      vertex 30.098076209425926 25 0
      vertex 30.190618224442005 24.826866067945957 0
    endloop
  endfacet
  facet normal 0 0 -1
    outer loop
      vertex -30.493576772511005 23.696209385991096 0
      vertex 30.39777747541666 24.276457138359547 0
      vertex 30.44235584139824 24.08527096360922 0
    endloop
  endfacet
  facet normal 0 0 -1
    outer loop
      vertex -30.474334582686424 23.89157857745886 0
      vertex 30.340790390968323 24.46431839466095 0
      vertex 30.39777747541666 24.276457138359547 0
    endloop
  endfacet
  facet normal 0 0 -1
    outer loop
      vertex -30.44235584139824 24.08527096360922 0
      vertex 30.271638594567776 24.64805030077696 0
      vertex 30.340790390968323 24.46431839466095 0
    endloop
  endfacet
  facet normal 0 0 -1
    outer loop
      vertex -30.39777747541666 24.276457138359547 0
      vertex 30.190618224442005 24.826866067945957 0
      vertex 30.271638594567776 24.64805030077696 0
    endloop
  endfacet
  facet normal 0 0 -1
    outer loop
      vertex -30.271638594567776 24.64805030077696 0
      vertex 29.99440883845091 25.166710697114468 0
      vertex 30.098076209425926 25 0
    endloop
  endfacet
  facet normal 0 0 -1
    outer loop
      vertex -30.190618224442005 24.826866067945957 0
      vertex 29.880060024559498 25.326284289360046 0
      vertex 29.99440883845091 25.166710697114468 0
    endloop
  endfacet
  facet normal 0 0 -1
    outer loop
      vertex -29.880060024559498 25.326284289360046 0
      vertex 29.47803744673729 25.755519419908524 0
      vertex 29.621320344507694 25.621320344507694 0
    endloop
  endfacet
  facet normal 0 0 -1
    outer loop
      vertex -30.098076209425926 25 0
      vertex 29.755519419908524 25.47803744673729 0
      vertex 29.880060024559498 25.326284289360046 0
    endloop
  endfacet
  facet normal 0 0 -1
    outer loop
      vertex -29.99440883845091 25.166710697114468 0
      vertex 29.621320344507694 25.621320344507694 0
      vertex 29.755519419908524 25.47803744673729 0
    endloop
  endfacet
  facet normal 0 0 -1
    outer loop
      vertex -29.621320344507694 25.621320344507694 0
      vertex 29.166710697114468 25.99440883845091 0
      vertex 29.326284289360046 25.880060024559498 0
    endloop
  endfacet
  facet normal 0 0 -1
    outer loop
      vertex -29.755519419908524 25.47803744673729 0
      vertex 29.326284289360046 25.880060024559498 0
      vertex 29.47803744673729 25.755519419908524 0
    endloop
  endfacet
  facet normal 0 0 -1
    outer loop
      vertex -29.47803744673729 25.755519419908524 0
      vertex 29 26.098076209425926 0
      vertex 29.166710697114468 25.99440883845091 0
    endloop
  endfacet
  facet normal 0 0 -1
    outer loop
      vertex 23.73463313526982 -18.152240934977428 0
      vertex 23.73463313526982 18.152240934977428 0
      vertex 23.857121069393678 18.106139741009788 0
    endloop
  endfacet
  facet normal 0 0 -1
    outer loop
      vertex 23.857121069393678 -18.106139741009788 0
      vertex 23.857121069393678 18.106139741009788 0
      vertex 23.98236190979496 18.068148347421864 0
    endloop
  endfacet
  facet normal 0 0 -1
    outer loop
      vertex 23.98236190979496 -18.068148347421864 0
      vertex 23.98236190979496 18.068148347421864 0
      vertex 24.109819355967744 18.03842943919354 0
    endloop
  endfacet
  facet normal 0 0 -1
    outer loop
      vertex 24.238947615559898 -18.017110277252378 0
      vertex 24.238947615559898 18.017110277252378 0
      vertex 24.369193741539714 18.004282153522794 0
    endloop
  endfacet
  facet normal 0 0 -1
    outer loop
      vertex 24.109819355967744 -18.03842943919354 0
      vertex 24.109819355967744 18.03842943919354 0
      vertex 24.238947615559898 18.017110277252378 0
    endloop
  endfacet
  facet normal 0 0 -1
    outer loop
      vertex 24.369193741539714 -18.004282153522794 0
      vertex 24.369193741539714 18.004282153522794 0
      vertex 24.5 18 0
    endloop
  endfacet
  facet normal 0 0 -1
    outer loop
      vertex 24.5 -18 0
      vertex 24.5 18 0
      vertex 24.630806258460286 18.004282153522794 0
    endloop
  endfacet
  facet normal 0 0 -1
    outer loop
      vertex 24.630806258460286 -18.004282153522794 0
      vertex 24.630806258460286 18.004282153522794 0
      vertex 24.761052384440102 18.017110277252378 0
    endloop
  endfacet
  facet normal 0 0 -1
    outer loop
      vertex 24.761052384440102 -18.017110277252378 0
      vertex 24.761052384440102 18.017110277252378 0
      vertex 24.890180644032256 18.03842943919354 0
    endloop
  endfacet
  facet normal 0 0 -1
    outer loop
      vertex 24.890180644032256 -18.03842943919354 0
      vertex 24.890180644032256 18.03842943919354 0
      vertex 25.01763809020504 18.068148347421864 0
    endloop
  endfacet
  facet normal 0 0 -1
    outer loop
      vertex 25.01763809020504 -18.068148347421864 0
      vertex 25.01763809020504 18.068148347421864 0
      vertex 25.142878930606322 18.106139741009788 0
    endloop
  endfacet
  facet normal 0 0 -1
    outer loop
      vertex 25.142878930606322 -18.106139741009788 0
      vertex 25.142878930606322 18.106139741009788 0
      vertex 25.26536686473018 18.152240934977428 0
    endloop
  endfacet
  facet normal 0 0 -1
    outer loop
      vertex 25.26536686473018 -18.152240934977428 0
      vertex 25.26536686473018 18.152240934977428 0
      vertex 25.384577380438003 18.206254516934624 0
    endloop
  endfacet
  facet normal 0 0 -1
    outer loop
      vertex 25.384577380438003 -18.206254516934624 0
      vertex 25.384577380438003 18.206254516934624 0
      vertex 25.5 18.26794919243112 0
    endloop
  endfacet
  facet normal 0 0 -1
    outer loop
      vertex 25.5 -18.26794919243112 0
      vertex 25.5 18.26794919243112 0
      vertex 25.611140466039203 18.33706077539491 0
    endloop
  endfacet
  facet normal 0 0 -1
    outer loop
      vertex 30.5 -23.5 0
      vertex 25.611140466039203 18.33706077539491 0
      vertex 25.717522858017443 18.41329331941753 0
    endloop
  endfacet
  facet normal 0 0 -1
    outer loop
      vertex 30.5 -23.5 0
      vertex 25.717522858017443 18.41329331941753 0
      vertex 25.81869163020014 18.496320385042047 0
    endloop
  endfacet
  facet normal 0 0 -1
    outer loop
      vertex 30.5 -23.5 0
      vertex 25.81869163020014 18.496320385042047 0
      vertex 25.914213562373096 18.585786437626904 0
    endloop
  endfacet
  facet normal 0 0 -1
    outer loop
      vertex 30.5 -23.5 0
      vertex 25.914213562373096 18.585786437626904 0
      vertex 26.003679614957953 18.68130836979986 0
    endloop
  endfacet
  facet normal 0 0 -1
    outer loop
      vertex 30.5 -23.5 0
      vertex 26.003679614957953 18.68130836979986 0
      vertex 26.08670668058247 18.782477141982557 0
    endloop
  endfacet
  facet normal 0 0 -1
    outer loop
      vertex 30.5 -23.5 0
      vertex 26.08670668058247 18.782477141982557 0
      vertex 26.16293922460509 18.888859533960797 0
    endloop
  endfacet
  facet normal 0 0 -1
    outer loop
      vertex 30.5 -23.5 0
      vertex 26.16293922460509 18.888859533960797 0
      vertex 26.23205080756888 19 0
    endloop
  endfacet
  facet normal 0 0 -1
    outer loop
      vertex 30.5 -23.5 0
      vertex 26.23205080756888 19 0
      vertex 26.293745483065376 19.115422619561997 0
    endloop
  endfacet
  facet normal 0 0 -1
    outer loop
      vertex 30.5 -23.5 0
      vertex 26.293745483065376 19.115422619561997 0
      vertex 26.347759065022572 19.23463313526982 0
    endloop
  endfacet
  facet normal 0 0 -1
    outer loop
      vertex 30.5 -23.5 0
      vertex 26.347759065022572 19.23463313526982 0
      vertex 26.393860258990212 19.357121069393678 0
    endloop
  endfacet
  facet normal 0 0 -1
    outer loop
      vertex 30.5 -23.5 0
      vertex 26.393860258990212 19.357121069393678 0
      vertex 26.431851652578136 19.48236190979496 0
    endloop
  endfacet
  facet normal 0 0 -1
    outer loop
      vertex 30.5 -23.5 0
      vertex 26.431851652578136 19.48236190979496 0
      vertex 26.46157056080646 19.609819355967744 0
    endloop
  endfacet
  facet normal 0 0 -1
    outer loop
      vertex 30.5 -23.5 0
      vertex 26.46157056080646 19.609819355967744 0
      vertex 26.482889722747622 19.738947615559898 0
    endloop
  endfacet
  facet normal 0 0 -1
    outer loop
      vertex 30.5 -23.5 0
      vertex 26.482889722747622 19.738947615559898 0
      vertex 26.495717846477206 19.869193741539714 0
    endloop
  endfacet
  facet normal 0 0 -1
    outer loop
      vertex 30.5 -23.5 0
      vertex 26.495717846477206 19.869193741539714 0
      vertex 26.5 20 0
    endloop
  endfacet
  facet normal 0 0 -1
    outer loop
      vertex 30.5 -23.5 0
      vertex 26.5 20 0
      vertex 26.495717846477206 20.130806258460286 0
    endloop
  endfacet
  facet normal 0 0 -1
    outer loop
      vertex 30.5 -23.5 0
      vertex 26.495717846477206 20.130806258460286 0
      vertex 30.5 23.5 0
    endloop
  endfacet
  facet normal 0 0 -1
    outer loop
      vertex 30.474334582686424 23.89157857745886 0
      vertex 24.630806258460286 21.995717846477206 0
      vertex 24.5 22 0
    endloop
  endfacet
  facet normal 0 0 -1
    outer loop
      vertex 30.474334582686424 23.89157857745886 0
      vertex 24.761052384440102 21.982889722747622 0
      vertex 24.630806258460286 21.995717846477206 0
    endloop
  endfacet
  facet normal 0 0 -1
    outer loop
      vertex 30.5 23.5 0
      vertex 26.495717846477206 20.130806258460286 0
      vertex 26.482889722747622 20.261052384440102 0
    endloop
  endfacet
  facet normal 0 0 -1
    outer loop
      vertex 30.5 23.5 0
      vertex 26.482889722747622 20.261052384440102 0
      vertex 26.46157056080646 20.390180644032256 0
    endloop
  endfacet
  facet normal 0 0 -1
    outer loop
      vertex 30.5 23.5 0
      vertex 26.46157056080646 20.390180644032256 0
      vertex 26.431851652578136 20.51763809020504 0
    endloop
  endfacet
  facet normal 0 0 -1
    outer loop
      vertex 30.474334582686424 23.89157857745886 0
      vertex 25.81869163020014 21.503679614957953 0
      vertex 25.717522858017443 21.58670668058247 0
    endloop
  endfacet
  facet normal 0 0 -1
    outer loop
      vertex 30.474334582686424 23.89157857745886 0
      vertex 26.23205080756888 21 0
      vertex 26.16293922460509 21.111140466039203 0
    endloop
  endfacet
  facet normal 0 0 -1
    outer loop
      vertex 30.474334582686424 23.89157857745886 0
      vertex 26.16293922460509 21.111140466039203 0
      vertex 26.08670668058247 21.217522858017443 0
    endloop
  endfacet
  facet normal 0 0 -1
    outer loop
      vertex 30.474334582686424 23.89157857745886 0
      vertex 26.08670668058247 21.217522858017443 0
      vertex 26.003679614957953 21.31869163020014 0
    endloop
  endfacet
  facet normal 0 0 -1
    outer loop
      vertex 30.474334582686424 23.89157857745886 0
      vertex 26.003679614957953 21.31869163020014 0
      vertex 25.914213562373096 21.414213562373096 0
    endloop
  endfacet
  facet normal 0 0 -1
    outer loop
      vertex 30.474334582686424 23.89157857745886 0
      vertex 25.914213562373096 21.414213562373096 0
      vertex 25.81869163020014 21.503679614957953 0
    endloop
  endfacet
  facet normal 0 0 -1
    outer loop
      vertex 30.474334582686424 23.89157857745886 0
      vertex 24.890180644032256 21.96157056080646 0
      vertex 24.761052384440102 21.982889722747622 0
    endloop
  endfacet
  facet normal 0 0 -1
    outer loop
      vertex 30.474334582686424 23.89157857745886 0
      vertex 25.01763809020504 21.931851652578136 0
      vertex 24.890180644032256 21.96157056080646 0
    endloop
  endfacet
  facet normal 0 0 -1
    outer loop
      vertex 30.474334582686424 23.89157857745886 0
      vertex 25.142878930606322 21.893860258990212 0
      vertex 25.01763809020504 21.931851652578136 0
    endloop
  endfacet
  facet normal 0 0 -1
    outer loop
      vertex 30.474334582686424 23.89157857745886 0
      vertex 25.26536686473018 21.847759065022572 0
      vertex 25.142878930606322 21.893860258990212 0
    endloop
  endfacet
  facet normal 0 0 -1
    outer loop
      vertex 30.474334582686424 23.89157857745886 0
      vertex 25.384577380438003 21.793745483065376 0
      vertex 25.26536686473018 21.847759065022572 0
    endloop
  endfacet
  facet normal 0 0 -1
    outer loop
      vertex 30.474334582686424 23.89157857745886 0
      vertex 25.5 21.73205080756888 0
      vertex 25.384577380438003 21.793745483065376 0
    endloop
  endfacet
  facet normal 0 0 -1
    outer loop
      vertex 30.474334582686424 23.89157857745886 0
      vertex 25.611140466039203 21.66293922460509 0
      vertex 25.5 21.73205080756888 0
    endloop
  endfacet
  facet normal 0 0 -1
    outer loop
      vertex 30.474334582686424 23.89157857745886 0
      vertex 25.717522858017443 21.58670668058247 0
      vertex 25.611140466039203 21.66293922460509 0
    endloop
  endfacet
  facet normal 0 0 -1
    outer loop
      vertex 30.493576772511005 23.696209385991096 0
      vertex 26.393860258990212 20.642878930606322 0
      vertex 26.347759065022572 20.76536686473018 0
    endloop
  endfacet
  facet normal 0 0 -1
    outer loop
      vertex 30.5 23.5 0
      vertex 26.431851652578136 20.51763809020504 0
      vertex 26.393860258990212 20.642878930606322 0
    endloop
  endfacet
  facet normal 0 0 -1
    outer loop
      vertex 30.474334582686424 23.89157857745886 0
      vertex 26.293745483065376 20.884577380438003 0
      vertex 26.23205080756888 21 0
    endloop
  endfacet
  facet normal 0 0 -1
    outer loop
      vertex 30.474334582686424 23.89157857745886 0
      vertex 26.347759065022572 20.76536686473018 0
      vertex 26.293745483065376 20.884577380438003 0
    endloop
  endfacet
  facet normal 0 0 -1
    outer loop
      vertex 30.5 23.5 0
      vertex 26.393860258990212 20.642878930606322 0
      vertex 30.493576772511005 23.696209385991096 0
    endloop
  endfacet
  facet normal 0 0 -1
    outer loop
      vertex 30.493576772511005 23.696209385991096 0
      vertex 26.347759065022572 20.76536686473018 0
      vertex 30.474334582686424 23.89157857745886 0
    endloop
  endfacet
  facet normal 0 0 1
    outer loop
      vertex -30.493576772511005 -23.696209385991096 3.6
      vertex 30.5 23.5 3.6
      vertex 30.493576772511005 23.696209385991096 3.6
    endloop
  endfacet
  facet normal 0 0 1
    outer loop
      vertex -30.5 -23.5 3.6
      vertex 30.493576772511005 23.696209385991096 3.6
      vertex 30.474334582686424 23.89157857745886 3.6
    endloop
  endfacet
  facet normal 0 1 0
    outer loop
      vertex -27.5 26.5 0
      vertex 27.5 26.5 3.6
      vertex 27.5 26.5 0
    endloop
  endfacet
  facet normal 0 0 1
    outer loop
      vertex -28.08527096360922 26.44235584139824 3.6
      vertex 27.696209385991096 26.493576772511005 3.6
      vertex 27.5 26.5 3.6
    endloop
  endfacet
  facet normal 0 0 1
    outer loop
      vertex -29.326284289360046 25.880060024559498 3.6
      vertex 29 26.098076209425926 3.6
      vertex 28.826866067945957 26.190618224442005 3.6
    endloop
  endfacet
  facet normal 0 0 1
    outer loop
      vertex -28.276457138359547 26.39777747541666 3.6
      vertex 27.89157857745886 26.474334582686424 3.6
      vertex 27.696209385991096 26.493576772511005 3.6
    endloop
  endfacet
  facet normal 0 0 1
    outer loop
      vertex -28.46431839466095 26.340790390968323 3.6
      vertex 28.08527096360922 26.44235584139824 3.6
      vertex 27.89157857745886 26.474334582686424 3.6
    endloop
  endfacet
  facet normal 0 0 1
    outer loop
      vertex -28.64805030077696 26.271638594567776 3.6
      vertex 28.276457138359547 26.39777747541666 3.6
      vertex 28.08527096360922 26.44235584139824 3.6
    endloop
  endfacet
  facet normal 0 0 1
    outer loop
      vertex -29 26.098076209425926 3.6
      vertex 28.64805030077696 26.271638594567776 3.6
      vertex 28.46431839466095 26.340790390968323 3.6
    endloop
  endfacet
  facet normal 0 0 1
    outer loop
      vertex -29.166710697114468 25.99440883845091 3.6
      vertex 28.826866067945957 26.190618224442005 3.6
      vertex 28.64805030077696 26.271638594567776 3.6
    endloop
  endfacet
  facet normal 0 0 1
    outer loop
      vertex -28.826866067945957 26.190618224442005 3.6
      vertex 28.46431839466095 26.340790390968323 3.6
      vertex 28.276457138359547 26.39777747541666 3.6
    endloop
  endfacet
  facet normal 0 0 1
    outer loop
      vertex -30.5 23.5 3.6
      vertex 30.474334582686424 23.89157857745886 3.6
      vertex 30.44235584139824 24.08527096360922 3.6
    endloop
  endfacet
  facet normal 0 0 1
    outer loop
      vertex -30.340790390968323 24.46431839466095 3.6
      vertex 30.190618224442005 24.826866067945957 3.6
      vertex 30.098076209425926 25 3.6
    endloop
  endfacet
  facet normal 0 0 1
    outer loop
      vertex -30.493576772511005 23.696209385991096 3.6
      vertex 30.44235584139824 24.08527096360922 3.6
      vertex 30.39777747541666 24.276457138359547 3.6
    endloop
  endfacet
  facet normal 0 0 1
    outer loop
      vertex -30.474334582686424 23.89157857745886 3.6
      vertex 30.39777747541666 24.276457138359547 3.6
      vertex 30.340790390968323 24.46431839466095 3.6
    endloop
  endfacet
  facet normal 0 0 1
    outer loop
      vertex -30.44235584139824 24.08527096360922 3.6
      vertex 30.340790390968323 24.46431839466095 3.6
      vertex 30.271638594567776 24.64805030077696 3.6
    endloop
  endfacet
  facet normal 0 0 1
    outer loop
      vertex -30.39777747541666 24.276457138359547 3.6
      vertex 30.271638594567776 24.64805030077696 3.6
      vertex 30.190618224442005 24.826866067945957 3.6
    endloop
  endfacet
  facet normal 0 0 1
    outer loop
      vertex -30.271638594567776 24.64805030077696 3.6
      vertex 30.098076209425926 25 3.6
      vertex 29.99440883845091 25.166710697114468 3.6
    endloop
  endfacet
  facet normal 0 0 1
    outer loop
      vertex -30.190618224442005 24.826866067945957 3.6
      vertex 29.99440883845091 25.166710697114468 3.6
      vertex 29.880060024559498 25.326284289360046 3.6
    endloop
  endfacet
  facet normal 0 0 1
    outer loop
      vertex -29.880060024559498 25.326284289360046 3.6
      vertex 29.621320344507694 25.621320344507694 3.6
      vertex 29.47803744673729 25.755519419908524 3.6
    endloop
  endfacet
  facet normal 0 0 1
    outer loop
      vertex -30.098076209425926 25 3.6
      vertex 29.880060024559498 25.326284289360046 3.6
      vertex 29.755519419908524 25.47803744673729 3.6
    endloop
  endfacet
  facet normal 0 0 1
    outer loop
      vertex -29.99440883845091 25.166710697114468 3.6
      vertex 29.755519419908524 25.47803744673729 3.6
      vertex 29.621320344507694 25.621320344507694 3.6
    endloop
  endfacet
  facet normal 0 0 1
    outer loop
      vertex -29.621320344507694 25.621320344507694 3.6
      vertex 29.326284289360046 25.880060024559498 3.6
      vertex 29.166710697114468 25.99440883845091 3.6
    endloop
  endfacet
  facet normal 0 0 1
    outer loop
      vertex -29.755519419908524 25.47803744673729 3.6
      vertex 29.47803744673729 25.755519419908524 3.6
      vertex 29.326284289360046 25.880060024559498 3.6
    endloop
  endfacet
  facet normal 0 0 1
    outer loop
      vertex -29.47803744673729 25.755519419908524 3.6
      vertex 29.166710697114468 25.99440883845091 3.6
      vertex 29 26.098076209425926 3.6
    endloop
  endfacet
  facet normal 1 0 0
    outer loop
      vertex 30.5 -23.5 0
      vertex 30.5 23.5 0
      vertex 30.5 0 0.5999999999999943
    endloop
  endfacet
  facet normal 1 0 0
    outer loop
      vertex 30.5 0 0.5999999999999943
      vertex 30.5 23.5 0
      vertex 30.5 6.017087889173162 0.7969790620484787
    endloop
  endfacet
  facet normal 1 0 0
    outer loop
      vertex 30.5 -23.5 3.6
      vertex 30.5 12.692399928663953 1.5
      vertex 30.5 23.5 3.6
    endloop
  endfacet
  facet normal 1 0 0
    outer loop
      vertex 30.5 6.017087889173162 0.7969790620484787
      vertex 30.5 23.5 0
      vertex 30.5 12.008409684244745 1.387072753609445
    endloop
  endfacet
  facet normal 1 0 0
    outer loop
      vertex 30.5 12.008409684244745 1.387072753609445
      vertex 30.5 23.5 0
      vertex 30.5 12.692399928663953 1.5
    endloop
  endfacet
  facet normal 1 0 0
    outer loop
      vertex 30.5 12.692399928663953 1.5
      vertex 30.5 23.5 0
      vertex 30.5 23.5 3.6
    endloop
  endfacet
  facet normal 0.03271906888173734 0.9994645879327152 0
    outer loop
      vertex 27.5 26.5 0
      vertex 27.696209385991096 26.493576772511005 3.6
      vertex 27.696209385991096 26.493576772511005 0
    endloop
  endfacet
  facet normal 0.09801716042939747 0.9951847246925356 0
    outer loop
      vertex 27.696209385991096 26.493576772511005 0
      vertex 27.89157857745886 26.474334582686424 3.6
      vertex 27.89157857745886 26.474334582686424 0
    endloop
  endfacet
  facet normal 0.1628954679946601 0.9866433329764108 0
    outer loop
      vertex 27.89157857745886 26.474334582686424 0
      vertex 28.08527096360922 26.44235584139824 3.6
      vertex 28.08527096360922 26.44235584139824 0
    endloop
  endfacet
  facet normal 0.22707627442991757 0.9738769766202653 0
    outer loop
      vertex 28.08527096360922 26.44235584139824 0
      vertex 28.276457138359547 26.39777747541666 3.6
      vertex 28.276457138359547 26.39777747541666 0
    endloop
  endfacet
  facet normal 0.29028465566187256 0.9569403422822491 0
    outer loop
      vertex 28.276457138359547 26.39777747541666 0
      vertex 28.46431839466095 26.340790390968323 3.6
      vertex 28.46431839466095 26.340790390968323 0
    endloop
  endfacet
  facet normal 0.3522500639547167 0.9359059207227497 0
    outer loop
      vertex 28.46431839466095 26.340790390968323 0
      vertex 28.64805030077696 26.271638594567776 3.6
      vertex 28.64805030077696 26.271638594567776 0
    endloop
  endfacet
  facet normal 0.9994645879327152 0.03271906888173734 0
    outer loop
      vertex 30.5 23.5 0
      vertex 30.493576772511005 23.696209385991096 0
      vertex 30.5 23.5 3.6
    endloop
  endfacet
  facet normal 0.9951847246925356 0.09801716042939747 0
    outer loop
      vertex 30.493576772511005 23.696209385991096 0
      vertex 30.474334582686424 23.89157857745886 0
      vertex 30.493576772511005 23.696209385991096 3.6
    endloop
  endfacet
  facet normal 0.9866433329764108 0.1628954679946601 0
    outer loop
      vertex 30.474334582686424 23.89157857745886 0
      vertex 30.44235584139824 24.08527096360922 0
      vertex 30.474334582686424 23.89157857745886 3.6
    endloop
  endfacet
  facet normal 0.9738769766202653 0.22707627442991757 0
    outer loop
      vertex 30.44235584139824 24.08527096360922 0
      vertex 30.39777747541666 24.276457138359547 0
      vertex 30.44235584139824 24.08527096360922 3.6
    endloop
  endfacet
  facet normal 0.9569403422822491 0.29028465566187256 0
    outer loop
      vertex 30.39777747541666 24.276457138359547 0
      vertex 30.340790390968323 24.46431839466095 0
      vertex 30.39777747541666 24.276457138359547 3.6
    endloop
  endfacet
  facet normal 0.9108638247555647 0.4127070301699061 0
    outer loop
      vertex 30.190618224442005 24.826866067945957 0
      vertex 30.271638594567776 24.64805030077696 3.6
      vertex 30.271638594567776 24.64805030077696 0
    endloop
  endfacet
  facet normal 0.9359059207227497 0.3522500639547167 0
    outer loop
      vertex 30.340790390968323 24.46431839466095 0
      vertex 30.271638594567776 24.64805030077696 0
      vertex 30.340790390968323 24.46431839466095 3.6
    endloop
  endfacet
  facet normal 0.4127070301699061 0.9108638247555647 0
    outer loop
      vertex 28.64805030077696 26.271638594567776 0
      vertex 28.826866067945957 26.190618224442005 3.6
      vertex 28.826866067945957 26.190618224442005 0
    endloop
  endfacet
  facet normal 0.4713967381027125 0.8819212636659368 0
    outer loop
      vertex 28.826866067945957 26.190618224442005 0
      vertex 29 26.098076209425926 3.6
      vertex 29 26.098076209425926 0
    endloop
  endfacet
  facet normal 0.5280678423425941 0.8492021866926847 0
    outer loop
      vertex 29 26.098076209425926 0
      vertex 29.166710697114468 25.99440883845091 3.6
      vertex 29.166710697114468 25.99440883845091 0
    endloop
  endfacet
  facet normal 0.5824776793388156 0.8128466971527092 0
    outer loop
      vertex 29.166710697114468 25.99440883845091 0
      vertex 29.326284289360046 25.880060024559498 3.6
      vertex 29.326284289360046 25.880060024559498 0
    endloop
  endfacet
  facet normal 0.6343933053187338 0.7730104360012042 0
    outer loop
      vertex 29.47803744673729 25.755519419908524 0
      vertex 29.326284289360046 25.880060024559498 0
      vertex 29.47803744673729 25.755519419908524 3.6
    endloop
  endfacet
  facet normal 0.8128466971527092 0.5824776793388156 0
    outer loop
      vertex 29.99440883845091 25.166710697114468 0
      vertex 29.880060024559498 25.326284289360046 0
      vertex 29.99440883845091 25.166710697114468 3.6
    endloop
  endfacet
  facet normal 0.6835922938323207 0.7298640803691233 0
    outer loop
      vertex 29.47803744673729 25.755519419908524 0
      vertex 29.621320344507694 25.621320344507694 3.6
      vertex 29.621320344507694 25.621320344507694 0
    endloop
  endfacet
  facet normal 0.7298640803691233 0.6835922938323207 0
    outer loop
      vertex 29.621320344507694 25.621320344507694 0
      vertex 29.755519419908524 25.47803744673729 3.6
      vertex 29.755519419908524 25.47803744673729 0
    endloop
  endfacet
  facet normal 0.7730104360012042 0.6343933053187338 0
    outer loop
      vertex 29.755519419908524 25.47803744673729 0
      vertex 29.880060024559498 25.326284289360046 3.6
      vertex 29.880060024559498 25.326284289360046 0
    endloop
  endfacet
  facet normal 0.8819212636659368 0.4713967381027125 0
    outer loop
      vertex 30.190618224442005 24.826866067945957 0
      vertex 30.098076209425926 25 0
      vertex 30.190618224442005 24.826866067945957 3.6
    endloop
  endfacet
  facet normal 0.8492021866926847 0.5280678423425941 0
    outer loop
      vertex 29.99440883845091 25.166710697114468 0
      vertex 30.098076209425926 25 3.6
      vertex 30.098076209425926 25 0
    endloop
  endfacet
  facet normal 0.03271906888173734 0.9994645879327152 0
    outer loop
      vertex 27.5 26.5 0
      vertex 27.5 26.5 3.6
      vertex 27.696209385991096 26.493576772511005 3.6
    endloop
  endfacet
  facet normal 0.09801716042939747 0.9951847246925356 0
    outer loop
      vertex 27.696209385991096 26.493576772511005 0
      vertex 27.696209385991096 26.493576772511005 3.6
      vertex 27.89157857745886 26.474334582686424 3.6
    endloop
  endfacet
  facet normal 0.1628954679946601 0.9866433329764108 0
    outer loop
      vertex 27.89157857745886 26.474334582686424 0
      vertex 27.89157857745886 26.474334582686424 3.6
      vertex 28.08527096360922 26.44235584139824 3.6
    endloop
  endfacet
  facet normal 0.22707627442991757 0.9738769766202653 0
    outer loop
      vertex 28.08527096360922 26.44235584139824 0
      vertex 28.08527096360922 26.44235584139824 3.6
      vertex 28.276457138359547 26.39777747541666 3.6
    endloop
  endfacet
  facet normal 0.29028465566187256 0.9569403422822491 0
    outer loop
      vertex 28.276457138359547 26.39777747541666 0
      vertex 28.276457138359547 26.39777747541666 3.6
      vertex 28.46431839466095 26.340790390968323 3.6
    endloop
  endfacet
  facet normal 0.3522500639547167 0.9359059207227497 0
    outer loop
      vertex 28.46431839466095 26.340790390968323 0
      vertex 28.46431839466095 26.340790390968323 3.6
      vertex 28.64805030077696 26.271638594567776 3.6
    endloop
  endfacet
  facet normal 0.9994645879327152 0.03271906888173734 0
    outer loop
      vertex 30.493576772511005 23.696209385991096 0
      vertex 30.493576772511005 23.696209385991096 3.6
      vertex 30.5 23.5 3.6
    endloop
  endfacet
  facet normal 0.9951847246925356 0.09801716042939747 0
    outer loop
      vertex 30.474334582686424 23.89157857745886 0
      vertex 30.474334582686424 23.89157857745886 3.6
      vertex 30.493576772511005 23.696209385991096 3.6
    endloop
  endfacet
  facet normal 0.9866433329764108 0.1628954679946601 0
    outer loop
      vertex 30.44235584139824 24.08527096360922 0
      vertex 30.44235584139824 24.08527096360922 3.6
      vertex 30.474334582686424 23.89157857745886 3.6
    endloop
  endfacet
  facet normal 0.9738769766202653 0.22707627442991757 0
    outer loop
      vertex 30.39777747541666 24.276457138359547 0
      vertex 30.39777747541666 24.276457138359547 3.6
      vertex 30.44235584139824 24.08527096360922 3.6
    endloop
  endfacet
  facet normal 0.9569403422822491 0.29028465566187256 0
    outer loop
      vertex 30.340790390968323 24.46431839466095 0
      vertex 30.340790390968323 24.46431839466095 3.6
      vertex 30.39777747541666 24.276457138359547 3.6
    endloop
  endfacet
  facet normal 0.9108638247555647 0.4127070301699061 0
    outer loop
      vertex 30.190618224442005 24.826866067945957 0
      vertex 30.190618224442005 24.826866067945957 3.6
      vertex 30.271638594567776 24.64805030077696 3.6
    endloop
  endfacet
  facet normal 0.9359059207227497 0.3522500639547167 0
    outer loop
      vertex 30.271638594567776 24.64805030077696 0
      vertex 30.271638594567776 24.64805030077696 3.6
      vertex 30.340790390968323 24.46431839466095 3.6
    endloop
  endfacet
  facet normal 0.5280678423425941 0.8492021866926847 0
    outer loop
      vertex 29 26.098076209425926 0
      vertex 29 26.098076209425926 3.6
      vertex 29.166710697114468 25.99440883845091 3.6
    endloop
  endfacet
  facet normal 0.4127070301699061 0.9108638247555647 0
    outer loop
      vertex 28.64805030077696 26.271638594567776 0
      vertex 28.64805030077696 26.271638594567776 3.6
      vertex 28.826866067945957 26.190618224442005 3.6
    endloop
  endfacet
  facet normal 0.4713967381027125 0.8819212636659368 0
    outer loop
      vertex 28.826866067945957 26.190618224442005 0
      vertex 28.826866067945957 26.190618224442005 3.6
      vertex 29 26.098076209425926 3.6
    endloop
  endfacet
  facet normal 0.5824776793388156 0.8128466971527092 0
    outer loop
      vertex 29.166710697114468 25.99440883845091 0
      vertex 29.166710697114468 25.99440883845091 3.6
      vertex 29.326284289360046 25.880060024559498 3.6
    endloop
  endfacet
  facet normal 0.6343933053187338 0.7730104360012042 0
    outer loop
      vertex 29.326284289360046 25.880060024559498 0
      vertex 29.326284289360046 25.880060024559498 3.6
      vertex 29.47803744673729 25.755519419908524 3.6
    endloop
  endfacet
  facet normal 0.6835922938323207 0.7298640803691233 0
    outer loop
      vertex 29.47803744673729 25.755519419908524 0
      vertex 29.47803744673729 25.755519419908524 3.6
      vertex 29.621320344507694 25.621320344507694 3.6
    endloop
  endfacet
  facet normal 0.7298640803691233 0.6835922938323207 0
    outer loop
      vertex 29.621320344507694 25.621320344507694 0
      vertex 29.621320344507694 25.621320344507694 3.6
      vertex 29.755519419908524 25.47803744673729 3.6
    endloop
  endfacet
  facet normal 0.7730104360012042 0.6343933053187338 0
    outer loop
      vertex 29.755519419908524 25.47803744673729 0
      vertex 29.755519419908524 25.47803744673729 3.6
      vertex 29.880060024559498 25.326284289360046 3.6
    endloop
  endfacet
  facet normal 0.8128466971527092 0.5824776793388156 0
    outer loop
      vertex 29.880060024559498 25.326284289360046 0
      vertex 29.880060024559498 25.326284289360046 3.6
      vertex 29.99440883845091 25.166710697114468 3.6
    endloop
  endfacet
  facet normal 0.8819212636659368 0.4713967381027125 0
    outer loop
      vertex 30.098076209425926 25 0
      vertex 30.098076209425926 25 3.6
      vertex 30.190618224442005 24.826866067945957 3.6
    endloop
  endfacet
  facet normal 0.8492021866926847 0.5280678423425941 0
    outer loop
      vertex 29.99440883845091 25.166710697114468 0
      vertex 29.99440883845091 25.166710697114468 3.6
      vertex 30.098076209425926 25 3.6
    endloop
  endfacet
  facet normal 0 0 -1
    outer loop
      vertex -26.23205080756888 -21 -3.25
      vertex -26.293745483065376 -20.884577380438003 -3.25
      vertex -26.23205080756888 -19 -3.25
    endloop
  endfacet
  facet normal 0 0 -1
    outer loop
      vertex -26.46157056080646 -20.390180644032256 -3.25
      vertex -26.482889722747622 -20.261052384440102 -3.25
      vertex -26.46157056080646 -19.609819355967744 -3.25
    endloop
  endfacet
  facet normal 0 0 -1
    outer loop
      vertex -26.482889722747622 -20.261052384440102 -3.25
      vertex -26.495717846477206 -20.130806258460286 -3.25
      vertex -26.482889722747622 -19.738947615559898 -3.25
    endloop
  endfacet
  facet normal 0 0 -1
    outer loop
      vertex -26.495717846477206 -20.130806258460286 -3.25
      vertex -26.5 -20 -3.25
      vertex -26.495717846477206 -19.869193741539714 -3.25
    endloop
  endfacet
  facet normal 0 0 -1
    outer loop
      vertex -26.495717846477206 -20.130806258460286 -3.25
      vertex -26.495717846477206 -19.869193741539714 -3.25
      vertex -26.482889722747622 -19.738947615559898 -3.25
    endloop
  endfacet
  facet normal 0 0 -1
    outer loop
      vertex -26.347759065022572 -20.76536686473018 -3.25
      vertex -26.393860258990212 -20.642878930606322 -3.25
      vertex -26.347759065022572 -19.23463313526982 -3.25
    endloop
  endfacet
  facet normal 0 0 -1
    outer loop
      vertex -26.393860258990212 -20.642878930606322 -3.25
      vertex -26.431851652578136 -20.51763809020504 -3.25
      vertex -26.393860258990212 -19.357121069393678 -3.25
    endloop
  endfacet
  facet normal 0 0 -1
    outer loop
      vertex -26.431851652578136 -20.51763809020504 -3.25
      vertex -26.46157056080646 -20.390180644032256 -3.25
      vertex -26.431851652578136 -19.48236190979496 -3.25
    endloop
  endfacet
  facet normal 0 0 -1
    outer loop
      vertex -26.293745483065376 -20.884577380438003 -3.25
      vertex -26.347759065022572 -20.76536686473018 -3.25
      vertex -26.293745483065376 -19.115422619561997 -3.25
    endloop
  endfacet
  facet normal 0 0 -1
    outer loop
      vertex -26.23205080756888 -21 -3.25
      vertex -26.16293922460509 -18.888859533960797 -3.25
      vertex -26.16293922460509 -21.111140466039203 -3.25
    endloop
  endfacet
  facet normal 0 0 -1
    outer loop
      vertex -26.08670668058247 -21.217522858017443 -3.25
      vertex -26.16293922460509 -21.111140466039203 -3.25
      vertex -26.08670668058247 -18.782477141982557 -3.25
    endloop
  endfacet
  facet normal 0 0 -1
    outer loop
      vertex -26.003679614957953 -21.31869163020014 -3.25
      vertex -26.08670668058247 -21.217522858017443 -3.25
      vertex -26.003679614957953 -18.68130836979986 -3.25
    endloop
  endfacet
  facet normal 0 0 -1
    outer loop
      vertex -25.81869163020014 -21.503679614957953 -3.25
      vertex -25.717522858017443 -18.41329331941753 -3.25
      vertex -25.717522858017443 -21.58670668058247 -3.25
    endloop
  endfacet
  facet normal 0 0 -1
    outer loop
      vertex -26.003679614957953 -21.31869163020014 -3.25
      vertex -25.914213562373096 -18.585786437626904 -3.25
      vertex -25.914213562373096 -21.414213562373096 -3.25
    endloop
  endfacet
  facet normal 0 0 -1
    outer loop
      vertex -25.914213562373096 -21.414213562373096 -3.25
      vertex -25.81869163020014 -18.496320385042047 -3.25
      vertex -25.81869163020014 -21.503679614957953 -3.25
    endloop
  endfacet
  facet normal 0 0 -1
    outer loop
      vertex -25.717522858017443 -21.58670668058247 -3.25
      vertex -25.611140466039203 -18.33706077539491 -3.25
      vertex -25.611140466039203 -21.66293922460509 -3.25
    endloop
  endfacet
  facet normal 0 0 -1
    outer loop
      vertex -25.611140466039203 -21.66293922460509 -3.25
      vertex -25.5 -18.26794919243112 -3.25
      vertex -25.5 -21.73205080756888 -3.25
    endloop
  endfacet
  facet normal 0 0 -1
    outer loop
      vertex -25.5 -21.73205080756888 -3.25
      vertex -25.384577380438003 -18.206254516934624 -3.25
      vertex -25.384577380438003 -21.793745483065376 -3.25
    endloop
  endfacet
  facet normal 0 0 -1
    outer loop
      vertex -25.26536686473018 -21.847759065022572 -3.25
      vertex -25.384577380438003 -21.793745483065376 -3.25
      vertex -25.26536686473018 -18.152240934977428 -3.25
    endloop
  endfacet
  facet normal 0 0 -1
    outer loop
      vertex -25.26536686473018 -21.847759065022572 -3.25
      vertex -25.142878930606322 -18.106139741009788 -3.25
      vertex -25.142878930606322 -21.893860258990212 -3.25
    endloop
  endfacet
  facet normal 0 0 -1
    outer loop
      vertex -25.142878930606322 -21.893860258990212 -3.25
      vertex -25.01763809020504 -18.068148347421864 -3.25
      vertex -25.01763809020504 -21.931851652578136 -3.25
    endloop
  endfacet
  facet normal 0 0 -1
    outer loop
      vertex -25.01763809020504 -21.931851652578136 -3.25
      vertex -24.890180644032256 -18.03842943919354 -3.25
      vertex -24.890180644032256 -21.96157056080646 -3.25
    endloop
  endfacet
  facet normal 0 0 -1
    outer loop
      vertex -24.890180644032256 -21.96157056080646 -3.25
      vertex -24.761052384440102 -18.017110277252378 -3.25
      vertex -24.761052384440102 -21.982889722747622 -3.25
    endloop
  endfacet
  facet normal 0 0 -1
    outer loop
      vertex -24.761052384440102 -21.982889722747622 -3.25
      vertex -24.630806258460286 -18.004282153522794 -3.25
      vertex -24.630806258460286 -21.995717846477206 -3.25
    endloop
  endfacet
  facet normal 0 0 -1
    outer loop
      vertex -24.630806258460286 -21.995717846477206 -3.25
      vertex -24.5 -18 -3.25
      vertex -24.5 -22 -3.25
    endloop
  endfacet
  facet normal 0 0 -1
    outer loop
      vertex -24.5 -22 -3.25
      vertex -24.369193741539714 -18.004282153522794 -3.25
      vertex -24.369193741539714 -21.995717846477206 -3.25
    endloop
  endfacet
  facet normal 0 0 -1
    outer loop
      vertex -24.369193741539714 -21.995717846477206 -3.25
      vertex -24.238947615559898 -18.017110277252378 -3.25
      vertex -24.238947615559898 -21.982889722747622 -3.25
    endloop
  endfacet
  facet normal 0 0 -1
    outer loop
      vertex -24.238947615559898 -21.982889722747622 -3.25
      vertex -24.109819355967744 -18.03842943919354 -3.25
      vertex -24.109819355967744 -21.96157056080646 -3.25
    endloop
  endfacet
  facet normal 0 0 -1
    outer loop
      vertex -24.109819355967744 -21.96157056080646 -3.25
      vertex -23.98236190979496 -18.068148347421864 -3.25
      vertex -23.98236190979496 -21.931851652578136 -3.25
    endloop
  endfacet
  facet normal 0 0 -1
    outer loop
      vertex -23.98236190979496 -21.931851652578136 -3.25
      vertex -23.857121069393678 -18.106139741009788 -3.25
      vertex -23.857121069393678 -21.893860258990212 -3.25
    endloop
  endfacet
  facet normal 0 0 -1
    outer loop
      vertex -23.857121069393678 -21.893860258990212 -3.25
      vertex -23.73463313526982 -18.152240934977428 -3.25
      vertex -23.73463313526982 -21.847759065022572 -3.25
    endloop
  endfacet
  facet normal 0 0 -1
    outer loop
      vertex -23.73463313526982 -21.847759065022572 -3.25
      vertex -23.615422619561997 -18.206254516934624 -3.25
      vertex -23.615422619561997 -21.793745483065376 -3.25
    endloop
  endfacet
  facet normal 0 0 -1
    outer loop
      vertex -23.615422619561997 -21.793745483065376 -3.25
      vertex -23.5 -18.26794919243112 -3.25
      vertex -23.5 -21.73205080756888 -3.25
    endloop
  endfacet
  facet normal 0 0 -1
    outer loop
      vertex -23.5 -21.73205080756888 -3.25
      vertex -23.388859533960797 -18.33706077539491 -3.25
      vertex -23.388859533960797 -21.66293922460509 -3.25
    endloop
  endfacet
  facet normal 0 0 -1
    outer loop
      vertex -23.388859533960797 -21.66293922460509 -3.25
      vertex -23.282477141982557 -18.41329331941753 -3.25
      vertex -23.282477141982557 -21.58670668058247 -3.25
    endloop
  endfacet
  facet normal 0 0 -1
    outer loop
      vertex -23.282477141982557 -21.58670668058247 -3.25
      vertex -23.18130836979986 -18.496320385042047 -3.25
      vertex -23.18130836979986 -21.503679614957953 -3.25
    endloop
  endfacet
  facet normal 0 0 -1
    outer loop
      vertex -23.18130836979986 -21.503679614957953 -3.25
      vertex -23.085786437626904 -18.585786437626904 -3.25
      vertex -23.085786437626904 -21.414213562373096 -3.25
    endloop
  endfacet
  facet normal 0 0 -1
    outer loop
      vertex -23.085786437626904 -21.414213562373096 -3.25
      vertex -22.996320385042047 -18.68130836979986 -3.25
      vertex -22.996320385042047 -21.31869163020014 -3.25
    endloop
  endfacet
  facet normal 0 0 -1
    outer loop
      vertex -22.996320385042047 -21.31869163020014 -3.25
      vertex -22.91329331941753 -18.782477141982557 -3.25
      vertex -22.91329331941753 -21.217522858017443 -3.25
    endloop
  endfacet
  facet normal -0.6343932841636537 -0.7730104533627302 0
    outer loop
      vertex -25.81869163020014 -21.503679614957953 -3.25
      vertex -25.717522858017443 -21.58670668058247 -3.25
      vertex -25.717522858017443 -21.58670668058247 0
    endloop
  endfacet
  facet normal -0.5824776968677894 -0.8128466845916245 0
    outer loop
      vertex -25.717522858017443 -21.58670668058247 -3.25
      vertex -25.611140466039203 -21.66293922460509 -3.25
      vertex -25.611140466039203 -21.66293922460509 0
    endloop
  endfacet
  facet normal -0.5280678506503849 -0.8492021815265685 0
    outer loop
      vertex -25.611140466039203 -21.66293922460509 -3.25
      vertex -25.5 -21.73205080756888 -3.25
      vertex -25.5 -21.73205080756888 0
    endloop
  endfacet
  facet normal -0.471396736825986 -0.8819212643483612 0
    outer loop
      vertex -25.5 -21.73205080756888 -3.25
      vertex -25.384577380438003 -21.793745483065376 -3.25
      vertex -25.384577380438003 -21.793745483065376 0
    endloop
  endfacet
  facet normal -0.41270702980439006 -0.910863824921178 0
    outer loop
      vertex -25.26536686473018 -21.847759065022572 -3.25
      vertex -25.26536686473018 -21.847759065022572 0
      vertex -25.384577380438003 -21.793745483065376 -3.25
    endloop
  endfacet
  facet normal -0.2270762630343827 -0.9738769792773314 0
    outer loop
      vertex -25.01763809020504 -21.931851652578136 -3.25
      vertex -24.890180644032256 -21.96157056080646 -3.25
      vertex -24.890180644032256 -21.96157056080646 0
    endloop
  endfacet
  facet normal -0.16289547339459642 -0.9866433320848778 0
    outer loop
      vertex -24.890180644032256 -21.96157056080646 -3.25
      vertex -24.761052384440102 -21.982889722747622 -3.25
      vertex -24.761052384440102 -21.982889722747622 0
    endloop
  endfacet
  facet normal -0.352250047921249 -0.9359059267573199 0
    outer loop
      vertex -25.26536686473018 -21.847759065022572 -3.25
      vertex -25.142878930606322 -21.893860258990212 -3.25
      vertex -25.142878930606322 -21.893860258990212 0
    endloop
  endfacet
  facet normal -0.2902846772544449 -0.9569403357322143 0
    outer loop
      vertex -25.142878930606322 -21.893860258990212 -3.25
      vertex -25.01763809020504 -21.931851652578136 -3.25
      vertex -25.01763809020504 -21.931851652578136 0
    endloop
  endfacet
  facet normal -0.8819212643483612 -0.471396736825986 0
    outer loop
      vertex -26.23205080756888 -21 -3.25
      vertex -26.23205080756888 -21 0
      vertex -26.293745483065376 -20.884577380438003 -3.25
    endloop
  endfacet
  facet normal -0.9359059267573199 -0.352250047921249 0
    outer loop
      vertex -26.347759065022572 -20.76536686473018 -3.25
      vertex -26.347759065022572 -20.76536686473018 0
      vertex -26.393860258990212 -20.642878930606322 -3.25
    endloop
  endfacet
  facet normal -0.910863824921178 -0.41270702980439006 0
    outer loop
      vertex -26.293745483065376 -20.884577380438003 -3.25
      vertex -26.293745483065376 -20.884577380438003 0
      vertex -26.347759065022572 -20.76536686473018 -3.25
    endloop
  endfacet
  facet normal -0.8128466845916245 -0.5824776968677894 0
    outer loop
      vertex -26.08670668058247 -21.217522858017443 -3.25
      vertex -26.08670668058247 -21.217522858017443 0
      vertex -26.16293922460509 -21.111140466039203 -3.25
    endloop
  endfacet
  facet normal -0.7730104533627302 -0.6343932841636537 0
    outer loop
      vertex -26.003679614957953 -21.31869163020014 -3.25
      vertex -26.003679614957953 -21.31869163020014 0
      vertex -26.08670668058247 -21.217522858017443 -3.25
    endloop
  endfacet
  facet normal -0.7298640726978451 -0.6835923020228611 0
    outer loop
      vertex -26.003679614957953 -21.31869163020014 -3.25
      vertex -25.914213562373096 -21.414213562373096 -3.25
      vertex -25.914213562373096 -21.414213562373096 0
    endloop
  endfacet
  facet normal -0.6835923020228611 -0.7298640726978451 0
    outer loop
      vertex -25.914213562373096 -21.414213562373096 -3.25
      vertex -25.81869163020014 -21.503679614957953 -3.25
      vertex -25.81869163020014 -21.503679614957953 0
    endloop
  endfacet
  facet normal -0.8492021815265685 -0.5280678506503849 0
    outer loop
      vertex -26.23205080756888 -21 -3.25
      vertex -26.16293922460509 -21.111140466039203 -3.25
      vertex -26.16293922460509 -21.111140466039203 0
    endloop
  endfacet
  facet normal -0.9866433320848778 -0.16289547339459642 0
    outer loop
      vertex -26.46157056080646 -20.390180644032256 -3.25
      vertex -26.46157056080646 -20.390180644032256 0
      vertex -26.482889722747622 -20.261052384440102 -3.25
    endloop
  endfacet
  facet normal -0.9569403357322143 -0.2902846772544449 0
    outer loop
      vertex -26.393860258990212 -20.642878930606322 -3.25
      vertex -26.393860258990212 -20.642878930606322 0
      vertex -26.431851652578136 -20.51763809020504 -3.25
    endloop
  endfacet
  facet normal -0.9738769792773314 -0.2270762630343827 0
    outer loop
      vertex -26.431851652578136 -20.51763809020504 -3.25
      vertex -26.431851652578136 -20.51763809020504 0
      vertex -26.46157056080646 -20.390180644032256 -3.25
    endloop
  endfacet
  facet normal -0.9951847266721986 -0.09801714032954259 0
    outer loop
      vertex -26.482889722747622 -20.261052384440102 -3.25
      vertex -26.482889722747622 -20.261052384440102 0
      vertex -26.495717846477206 -20.130806258460286 -3.25
    endloop
  endfacet
  facet normal -0.9994645874763652 -0.03271908282178681 0
    outer loop
      vertex -26.495717846477206 -20.130806258460286 -3.25
      vertex -26.495717846477206 -20.130806258460286 0
      vertex -26.5 -20 -3.25
    endloop
  endfacet
  facet normal -0.9994645874763652 0.03271908282178681 0
    outer loop
      vertex -26.5 -20 -3.25
      vertex -26.5 -20 0
      vertex -26.495717846477206 -19.869193741539714 -3.25
    endloop
  endfacet
  facet normal -0.09801714032954259 -0.9951847266721986 0
    outer loop
      vertex -24.761052384440102 -21.982889722747622 -3.25
      vertex -24.630806258460286 -21.995717846477206 -3.25
      vertex -24.630806258460286 -21.995717846477206 0
    endloop
  endfacet
  facet normal -0.03271908282178681 -0.9994645874763652 0
    outer loop
      vertex -24.630806258460286 -21.995717846477206 -3.25
      vertex -24.5 -22 -3.25
      vertex -24.5 -22 0
    endloop
  endfacet
  facet normal 0.03271908282178681 -0.9994645874763652 0
    outer loop
      vertex -24.5 -22 -3.25
      vertex -24.369193741539714 -21.995717846477206 -3.25
      vertex -24.369193741539714 -21.995717846477206 0
    endloop
  endfacet
  facet normal 0.09801714032954259 -0.9951847266721986 0
    outer loop
      vertex -24.369193741539714 -21.995717846477206 -3.25
      vertex -24.238947615559898 -21.982889722747622 -3.25
      vertex -24.238947615559898 -21.982889722747622 0
    endloop
  endfacet
  facet normal 0.16289547339459642 -0.9866433320848778 0
    outer loop
      vertex -24.238947615559898 -21.982889722747622 -3.25
      vertex -24.109819355967744 -21.96157056080646 -3.25
      vertex -24.109819355967744 -21.96157056080646 0
    endloop
  endfacet
  facet normal 0.2270762630343827 -0.9738769792773314 0
    outer loop
      vertex -24.109819355967744 -21.96157056080646 -3.25
      vertex -23.98236190979496 -21.931851652578136 -3.25
      vertex -23.98236190979496 -21.931851652578136 0
    endloop
  endfacet
  facet normal 0.2902846772544449 -0.9569403357322143 0
    outer loop
      vertex -23.98236190979496 -21.931851652578136 -3.25
      vertex -23.857121069393678 -21.893860258990212 -3.25
      vertex -23.857121069393678 -21.893860258990212 0
    endloop
  endfacet
  facet normal 0.352250047921249 -0.9359059267573199 0
    outer loop
      vertex -23.857121069393678 -21.893860258990212 -3.25
      vertex -23.73463313526982 -21.847759065022572 -3.25
      vertex -23.73463313526982 -21.847759065022572 0
    endloop
  endfacet
  facet normal 0.41270702980439006 -0.910863824921178 0
    outer loop
      vertex -23.73463313526982 -21.847759065022572 -3.25
      vertex -23.615422619561997 -21.793745483065376 -3.25
      vertex -23.615422619561997 -21.793745483065376 0
    endloop
  endfacet
  facet normal 0.471396736825986 -0.8819212643483612 0
    outer loop
      vertex -23.615422619561997 -21.793745483065376 -3.25
      vertex -23.5 -21.73205080756888 -3.25
      vertex -23.5 -21.73205080756888 0
    endloop
  endfacet
  facet normal 0.5280678506503849 -0.8492021815265685 0
    outer loop
      vertex -23.5 -21.73205080756888 -3.25
      vertex -23.388859533960797 -21.66293922460509 -3.25
      vertex -23.388859533960797 -21.66293922460509 0
    endloop
  endfacet
  facet normal 0.5824776968677894 -0.8128466845916245 0
    outer loop
      vertex -23.388859533960797 -21.66293922460509 -3.25
      vertex -23.282477141982557 -21.58670668058247 -3.25
      vertex -23.282477141982557 -21.58670668058247 0
    endloop
  endfacet
  facet normal 0.6343932841636537 -0.7730104533627302 0
    outer loop
      vertex -23.282477141982557 -21.58670668058247 -3.25
      vertex -23.18130836979986 -21.503679614957953 -3.25
      vertex -23.18130836979986 -21.503679614957953 0
    endloop
  endfacet
  facet normal 0.6835923020228611 -0.7298640726978451 0
    outer loop
      vertex -23.18130836979986 -21.503679614957953 -3.25
      vertex -23.085786437626904 -21.414213562373096 -3.25
      vertex -23.085786437626904 -21.414213562373096 0
    endloop
  endfacet
  facet normal 0.7298640726978451 -0.6835923020228611 0
    outer loop
      vertex -23.085786437626904 -21.414213562373096 -3.25
      vertex -22.996320385042047 -21.31869163020014 -3.25
      vertex -22.996320385042047 -21.31869163020014 0
    endloop
  endfacet
  facet normal 0.7730104533627302 -0.6343932841636537 0
    outer loop
      vertex -22.996320385042047 -21.31869163020014 -3.25
      vertex -22.91329331941753 -21.217522858017443 -3.25
      vertex -22.91329331941753 -21.217522858017443 0
    endloop
  endfacet
  facet normal 0 0 -1
    outer loop
      vertex -26.482889722747622 -20.261052384440102 -3.25
      vertex -26.482889722747622 -19.738947615559898 -3.25
      vertex -26.46157056080646 -19.609819355967744 -3.25
    endloop
  endfacet
  facet normal 0 0 -1
    outer loop
      vertex -26.46157056080646 -20.390180644032256 -3.25
      vertex -26.46157056080646 -19.609819355967744 -3.25
      vertex -26.431851652578136 -19.48236190979496 -3.25
    endloop
  endfacet
  facet normal 0 0 -1
    outer loop
      vertex -26.431851652578136 -20.51763809020504 -3.25
      vertex -26.431851652578136 -19.48236190979496 -3.25
      vertex -26.393860258990212 -19.357121069393678 -3.25
    endloop
  endfacet
  facet normal 0 0 -1
    outer loop
      vertex -26.393860258990212 -20.642878930606322 -3.25
      vertex -26.393860258990212 -19.357121069393678 -3.25
      vertex -26.347759065022572 -19.23463313526982 -3.25
    endloop
  endfacet
  facet normal 0 0 -1
    outer loop
      vertex -26.347759065022572 -20.76536686473018 -3.25
      vertex -26.347759065022572 -19.23463313526982 -3.25
      vertex -26.293745483065376 -19.115422619561997 -3.25
    endloop
  endfacet
  facet normal 0 0 -1
    outer loop
      vertex -26.293745483065376 -20.884577380438003 -3.25
      vertex -26.293745483065376 -19.115422619561997 -3.25
      vertex -26.23205080756888 -19 -3.25
    endloop
  endfacet
  facet normal 0 0 -1
    outer loop
      vertex -26.23205080756888 -21 -3.25
      vertex -26.23205080756888 -19 -3.25
      vertex -26.16293922460509 -18.888859533960797 -3.25
    endloop
  endfacet
  facet normal 0 0 -1
    outer loop
      vertex -26.16293922460509 -21.111140466039203 -3.25
      vertex -26.16293922460509 -18.888859533960797 -3.25
      vertex -26.08670668058247 -18.782477141982557 -3.25
    endloop
  endfacet
  facet normal 0 0 -1
    outer loop
      vertex -26.08670668058247 -21.217522858017443 -3.25
      vertex -26.08670668058247 -18.782477141982557 -3.25
      vertex -26.003679614957953 -18.68130836979986 -3.25
    endloop
  endfacet
  facet normal 0 0 -1
    outer loop
      vertex -26.003679614957953 -21.31869163020014 -3.25
      vertex -26.003679614957953 -18.68130836979986 -3.25
      vertex -25.914213562373096 -18.585786437626904 -3.25
    endloop
  endfacet
  facet normal 0 0 -1
    outer loop
      vertex -25.914213562373096 -21.414213562373096 -3.25
      vertex -25.914213562373096 -18.585786437626904 -3.25
      vertex -25.81869163020014 -18.496320385042047 -3.25
    endloop
  endfacet
  facet normal 0 0 -1
    outer loop
      vertex -25.81869163020014 -21.503679614957953 -3.25
      vertex -25.81869163020014 -18.496320385042047 -3.25
      vertex -25.717522858017443 -18.41329331941753 -3.25
    endloop
  endfacet
  facet normal 0 0 -1
    outer loop
      vertex -25.717522858017443 -21.58670668058247 -3.25
      vertex -25.717522858017443 -18.41329331941753 -3.25
      vertex -25.611140466039203 -18.33706077539491 -3.25
    endloop
  endfacet
  facet normal 0 0 -1
    outer loop
      vertex -25.611140466039203 -21.66293922460509 -3.25
      vertex -25.611140466039203 -18.33706077539491 -3.25
      vertex -25.5 -18.26794919243112 -3.25
    endloop
  endfacet
  facet normal 0 0 -1
    outer loop
      vertex -25.5 -21.73205080756888 -3.25
      vertex -25.5 -18.26794919243112 -3.25
      vertex -25.384577380438003 -18.206254516934624 -3.25
    endloop
  endfacet
  facet normal 0 0 -1
    outer loop
      vertex -25.384577380438003 -21.793745483065376 -3.25
      vertex -25.384577380438003 -18.206254516934624 -3.25
      vertex -25.26536686473018 -18.152240934977428 -3.25
    endloop
  endfacet
  facet normal 0 0 -1
    outer loop
      vertex -25.26536686473018 -21.847759065022572 -3.25
      vertex -25.26536686473018 -18.152240934977428 -3.25
      vertex -25.142878930606322 -18.106139741009788 -3.25
    endloop
  endfacet
  facet normal 0 0 -1
    outer loop
      vertex -25.142878930606322 -21.893860258990212 -3.25
      vertex -25.142878930606322 -18.106139741009788 -3.25
      vertex -25.01763809020504 -18.068148347421864 -3.25
    endloop
  endfacet
  facet normal 0 0 -1
    outer loop
      vertex -25.01763809020504 -21.931851652578136 -3.25
      vertex -25.01763809020504 -18.068148347421864 -3.25
      vertex -24.890180644032256 -18.03842943919354 -3.25
    endloop
  endfacet
  facet normal 0 0 -1
    outer loop
      vertex -24.890180644032256 -21.96157056080646 -3.25
      vertex -24.890180644032256 -18.03842943919354 -3.25
      vertex -24.761052384440102 -18.017110277252378 -3.25
    endloop
  endfacet
  facet normal 0 0 -1
    outer loop
      vertex -24.761052384440102 -21.982889722747622 -3.25
      vertex -24.761052384440102 -18.017110277252378 -3.25
      vertex -24.630806258460286 -18.004282153522794 -3.25
    endloop
  endfacet
  facet normal 0 0 -1
    outer loop
      vertex -24.630806258460286 -21.995717846477206 -3.25
      vertex -24.630806258460286 -18.004282153522794 -3.25
      vertex -24.5 -18 -3.25
    endloop
  endfacet
  facet normal 0 0 -1
    outer loop
      vertex -24.5 -22 -3.25
      vertex -24.5 -18 -3.25
      vertex -24.369193741539714 -18.004282153522794 -3.25
    endloop
  endfacet
  facet normal 0 0 -1
    outer loop
      vertex -24.369193741539714 -21.995717846477206 -3.25
      vertex -24.369193741539714 -18.004282153522794 -3.25
      vertex -24.238947615559898 -18.017110277252378 -3.25
    endloop
  endfacet
  facet normal 0 0 -1
    outer loop
      vertex -24.238947615559898 -21.982889722747622 -3.25
      vertex -24.238947615559898 -18.017110277252378 -3.25
      vertex -24.109819355967744 -18.03842943919354 -3.25
    endloop
  endfacet
  facet normal 0 0 -1
    outer loop
      vertex -24.109819355967744 -21.96157056080646 -3.25
      vertex -24.109819355967744 -18.03842943919354 -3.25
      vertex -23.98236190979496 -18.068148347421864 -3.25
    endloop
  endfacet
  facet normal 0 0 -1
    outer loop
      vertex -23.98236190979496 -21.931851652578136 -3.25
      vertex -23.98236190979496 -18.068148347421864 -3.25
      vertex -23.857121069393678 -18.106139741009788 -3.25
    endloop
  endfacet
  facet normal 0 0 -1
    outer loop
      vertex -23.388859533960797 -21.66293922460509 -3.25
      vertex -23.388859533960797 -18.33706077539491 -3.25
      vertex -23.282477141982557 -18.41329331941753 -3.25
    endloop
  endfacet
  facet normal 0 0 -1
    outer loop
      vertex -23.857121069393678 -21.893860258990212 -3.25
      vertex -23.857121069393678 -18.106139741009788 -3.25
      vertex -23.73463313526982 -18.152240934977428 -3.25
    endloop
  endfacet
  facet normal 0 0 -1
    outer loop
      vertex -23.73463313526982 -21.847759065022572 -3.25
      vertex -23.73463313526982 -18.152240934977428 -3.25
      vertex -23.615422619561997 -18.206254516934624 -3.25
    endloop
  endfacet
  facet normal 0 0 -1
    outer loop
      vertex -23.615422619561997 -21.793745483065376 -3.25
      vertex -23.615422619561997 -18.206254516934624 -3.25
      vertex -23.5 -18.26794919243112 -3.25
    endloop
  endfacet
  facet normal 0 0 -1
    outer loop
      vertex -23.5 -21.73205080756888 -3.25
      vertex -23.5 -18.26794919243112 -3.25
      vertex -23.388859533960797 -18.33706077539491 -3.25
    endloop
  endfacet
  facet normal 0 0 -1
    outer loop
      vertex -23.282477141982557 -21.58670668058247 -3.25
      vertex -23.282477141982557 -18.41329331941753 -3.25
      vertex -23.18130836979986 -18.496320385042047 -3.25
    endloop
  endfacet
  facet normal 0 0 -1
    outer loop
      vertex -23.18130836979986 -21.503679614957953 -3.25
      vertex -23.18130836979986 -18.496320385042047 -3.25
      vertex -23.085786437626904 -18.585786437626904 -3.25
    endloop
  endfacet
  facet normal 0 0 -1
    outer loop
      vertex -23.085786437626904 -21.414213562373096 -3.25
      vertex -23.085786437626904 -18.585786437626904 -3.25
      vertex -22.996320385042047 -18.68130836979986 -3.25
    endloop
  endfacet
  facet normal 0 0 -1
    outer loop
      vertex -22.996320385042047 -21.31869163020014 -3.25
      vertex -22.996320385042047 -18.68130836979986 -3.25
      vertex -22.91329331941753 -18.782477141982557 -3.25
    endloop
  endfacet
  facet normal 0 0 -1
    outer loop
      vertex -22.91329331941753 -21.217522858017443 -3.25
      vertex -22.91329331941753 -18.782477141982557 -3.25
      vertex -22.83706077539491 -18.888859533960797 -3.25
    endloop
  endfacet
  facet normal -0.9951847266721986 0.09801714032954259 0
    outer loop
      vertex -26.495717846477206 -19.869193741539714 -3.25
      vertex -26.495717846477206 -19.869193741539714 0
      vertex -26.482889722747622 -19.738947615559898 -3.25
    endloop
  endfacet
  facet normal -0.9866433320848778 0.16289547339459642 0
    outer loop
      vertex -26.482889722747622 -19.738947615559898 -3.25
      vertex -26.482889722747622 -19.738947615559898 0
      vertex -26.46157056080646 -19.609819355967744 -3.25
    endloop
  endfacet
  facet normal -0.9738769792773314 0.2270762630343827 0
    outer loop
      vertex -26.46157056080646 -19.609819355967744 -3.25
      vertex -26.46157056080646 -19.609819355967744 0
      vertex -26.431851652578136 -19.48236190979496 -3.25
    endloop
  endfacet
  facet normal -0.9569403357322143 0.2902846772544449 0
    outer loop
      vertex -26.431851652578136 -19.48236190979496 -3.25
      vertex -26.431851652578136 -19.48236190979496 0
      vertex -26.393860258990212 -19.357121069393678 -3.25
    endloop
  endfacet
  facet normal -0.9359059267573199 0.352250047921249 0
    outer loop
      vertex -26.393860258990212 -19.357121069393678 -3.25
      vertex -26.393860258990212 -19.357121069393678 0
      vertex -26.347759065022572 -19.23463313526982 -3.25
    endloop
  endfacet
  facet normal -0.910863824921178 0.41270702980439006 0
    outer loop
      vertex -26.347759065022572 -19.23463313526982 -3.25
      vertex -26.347759065022572 -19.23463313526982 0
      vertex -26.293745483065376 -19.115422619561997 -3.25
    endloop
  endfacet
  facet normal -0.8819212643483612 0.471396736825986 0
    outer loop
      vertex -26.293745483065376 -19.115422619561997 -3.25
      vertex -26.293745483065376 -19.115422619561997 0
      vertex -26.23205080756888 -19 -3.25
    endloop
  endfacet
  facet normal -0.8492021815265685 0.5280678506503849 0
    outer loop
      vertex -26.23205080756888 -19 -3.25
      vertex -26.23205080756888 -19 0
      vertex -26.16293922460509 -18.888859533960797 -3.25
    endloop
  endfacet
  facet normal -0.8128466845916245 0.5824776968677894 0
    outer loop
      vertex -26.16293922460509 -18.888859533960797 -3.25
      vertex -26.16293922460509 -18.888859533960797 0
      vertex -26.08670668058247 -18.782477141982557 -3.25
    endloop
  endfacet
  facet normal -0.7730104533627302 0.6343932841636537 0
    outer loop
      vertex -26.08670668058247 -18.782477141982557 -3.25
      vertex -26.08670668058247 -18.782477141982557 0
      vertex -26.003679614957953 -18.68130836979986 -3.25
    endloop
  endfacet
  facet normal -0.7298640726978451 0.6835923020228611 0
    outer loop
      vertex -26.003679614957953 -18.68130836979986 -3.25
      vertex -26.003679614957953 -18.68130836979986 0
      vertex -25.914213562373096 -18.585786437626904 -3.25
    endloop
  endfacet
  facet normal -0.6835923020228611 0.7298640726978451 0
    outer loop
      vertex -25.914213562373096 -18.585786437626904 -3.25
      vertex -25.914213562373096 -18.585786437626904 0
      vertex -25.81869163020014 -18.496320385042047 -3.25
    endloop
  endfacet
  facet normal -0.6343932841636537 0.7730104533627302 0
    outer loop
      vertex -25.81869163020014 -18.496320385042047 -3.25
      vertex -25.81869163020014 -18.496320385042047 0
      vertex -25.717522858017443 -18.41329331941753 -3.25
    endloop
  endfacet
  facet normal -0.5824776968677894 0.8128466845916245 0
    outer loop
      vertex -25.717522858017443 -18.41329331941753 -3.25
      vertex -25.717522858017443 -18.41329331941753 0
      vertex -25.611140466039203 -18.33706077539491 -3.25
    endloop
  endfacet
  facet normal -0.5280678506503849 0.8492021815265685 0
    outer loop
      vertex -25.611140466039203 -18.33706077539491 -3.25
      vertex -25.611140466039203 -18.33706077539491 0
      vertex -25.5 -18.26794919243112 -3.25
    endloop
  endfacet
  facet normal -0.471396736825986 0.8819212643483612 0
    outer loop
      vertex -25.5 -18.26794919243112 -3.25
      vertex -25.5 -18.26794919243112 0
      vertex -25.384577380438003 -18.206254516934624 -3.25
    endloop
  endfacet
  facet normal -0.41270702980439006 0.910863824921178 0
    outer loop
      vertex -25.384577380438003 -18.206254516934624 -3.25
      vertex -25.384577380438003 -18.206254516934624 0
      vertex -25.26536686473018 -18.152240934977428 -3.25
    endloop
  endfacet
  facet normal -0.352250047921249 0.9359059267573199 0
    outer loop
      vertex -25.26536686473018 -18.152240934977428 -3.25
      vertex -25.26536686473018 -18.152240934977428 0
      vertex -25.142878930606322 -18.106139741009788 -3.25
    endloop
  endfacet
  facet normal -0.2902846772544449 0.9569403357322143 0
    outer loop
      vertex -25.142878930606322 -18.106139741009788 -3.25
      vertex -25.142878930606322 -18.106139741009788 0
      vertex -25.01763809020504 -18.068148347421864 -3.25
    endloop
  endfacet
  facet normal -0.2270762630343827 0.9738769792773314 0
    outer loop
      vertex -25.01763809020504 -18.068148347421864 -3.25
      vertex -25.01763809020504 -18.068148347421864 0
      vertex -24.890180644032256 -18.03842943919354 -3.25
    endloop
  endfacet
  facet normal -0.16289547339459642 0.9866433320848778 0
    outer loop
      vertex -24.890180644032256 -18.03842943919354 -3.25
      vertex -24.890180644032256 -18.03842943919354 0
      vertex -24.761052384440102 -18.017110277252378 -3.25
    endloop
  endfacet
  facet normal 0.471396736825986 0.8819212643483612 0
    outer loop
      vertex -23.615422619561997 -18.206254516934624 -3.25
      vertex -23.615422619561997 -18.206254516934624 0
      vertex -23.5 -18.26794919243112 -3.25
    endloop
  endfacet
  facet normal 0.5824776968677894 0.8128466845916245 0
    outer loop
      vertex -23.282477141982557 -18.41329331941753 -3.25
      vertex -23.388859533960797 -18.33706077539491 -3.25
      vertex -23.388859533960797 -18.33706077539491 0
    endloop
  endfacet
  facet normal 0.5280678506503849 0.8492021815265685 0
    outer loop
      vertex -23.5 -18.26794919243112 -3.25
      vertex -23.5 -18.26794919243112 0
      vertex -23.388859533960797 -18.33706077539491 -3.25
    endloop
  endfacet
  facet normal 0.8128466845916245 0.5824776968677894 0
    outer loop
      vertex -22.91329331941753 -18.782477141982557 -3.25
      vertex -22.91329331941753 -18.782477141982557 0
      vertex -22.83706077539491 -18.888859533960797 -3.25
    endloop
  endfacet
  facet normal 0.7730104533627302 0.6343932841636537 0
    outer loop
      vertex -22.996320385042047 -18.68130836979986 -3.25
      vertex -22.996320385042047 -18.68130836979986 0
      vertex -22.91329331941753 -18.782477141982557 -3.25
    endloop
  endfacet
  facet normal 0.6343932841636537 0.7730104533627302 0
    outer loop
      vertex -23.282477141982557 -18.41329331941753 -3.25
      vertex -23.282477141982557 -18.41329331941753 0
      vertex -23.18130836979986 -18.496320385042047 -3.25
    endloop
  endfacet
  facet normal 0.6835923020228611 0.7298640726978451 0
    outer loop
      vertex -23.085786437626904 -18.585786437626904 -3.25
      vertex -23.18130836979986 -18.496320385042047 -3.25
      vertex -23.18130836979986 -18.496320385042047 0
    endloop
  endfacet
  facet normal 0.7298640726978451 0.6835923020228611 0
    outer loop
      vertex -23.085786437626904 -18.585786437626904 -3.25
      vertex -23.085786437626904 -18.585786437626904 0
      vertex -22.996320385042047 -18.68130836979986 -3.25
    endloop
  endfacet
  facet normal -0.09801714032954259 0.9951847266721986 0
    outer loop
      vertex -24.761052384440102 -18.017110277252378 -3.25
      vertex -24.761052384440102 -18.017110277252378 0
      vertex -24.630806258460286 -18.004282153522794 -3.25
    endloop
  endfacet
  facet normal -0.03271908282178681 0.9994645874763652 0
    outer loop
      vertex -24.630806258460286 -18.004282153522794 -3.25
      vertex -24.630806258460286 -18.004282153522794 0
      vertex -24.5 -18 -3.25
    endloop
  endfacet
  facet normal 0.03271908282178681 0.9994645874763652 0
    outer loop
      vertex -24.5 -18 -3.25
      vertex -24.5 -18 0
      vertex -24.369193741539714 -18.004282153522794 -3.25
    endloop
  endfacet
  facet normal 0.09801714032954259 0.9951847266721986 0
    outer loop
      vertex -24.369193741539714 -18.004282153522794 -3.25
      vertex -24.369193741539714 -18.004282153522794 0
      vertex -24.238947615559898 -18.017110277252378 -3.25
    endloop
  endfacet
  facet normal 0.16289547339459642 0.9866433320848778 0
    outer loop
      vertex -24.238947615559898 -18.017110277252378 -3.25
      vertex -24.238947615559898 -18.017110277252378 0
      vertex -24.109819355967744 -18.03842943919354 -3.25
    endloop
  endfacet
  facet normal 0.2270762630343827 0.9738769792773314 0
    outer loop
      vertex -24.109819355967744 -18.03842943919354 -3.25
      vertex -24.109819355967744 -18.03842943919354 0
      vertex -23.98236190979496 -18.068148347421864 -3.25
    endloop
  endfacet
  facet normal 0.2902846772544449 0.9569403357322143 0
    outer loop
      vertex -23.98236190979496 -18.068148347421864 -3.25
      vertex -23.98236190979496 -18.068148347421864 0
      vertex -23.857121069393678 -18.106139741009788 -3.25
    endloop
  endfacet
  facet normal 0.352250047921249 0.9359059267573199 0
    outer loop
      vertex -23.857121069393678 -18.106139741009788 -3.25
      vertex -23.857121069393678 -18.106139741009788 0
      vertex -23.73463313526982 -18.152240934977428 -3.25
    endloop
  endfacet
  facet normal 0.41270702980439006 0.910863824921178 0
    outer loop
      vertex -23.73463313526982 -18.152240934977428 -3.25
      vertex -23.73463313526982 -18.152240934977428 0
      vertex -23.615422619561997 -18.206254516934624 -3.25
    endloop
  endfacet
  facet normal 0 0 -1
    outer loop
      vertex -22.91329331941753 -21.217522858017443 -3.25
      vertex -22.83706077539491 -18.888859533960797 -3.25
      vertex -22.83706077539491 -21.111140466039203 -3.25
    endloop
  endfacet
  facet normal 0 0 -1
    outer loop
      vertex -22.83706077539491 -21.111140466039203 -3.25
      vertex -22.76794919243112 -19 -3.25
      vertex -22.76794919243112 -21 -3.25
    endloop
  endfacet
  facet normal 0 0 -1
    outer loop
      vertex -22.76794919243112 -21 -3.25
      vertex -22.706254516934624 -19.115422619561997 -3.25
      vertex -22.706254516934624 -20.884577380438003 -3.25
    endloop
  endfacet
  facet normal 0 0 -1
    outer loop
      vertex -22.706254516934624 -20.884577380438003 -3.25
      vertex -22.652240934977428 -19.23463313526982 -3.25
      vertex -22.652240934977428 -20.76536686473018 -3.25
    endloop
  endfacet
  facet normal 0 0 -1
    outer loop
      vertex -22.652240934977428 -20.76536686473018 -3.25
      vertex -22.606139741009788 -19.357121069393678 -3.25
      vertex -22.606139741009788 -20.642878930606322 -3.25
    endloop
  endfacet
  facet normal 0 0 -1
    outer loop
      vertex -22.606139741009788 -20.642878930606322 -3.25
      vertex -22.568148347421864 -19.48236190979496 -3.25
      vertex -22.568148347421864 -20.51763809020504 -3.25
    endloop
  endfacet
  facet normal 0 0 -1
    outer loop
      vertex -22.568148347421864 -20.51763809020504 -3.25
      vertex -22.53842943919354 -19.609819355967744 -3.25
      vertex -22.53842943919354 -20.390180644032256 -3.25
    endloop
  endfacet
  facet normal 0 0 -1
    outer loop
      vertex -22.53842943919354 -20.390180644032256 -3.25
      vertex -22.517110277252378 -19.738947615559898 -3.25
      vertex -22.517110277252378 -20.261052384440102 -3.25
    endloop
  endfacet
  facet normal 0 0 -1
    outer loop
      vertex -22.517110277252378 -20.261052384440102 -3.25
      vertex -22.504282153522794 -19.869193741539714 -3.25
      vertex -22.504282153522794 -20.130806258460286 -3.25
    endloop
  endfacet
  facet normal 0 0 -1
    outer loop
      vertex -22.53842943919354 -20.390180644032256 -3.25
      vertex -22.53842943919354 -19.609819355967744 -3.25
      vertex -22.517110277252378 -19.738947615559898 -3.25
    endloop
  endfacet
  facet normal 0 0 -1
    outer loop
      vertex -22.504282153522794 -20.130806258460286 -3.25
      vertex -22.504282153522794 -19.869193741539714 -3.25
      vertex -22.5 -20 -3.25
    endloop
  endfacet
  facet normal 0 0 -1
    outer loop
      vertex -22.517110277252378 -20.261052384440102 -3.25
      vertex -22.517110277252378 -19.738947615559898 -3.25
      vertex -22.504282153522794 -19.869193741539714 -3.25
    endloop
  endfacet
  facet normal 0.8128466845916245 -0.5824776968677894 0
    outer loop
      vertex -22.91329331941753 -21.217522858017443 -3.25
      vertex -22.83706077539491 -21.111140466039203 -3.25
      vertex -22.83706077539491 -21.111140466039203 0
    endloop
  endfacet
  facet normal 0.8492021815265685 -0.5280678506503849 0
    outer loop
      vertex -22.83706077539491 -21.111140466039203 -3.25
      vertex -22.76794919243112 -21 -3.25
      vertex -22.76794919243112 -21 0
    endloop
  endfacet
  facet normal 0.8819212643483612 -0.471396736825986 0
    outer loop
      vertex -22.76794919243112 -21 -3.25
      vertex -22.706254516934624 -20.884577380438003 -3.25
      vertex -22.706254516934624 -20.884577380438003 0
    endloop
  endfacet
  facet normal 0.910863824921178 -0.41270702980439006 0
    outer loop
      vertex -22.706254516934624 -20.884577380438003 -3.25
      vertex -22.652240934977428 -20.76536686473018 -3.25
      vertex -22.652240934977428 -20.76536686473018 0
    endloop
  endfacet
  facet normal 0.9359059267573199 -0.352250047921249 0
    outer loop
      vertex -22.652240934977428 -20.76536686473018 -3.25
      vertex -22.606139741009788 -20.642878930606322 -3.25
      vertex -22.606139741009788 -20.642878930606322 0
    endloop
  endfacet
  facet normal 0.9569403357322143 -0.2902846772544449 0
    outer loop
      vertex -22.606139741009788 -20.642878930606322 -3.25
      vertex -22.568148347421864 -20.51763809020504 -3.25
      vertex -22.568148347421864 -20.51763809020504 0
    endloop
  endfacet
  facet normal 0.9738769792773314 -0.2270762630343827 0
    outer loop
      vertex -22.568148347421864 -20.51763809020504 -3.25
      vertex -22.53842943919354 -20.390180644032256 -3.25
      vertex -22.53842943919354 -20.390180644032256 0
    endloop
  endfacet
  facet normal 0.9866433320848778 -0.16289547339459642 0
    outer loop
      vertex -22.53842943919354 -20.390180644032256 -3.25
      vertex -22.517110277252378 -20.261052384440102 -3.25
      vertex -22.517110277252378 -20.261052384440102 0
    endloop
  endfacet
  facet normal 0.9951847266721986 -0.09801714032954259 0
    outer loop
      vertex -22.517110277252378 -20.261052384440102 -3.25
      vertex -22.504282153522794 -20.130806258460286 -3.25
      vertex -22.504282153522794 -20.130806258460286 0
    endloop
  endfacet
  facet normal 0.9994645874763652 -0.03271908282178681 0
    outer loop
      vertex -22.504282153522794 -20.130806258460286 -3.25
      vertex -22.5 -20 -3.25
      vertex -22.5 -20 0
    endloop
  endfacet
  facet normal 0.9994645874763652 0.03271908282178681 0
    outer loop
      vertex -22.5 -20 -3.25
      vertex -22.504282153522794 -19.869193741539714 -3.25
      vertex -22.504282153522794 -19.869193741539714 0
    endloop
  endfacet
  facet normal 0 0 -1
    outer loop
      vertex -22.652240934977428 -20.76536686473018 -3.25
      vertex -22.652240934977428 -19.23463313526982 -3.25
      vertex -22.606139741009788 -19.357121069393678 -3.25
    endloop
  endfacet
  facet normal 0 0 -1
    outer loop
      vertex -22.76794919243112 -21 -3.25
      vertex -22.76794919243112 -19 -3.25
      vertex -22.706254516934624 -19.115422619561997 -3.25
    endloop
  endfacet
  facet normal 0 0 -1
    outer loop
      vertex -22.706254516934624 -20.884577380438003 -3.25
      vertex -22.706254516934624 -19.115422619561997 -3.25
      vertex -22.652240934977428 -19.23463313526982 -3.25
    endloop
  endfacet
  facet normal 0 0 -1
    outer loop
      vertex -22.83706077539491 -21.111140466039203 -3.25
      vertex -22.83706077539491 -18.888859533960797 -3.25
      vertex -22.76794919243112 -19 -3.25
    endloop
  endfacet
  facet normal 0 0 -1
    outer loop
      vertex -22.606139741009788 -20.642878930606322 -3.25
      vertex -22.606139741009788 -19.357121069393678 -3.25
      vertex -22.568148347421864 -19.48236190979496 -3.25
    endloop
  endfacet
  facet normal 0 0 -1
    outer loop
      vertex -22.568148347421864 -20.51763809020504 -3.25
      vertex -22.568148347421864 -19.48236190979496 -3.25
      vertex -22.53842943919354 -19.609819355967744 -3.25
    endloop
  endfacet
  facet normal 0.9951847266721986 0.09801714032954259 0
    outer loop
      vertex -22.504282153522794 -19.869193741539714 -3.25
      vertex -22.517110277252378 -19.738947615559898 -3.25
      vertex -22.517110277252378 -19.738947615559898 0
    endloop
  endfacet
  facet normal 0.9866433320848778 0.16289547339459642 0
    outer loop
      vertex -22.517110277252378 -19.738947615559898 -3.25
      vertex -22.53842943919354 -19.609819355967744 -3.25
      vertex -22.53842943919354 -19.609819355967744 0
    endloop
  endfacet
  facet normal 0.9738769792773314 0.2270762630343827 0
    outer loop
      vertex -22.53842943919354 -19.609819355967744 -3.25
      vertex -22.568148347421864 -19.48236190979496 -3.25
      vertex -22.568148347421864 -19.48236190979496 0
    endloop
  endfacet
  facet normal 0.9359059267573199 0.352250047921249 0
    outer loop
      vertex -22.606139741009788 -19.357121069393678 -3.25
      vertex -22.652240934977428 -19.23463313526982 -3.25
      vertex -22.652240934977428 -19.23463313526982 0
    endloop
  endfacet
  facet normal 0.910863824921178 0.41270702980439006 0
    outer loop
      vertex -22.706254516934624 -19.115422619561997 -3.25
      vertex -22.706254516934624 -19.115422619561997 0
      vertex -22.652240934977428 -19.23463313526982 -3.25
    endloop
  endfacet
  facet normal 0.9569403357322143 0.2902846772544449 0
    outer loop
      vertex -22.568148347421864 -19.48236190979496 -3.25
      vertex -22.606139741009788 -19.357121069393678 -3.25
      vertex -22.606139741009788 -19.357121069393678 0
    endloop
  endfacet
  facet normal 0.8492021815265685 0.5280678506503849 0
    outer loop
      vertex -22.83706077539491 -18.888859533960797 -3.25
      vertex -22.83706077539491 -18.888859533960797 0
      vertex -22.76794919243112 -19 -3.25
    endloop
  endfacet
  facet normal 0.8819212643483612 0.471396736825986 0
    outer loop
      vertex -22.706254516934624 -19.115422619561997 -3.25
      vertex -22.76794919243112 -19 -3.25
      vertex -22.76794919243112 -19 0
    endloop
  endfacet
  facet normal -0.6343932841636537 -0.7730104533627302 0
    outer loop
      vertex -25.81869163020014 -21.503679614957953 -3.25
      vertex -25.717522858017443 -21.58670668058247 0
      vertex -25.81869163020014 -21.503679614957953 0
    endloop
  endfacet
  facet normal -0.5824776968677894 -0.8128466845916245 0
    outer loop
      vertex -25.717522858017443 -21.58670668058247 -3.25
      vertex -25.611140466039203 -21.66293922460509 0
      vertex -25.717522858017443 -21.58670668058247 0
    endloop
  endfacet
  facet normal -0.5280678506503849 -0.8492021815265685 0
    outer loop
      vertex -25.611140466039203 -21.66293922460509 -3.25
      vertex -25.5 -21.73205080756888 0
      vertex -25.611140466039203 -21.66293922460509 0
    endloop
  endfacet
  facet normal -0.471396736825986 -0.8819212643483612 0
    outer loop
      vertex -25.5 -21.73205080756888 -3.25
      vertex -25.384577380438003 -21.793745483065376 0
      vertex -25.5 -21.73205080756888 0
    endloop
  endfacet
  facet normal -0.41270702980439006 -0.910863824921178 0
    outer loop
      vertex -25.384577380438003 -21.793745483065376 -3.25
      vertex -25.26536686473018 -21.847759065022572 0
      vertex -25.384577380438003 -21.793745483065376 0
    endloop
  endfacet
  facet normal -0.16289547339459642 -0.9866433320848778 0
    outer loop
      vertex -24.890180644032256 -21.96157056080646 -3.25
      vertex -24.761052384440102 -21.982889722747622 0
      vertex -24.890180644032256 -21.96157056080646 0
    endloop
  endfacet
  facet normal -0.352250047921249 -0.9359059267573199 0
    outer loop
      vertex -25.26536686473018 -21.847759065022572 -3.25
      vertex -25.142878930606322 -21.893860258990212 0
      vertex -25.26536686473018 -21.847759065022572 0
    endloop
  endfacet
  facet normal -0.2902846772544449 -0.9569403357322143 0
    outer loop
      vertex -25.142878930606322 -21.893860258990212 -3.25
      vertex -25.01763809020504 -21.931851652578136 0
      vertex -25.142878930606322 -21.893860258990212 0
    endloop
  endfacet
  facet normal -0.2270762630343827 -0.9738769792773314 0
    outer loop
      vertex -25.01763809020504 -21.931851652578136 -3.25
      vertex -24.890180644032256 -21.96157056080646 0
      vertex -25.01763809020504 -21.931851652578136 0
    endloop
  endfacet
  facet normal -0.8819212643483612 -0.471396736825986 0
    outer loop
      vertex -26.293745483065376 -20.884577380438003 -3.25
      vertex -26.23205080756888 -21 0
      vertex -26.293745483065376 -20.884577380438003 0
    endloop
  endfacet
  facet normal -0.910863824921178 -0.41270702980439006 0
    outer loop
      vertex -26.347759065022572 -20.76536686473018 -3.25
      vertex -26.293745483065376 -20.884577380438003 0
      vertex -26.347759065022572 -20.76536686473018 0
    endloop
  endfacet
  facet normal -0.7298640726978451 -0.6835923020228611 0
    outer loop
      vertex -26.003679614957953 -21.31869163020014 -3.25
      vertex -25.914213562373096 -21.414213562373096 0
      vertex -26.003679614957953 -21.31869163020014 0
    endloop
  endfacet
  facet normal -0.8128466845916245 -0.5824776968677894 0
    outer loop
      vertex -26.16293922460509 -21.111140466039203 -3.25
      vertex -26.08670668058247 -21.217522858017443 0
      vertex -26.16293922460509 -21.111140466039203 0
    endloop
  endfacet
  facet normal -0.7730104533627302 -0.6343932841636537 0
    outer loop
      vertex -26.08670668058247 -21.217522858017443 -3.25
      vertex -26.003679614957953 -21.31869163020014 0
      vertex -26.08670668058247 -21.217522858017443 0
    endloop
  endfacet
  facet normal -0.6835923020228611 -0.7298640726978451 0
    outer loop
      vertex -25.914213562373096 -21.414213562373096 -3.25
      vertex -25.81869163020014 -21.503679614957953 0
      vertex -25.914213562373096 -21.414213562373096 0
    endloop
  endfacet
  facet normal -0.8492021815265685 -0.5280678506503849 0
    outer loop
      vertex -26.23205080756888 -21 -3.25
      vertex -26.16293922460509 -21.111140466039203 0
      vertex -26.23205080756888 -21 0
    endloop
  endfacet
  facet normal -0.9738769792773314 -0.2270762630343827 0
    outer loop
      vertex -26.46157056080646 -20.390180644032256 -3.25
      vertex -26.431851652578136 -20.51763809020504 0
      vertex -26.46157056080646 -20.390180644032256 0
    endloop
  endfacet
  facet normal -0.9866433320848778 -0.16289547339459642 0
    outer loop
      vertex -26.482889722747622 -20.261052384440102 -3.25
      vertex -26.46157056080646 -20.390180644032256 0
      vertex -26.482889722747622 -20.261052384440102 0
    endloop
  endfacet
  facet normal -0.9359059267573199 -0.352250047921249 0
    outer loop
      vertex -26.393860258990212 -20.642878930606322 -3.25
      vertex -26.347759065022572 -20.76536686473018 0
      vertex -26.393860258990212 -20.642878930606322 0
    endloop
  endfacet
  facet normal -0.9569403357322143 -0.2902846772544449 0
    outer loop
      vertex -26.431851652578136 -20.51763809020504 -3.25
      vertex -26.393860258990212 -20.642878930606322 0
      vertex -26.431851652578136 -20.51763809020504 0
    endloop
  endfacet
  facet normal -0.9951847266721986 -0.09801714032954259 0
    outer loop
      vertex -26.495717846477206 -20.130806258460286 -3.25
      vertex -26.482889722747622 -20.261052384440102 0
      vertex -26.495717846477206 -20.130806258460286 0
    endloop
  endfacet
  facet normal -0.9994645874763652 -0.03271908282178681 0
    outer loop
      vertex -26.5 -20 -3.25
      vertex -26.495717846477206 -20.130806258460286 0
      vertex -26.5 -20 0
    endloop
  endfacet
  facet normal -0.9994645874763652 0.03271908282178681 0
    outer loop
      vertex -26.495717846477206 -19.869193741539714 -3.25
      vertex -26.5 -20 0
      vertex -26.495717846477206 -19.869193741539714 0
    endloop
  endfacet
  facet normal -0.09801714032954259 -0.9951847266721986 0
    outer loop
      vertex -24.761052384440102 -21.982889722747622 -3.25
      vertex -24.630806258460286 -21.995717846477206 0
      vertex -24.761052384440102 -21.982889722747622 0
    endloop
  endfacet
  facet normal -0.03271908282178681 -0.9994645874763652 0
    outer loop
      vertex -24.630806258460286 -21.995717846477206 -3.25
      vertex -24.5 -22 0
      vertex -24.630806258460286 -21.995717846477206 0
    endloop
  endfacet
  facet normal 0.03271908282178681 -0.9994645874763652 0
    outer loop
      vertex -24.5 -22 -3.25
      vertex -24.369193741539714 -21.995717846477206 0
      vertex -24.5 -22 0
    endloop
  endfacet
  facet normal 0.09801714032954259 -0.9951847266721986 0
    outer loop
      vertex -24.369193741539714 -21.995717846477206 -3.25
      vertex -24.238947615559898 -21.982889722747622 0
      vertex -24.369193741539714 -21.995717846477206 0
    endloop
  endfacet
  facet normal 0.16289547339459642 -0.9866433320848778 0
    outer loop
      vertex -24.238947615559898 -21.982889722747622 -3.25
      vertex -24.109819355967744 -21.96157056080646 0
      vertex -24.238947615559898 -21.982889722747622 0
    endloop
  endfacet
  facet normal 0.2270762630343827 -0.9738769792773314 0
    outer loop
      vertex -24.109819355967744 -21.96157056080646 -3.25
      vertex -23.98236190979496 -21.931851652578136 0
      vertex -24.109819355967744 -21.96157056080646 0
    endloop
  endfacet
  facet normal 0.2902846772544449 -0.9569403357322143 0
    outer loop
      vertex -23.98236190979496 -21.931851652578136 -3.25
      vertex -23.857121069393678 -21.893860258990212 0
      vertex -23.98236190979496 -21.931851652578136 0
    endloop
  endfacet
  facet normal 0.352250047921249 -0.9359059267573199 0
    outer loop
      vertex -23.857121069393678 -21.893860258990212 -3.25
      vertex -23.73463313526982 -21.847759065022572 0
      vertex -23.857121069393678 -21.893860258990212 0
    endloop
  endfacet
  facet normal 0.41270702980439006 -0.910863824921178 0
    outer loop
      vertex -23.73463313526982 -21.847759065022572 -3.25
      vertex -23.615422619561997 -21.793745483065376 0
      vertex -23.73463313526982 -21.847759065022572 0
    endloop
  endfacet
  facet normal 0.471396736825986 -0.8819212643483612 0
    outer loop
      vertex -23.615422619561997 -21.793745483065376 -3.25
      vertex -23.5 -21.73205080756888 0
      vertex -23.615422619561997 -21.793745483065376 0
    endloop
  endfacet
  facet normal 0.5280678506503849 -0.8492021815265685 0
    outer loop
      vertex -23.5 -21.73205080756888 -3.25
      vertex -23.388859533960797 -21.66293922460509 0
      vertex -23.5 -21.73205080756888 0
    endloop
  endfacet
  facet normal 0.5824776968677894 -0.8128466845916245 0
    outer loop
      vertex -23.388859533960797 -21.66293922460509 -3.25
      vertex -23.282477141982557 -21.58670668058247 0
      vertex -23.388859533960797 -21.66293922460509 0
    endloop
  endfacet
  facet normal 0.6343932841636537 -0.7730104533627302 0
    outer loop
      vertex -23.282477141982557 -21.58670668058247 -3.25
      vertex -23.18130836979986 -21.503679614957953 0
      vertex -23.282477141982557 -21.58670668058247 0
    endloop
  endfacet
  facet normal 0.6835923020228611 -0.7298640726978451 0
    outer loop
      vertex -23.18130836979986 -21.503679614957953 -3.25
      vertex -23.085786437626904 -21.414213562373096 0
      vertex -23.18130836979986 -21.503679614957953 0
    endloop
  endfacet
  facet normal 0.7298640726978451 -0.6835923020228611 0
    outer loop
      vertex -23.085786437626904 -21.414213562373096 -3.25
      vertex -22.996320385042047 -21.31869163020014 0
      vertex -23.085786437626904 -21.414213562373096 0
    endloop
  endfacet
  facet normal 0.7730104533627302 -0.6343932841636537 0
    outer loop
      vertex -22.996320385042047 -21.31869163020014 -3.25
      vertex -22.91329331941753 -21.217522858017443 0
      vertex -22.996320385042047 -21.31869163020014 0
    endloop
  endfacet
  facet normal 0.8128466845916245 -0.5824776968677894 0
    outer loop
      vertex -22.91329331941753 -21.217522858017443 -3.25
      vertex -22.83706077539491 -21.111140466039203 0
      vertex -22.91329331941753 -21.217522858017443 0
    endloop
  endfacet
  facet normal -0.9951847266721986 0.09801714032954259 0
    outer loop
      vertex -26.482889722747622 -19.738947615559898 -3.25
      vertex -26.495717846477206 -19.869193741539714 0
      vertex -26.482889722747622 -19.738947615559898 0
    endloop
  endfacet
  facet normal -0.9866433320848778 0.16289547339459642 0
    outer loop
      vertex -26.46157056080646 -19.609819355967744 -3.25
      vertex -26.482889722747622 -19.738947615559898 0
      vertex -26.46157056080646 -19.609819355967744 0
    endloop
  endfacet
  facet normal -0.9738769792773314 0.2270762630343827 0
    outer loop
      vertex -26.431851652578136 -19.48236190979496 -3.25
      vertex -26.46157056080646 -19.609819355967744 0
      vertex -26.431851652578136 -19.48236190979496 0
    endloop
  endfacet
  facet normal -0.9569403357322143 0.2902846772544449 0
    outer loop
      vertex -26.393860258990212 -19.357121069393678 -3.25
      vertex -26.431851652578136 -19.48236190979496 0
      vertex -26.393860258990212 -19.357121069393678 0
    endloop
  endfacet
  facet normal -0.9359059267573199 0.352250047921249 0
    outer loop
      vertex -26.347759065022572 -19.23463313526982 -3.25
      vertex -26.393860258990212 -19.357121069393678 0
      vertex -26.347759065022572 -19.23463313526982 0
    endloop
  endfacet
  facet normal -0.910863824921178 0.41270702980439006 0
    outer loop
      vertex -26.293745483065376 -19.115422619561997 -3.25
      vertex -26.347759065022572 -19.23463313526982 0
      vertex -26.293745483065376 -19.115422619561997 0
    endloop
  endfacet
  facet normal -0.8819212643483612 0.471396736825986 0
    outer loop
      vertex -26.23205080756888 -19 -3.25
      vertex -26.293745483065376 -19.115422619561997 0
      vertex -26.23205080756888 -19 0
    endloop
  endfacet
  facet normal -0.8492021815265685 0.5280678506503849 0
    outer loop
      vertex -26.16293922460509 -18.888859533960797 -3.25
      vertex -26.23205080756888 -19 0
      vertex -26.16293922460509 -18.888859533960797 0
    endloop
  endfacet
  facet normal -0.8128466845916245 0.5824776968677894 0
    outer loop
      vertex -26.08670668058247 -18.782477141982557 -3.25
      vertex -26.16293922460509 -18.888859533960797 0
      vertex -26.08670668058247 -18.782477141982557 0
    endloop
  endfacet
  facet normal -0.7730104533627302 0.6343932841636537 0
    outer loop
      vertex -26.003679614957953 -18.68130836979986 -3.25
      vertex -26.08670668058247 -18.782477141982557 0
      vertex -26.003679614957953 -18.68130836979986 0
    endloop
  endfacet
  facet normal -0.7298640726978451 0.6835923020228611 0
    outer loop
      vertex -25.914213562373096 -18.585786437626904 -3.25
      vertex -26.003679614957953 -18.68130836979986 0
      vertex -25.914213562373096 -18.585786437626904 0
    endloop
  endfacet
  facet normal -0.6835923020228611 0.7298640726978451 0
    outer loop
      vertex -25.81869163020014 -18.496320385042047 -3.25
      vertex -25.914213562373096 -18.585786437626904 0
      vertex -25.81869163020014 -18.496320385042047 0
    endloop
  endfacet
  facet normal -0.6343932841636537 0.7730104533627302 0
    outer loop
      vertex -25.717522858017443 -18.41329331941753 -3.25
      vertex -25.81869163020014 -18.496320385042047 0
      vertex -25.717522858017443 -18.41329331941753 0
    endloop
  endfacet
  facet normal -0.5824776968677894 0.8128466845916245 0
    outer loop
      vertex -25.611140466039203 -18.33706077539491 -3.25
      vertex -25.717522858017443 -18.41329331941753 0
      vertex -25.611140466039203 -18.33706077539491 0
    endloop
  endfacet
  facet normal -0.5280678506503849 0.8492021815265685 0
    outer loop
      vertex -25.5 -18.26794919243112 -3.25
      vertex -25.611140466039203 -18.33706077539491 0
      vertex -25.5 -18.26794919243112 0
    endloop
  endfacet
  facet normal -0.471396736825986 0.8819212643483612 0
    outer loop
      vertex -25.384577380438003 -18.206254516934624 -3.25
      vertex -25.5 -18.26794919243112 0
      vertex -25.384577380438003 -18.206254516934624 0
    endloop
  endfacet
  facet normal -0.41270702980439006 0.910863824921178 0
    outer loop
      vertex -25.26536686473018 -18.152240934977428 -3.25
      vertex -25.384577380438003 -18.206254516934624 0
      vertex -25.26536686473018 -18.152240934977428 0
    endloop
  endfacet
  facet normal -0.352250047921249 0.9359059267573199 0
    outer loop
      vertex -25.142878930606322 -18.106139741009788 -3.25
      vertex -25.26536686473018 -18.152240934977428 0
      vertex -25.142878930606322 -18.106139741009788 0
    endloop
  endfacet
  facet normal -0.2902846772544449 0.9569403357322143 0
    outer loop
      vertex -25.01763809020504 -18.068148347421864 -3.25
      vertex -25.142878930606322 -18.106139741009788 0
      vertex -25.01763809020504 -18.068148347421864 0
    endloop
  endfacet
  facet normal -0.2270762630343827 0.9738769792773314 0
    outer loop
      vertex -24.890180644032256 -18.03842943919354 -3.25
      vertex -25.01763809020504 -18.068148347421864 0
      vertex -24.890180644032256 -18.03842943919354 0
    endloop
  endfacet
  facet normal -0.16289547339459642 0.9866433320848778 0
    outer loop
      vertex -24.761052384440102 -18.017110277252378 -3.25
      vertex -24.890180644032256 -18.03842943919354 0
      vertex -24.761052384440102 -18.017110277252378 0
    endloop
  endfacet
  facet normal 0.471396736825986 0.8819212643483612 0
    outer loop
      vertex -23.5 -18.26794919243112 -3.25
      vertex -23.615422619561997 -18.206254516934624 0
      vertex -23.5 -18.26794919243112 0
    endloop
  endfacet
  facet normal 0.5280678506503849 0.8492021815265685 0
    outer loop
      vertex -23.388859533960797 -18.33706077539491 -3.25
      vertex -23.5 -18.26794919243112 0
      vertex -23.388859533960797 -18.33706077539491 0
    endloop
  endfacet
  facet normal 0.7298640726978451 0.6835923020228611 0
    outer loop
      vertex -22.996320385042047 -18.68130836979986 -3.25
      vertex -23.085786437626904 -18.585786437626904 0
      vertex -22.996320385042047 -18.68130836979986 0
    endloop
  endfacet
  facet normal 0.7730104533627302 0.6343932841636537 0
    outer loop
      vertex -22.91329331941753 -18.782477141982557 -3.25
      vertex -22.996320385042047 -18.68130836979986 0
      vertex -22.91329331941753 -18.782477141982557 0
    endloop
  endfacet
  facet normal 0.6835923020228611 0.7298640726978451 0
    outer loop
      vertex -23.085786437626904 -18.585786437626904 -3.25
      vertex -23.18130836979986 -18.496320385042047 0
      vertex -23.085786437626904 -18.585786437626904 0
    endloop
  endfacet
  facet normal 0.6343932841636537 0.7730104533627302 0
    outer loop
      vertex -23.18130836979986 -18.496320385042047 -3.25
      vertex -23.282477141982557 -18.41329331941753 0
      vertex -23.18130836979986 -18.496320385042047 0
    endloop
  endfacet
  facet normal 0.5824776968677894 0.8128466845916245 0
    outer loop
      vertex -23.282477141982557 -18.41329331941753 -3.25
      vertex -23.388859533960797 -18.33706077539491 0
      vertex -23.282477141982557 -18.41329331941753 0
    endloop
  endfacet
  facet normal -0.09801714032954259 0.9951847266721986 0
    outer loop
      vertex -24.630806258460286 -18.004282153522794 -3.25
      vertex -24.761052384440102 -18.017110277252378 0
      vertex -24.630806258460286 -18.004282153522794 0
    endloop
  endfacet
  facet normal -0.03271908282178681 0.9994645874763652 0
    outer loop
      vertex -24.5 -18 -3.25
      vertex -24.630806258460286 -18.004282153522794 0
      vertex -24.5 -18 0
    endloop
  endfacet
  facet normal 0.03271908282178681 0.9994645874763652 0
    outer loop
      vertex -24.369193741539714 -18.004282153522794 -3.25
      vertex -24.5 -18 0
      vertex -24.369193741539714 -18.004282153522794 0
    endloop
  endfacet
  facet normal 0.09801714032954259 0.9951847266721986 0
    outer loop
      vertex -24.238947615559898 -18.017110277252378 -3.25
      vertex -24.369193741539714 -18.004282153522794 0
      vertex -24.238947615559898 -18.017110277252378 0
    endloop
  endfacet
  facet normal 0.16289547339459642 0.9866433320848778 0
    outer loop
      vertex -24.109819355967744 -18.03842943919354 -3.25
      vertex -24.238947615559898 -18.017110277252378 0
      vertex -24.109819355967744 -18.03842943919354 0
    endloop
  endfacet
  facet normal 0.2270762630343827 0.9738769792773314 0
    outer loop
      vertex -23.98236190979496 -18.068148347421864 -3.25
      vertex -24.109819355967744 -18.03842943919354 0
      vertex -23.98236190979496 -18.068148347421864 0
    endloop
  endfacet
  facet normal 0.2902846772544449 0.9569403357322143 0
    outer loop
      vertex -23.857121069393678 -18.106139741009788 -3.25
      vertex -23.98236190979496 -18.068148347421864 0
      vertex -23.857121069393678 -18.106139741009788 0
    endloop
  endfacet
  facet normal 0.352250047921249 0.9359059267573199 0
    outer loop
      vertex -23.73463313526982 -18.152240934977428 -3.25
      vertex -23.857121069393678 -18.106139741009788 0
      vertex -23.73463313526982 -18.152240934977428 0
    endloop
  endfacet
  facet normal 0.41270702980439006 0.910863824921178 0
    outer loop
      vertex -23.615422619561997 -18.206254516934624 -3.25
      vertex -23.73463313526982 -18.152240934977428 0
      vertex -23.615422619561997 -18.206254516934624 0
    endloop
  endfacet
  facet normal 0.8492021815265685 -0.5280678506503849 0
    outer loop
      vertex -22.83706077539491 -21.111140466039203 -3.25
      vertex -22.76794919243112 -21 0
      vertex -22.83706077539491 -21.111140466039203 0
    endloop
  endfacet
  facet normal 0.8819212643483612 -0.471396736825986 0
    outer loop
      vertex -22.76794919243112 -21 -3.25
      vertex -22.706254516934624 -20.884577380438003 0
      vertex -22.76794919243112 -21 0
    endloop
  endfacet
  facet normal 0.910863824921178 -0.41270702980439006 0
    outer loop
      vertex -22.706254516934624 -20.884577380438003 -3.25
      vertex -22.652240934977428 -20.76536686473018 0
      vertex -22.706254516934624 -20.884577380438003 0
    endloop
  endfacet
  facet normal 0.9359059267573199 -0.352250047921249 0
    outer loop
      vertex -22.652240934977428 -20.76536686473018 -3.25
      vertex -22.606139741009788 -20.642878930606322 0
      vertex -22.652240934977428 -20.76536686473018 0
    endloop
  endfacet
  facet normal 0.9569403357322143 -0.2902846772544449 0
    outer loop
      vertex -22.606139741009788 -20.642878930606322 -3.25
      vertex -22.568148347421864 -20.51763809020504 0
      vertex -22.606139741009788 -20.642878930606322 0
    endloop
  endfacet
  facet normal 0.9738769792773314 -0.2270762630343827 0
    outer loop
      vertex -22.568148347421864 -20.51763809020504 -3.25
      vertex -22.53842943919354 -20.390180644032256 0
      vertex -22.568148347421864 -20.51763809020504 0
    endloop
  endfacet
  facet normal 0.9866433320848778 -0.16289547339459642 0
    outer loop
      vertex -22.53842943919354 -20.390180644032256 -3.25
      vertex -22.517110277252378 -20.261052384440102 0
      vertex -22.53842943919354 -20.390180644032256 0
    endloop
  endfacet
  facet normal 0.9951847266721986 -0.09801714032954259 0
    outer loop
      vertex -22.517110277252378 -20.261052384440102 -3.25
      vertex -22.504282153522794 -20.130806258460286 0
      vertex -22.517110277252378 -20.261052384440102 0
    endloop
  endfacet
  facet normal 0.9994645874763652 -0.03271908282178681 0
    outer loop
      vertex -22.504282153522794 -20.130806258460286 -3.25
      vertex -22.5 -20 0
      vertex -22.504282153522794 -20.130806258460286 0
    endloop
  endfacet
  facet normal 0.9994645874763652 0.03271908282178681 0
    outer loop
      vertex -22.5 -20 -3.25
      vertex -22.504282153522794 -19.869193741539714 0
      vertex -22.5 -20 0
    endloop
  endfacet
  facet normal 0.9866433320848778 0.16289547339459642 0
    outer loop
      vertex -22.517110277252378 -19.738947615559898 -3.25
      vertex -22.53842943919354 -19.609819355967744 0
      vertex -22.517110277252378 -19.738947615559898 0
    endloop
  endfacet
  facet normal 0.9951847266721986 0.09801714032954259 0
    outer loop
      vertex -22.504282153522794 -19.869193741539714 -3.25
      vertex -22.517110277252378 -19.738947615559898 0
      vertex -22.504282153522794 -19.869193741539714 0
    endloop
  endfacet
  facet normal 0.9738769792773314 0.2270762630343827 0
    outer loop
      vertex -22.53842943919354 -19.609819355967744 -3.25
      vertex -22.568148347421864 -19.48236190979496 0
      vertex -22.53842943919354 -19.609819355967744 0
    endloop
  endfacet
  facet normal 0.910863824921178 0.41270702980439006 0
    outer loop
      vertex -22.652240934977428 -19.23463313526982 -3.25
      vertex -22.706254516934624 -19.115422619561997 0
      vertex -22.652240934977428 -19.23463313526982 0
    endloop
  endfacet
  facet normal 0.8819212643483612 0.471396736825986 0
    outer loop
      vertex -22.706254516934624 -19.115422619561997 -3.25
      vertex -22.76794919243112 -19 0
      vertex -22.706254516934624 -19.115422619561997 0
    endloop
  endfacet
  facet normal 0.9569403357322143 0.2902846772544449 0
    outer loop
      vertex -22.568148347421864 -19.48236190979496 -3.25
      vertex -22.606139741009788 -19.357121069393678 0
      vertex -22.568148347421864 -19.48236190979496 0
    endloop
  endfacet
  facet normal 0.9359059267573199 0.352250047921249 0
    outer loop
      vertex -22.606139741009788 -19.357121069393678 -3.25
      vertex -22.652240934977428 -19.23463313526982 0
      vertex -22.606139741009788 -19.357121069393678 0
    endloop
  endfacet
  facet normal 0.8492021815265685 0.5280678506503849 0
    outer loop
      vertex -22.76794919243112 -19 -3.25
      vertex -22.83706077539491 -18.888859533960797 0
      vertex -22.76794919243112 -19 0
    endloop
  endfacet
  facet normal 0.8128466845916245 0.5824776968677894 0
    outer loop
      vertex -22.83706077539491 -18.888859533960797 -3.25
      vertex -22.91329331941753 -18.782477141982557 0
      vertex -22.83706077539491 -18.888859533960797 0
    endloop
  endfacet
  facet normal 0 0 -1
    outer loop
      vertex -26.393860258990212 19.357121069393678 -3.25
      vertex -26.431851652578136 19.48236190979496 -3.25
      vertex -26.393860258990212 20.642878930606322 -3.25
    endloop
  endfacet
  facet normal 0 0 -1
    outer loop
      vertex -26.431851652578136 19.48236190979496 -3.25
      vertex -26.46157056080646 19.609819355967744 -3.25
      vertex -26.431851652578136 20.51763809020504 -3.25
    endloop
  endfacet
  facet normal 0 0 -1
    outer loop
      vertex -26.347759065022572 19.23463313526982 -3.25
      vertex -26.393860258990212 19.357121069393678 -3.25
      vertex -26.347759065022572 20.76536686473018 -3.25
    endloop
  endfacet
  facet normal 0 0 -1
    outer loop
      vertex -26.293745483065376 19.115422619561997 -3.25
      vertex -26.347759065022572 19.23463313526982 -3.25
      vertex -26.293745483065376 20.884577380438003 -3.25
    endloop
  endfacet
  facet normal 0 0 -1
    outer loop
      vertex -26.293745483065376 19.115422619561997 -3.25
      vertex -26.23205080756888 21 -3.25
      vertex -26.23205080756888 19 -3.25
    endloop
  endfacet
  facet normal 0 0 -1
    outer loop
      vertex -26.16293922460509 18.888859533960797 -3.25
      vertex -26.23205080756888 19 -3.25
      vertex -26.16293922460509 21.111140466039203 -3.25
    endloop
  endfacet
  facet normal 0 0 -1
    outer loop
      vertex -26.08670668058247 18.782477141982557 -3.25
      vertex -26.16293922460509 18.888859533960797 -3.25
      vertex -26.08670668058247 21.217522858017443 -3.25
    endloop
  endfacet
  facet normal 0 0 -1
    outer loop
      vertex -26.08670668058247 18.782477141982557 -3.25
      vertex -26.003679614957953 21.31869163020014 -3.25
      vertex -26.003679614957953 18.68130836979986 -3.25
    endloop
  endfacet
  facet normal 0 0 -1
    outer loop
      vertex -26.003679614957953 18.68130836979986 -3.25
      vertex -25.914213562373096 21.414213562373096 -3.25
      vertex -25.914213562373096 18.585786437626904 -3.25
    endloop
  endfacet
  facet normal 0 0 -1
    outer loop
      vertex -25.81869163020014 18.496320385042047 -3.25
      vertex -25.914213562373096 18.585786437626904 -3.25
      vertex -25.81869163020014 21.503679614957953 -3.25
    endloop
  endfacet
  facet normal 0 0 -1
    outer loop
      vertex -25.81869163020014 18.496320385042047 -3.25
      vertex -25.717522858017443 21.58670668058247 -3.25
      vertex -25.717522858017443 18.41329331941753 -3.25
    endloop
  endfacet
  facet normal 0 0 -1
    outer loop
      vertex -25.611140466039203 18.33706077539491 -3.25
      vertex -25.5 21.73205080756888 -3.25
      vertex -25.5 18.26794919243112 -3.25
    endloop
  endfacet
  facet normal 0 0 -1
    outer loop
      vertex -25.384577380438003 18.206254516934624 -3.25
      vertex -25.5 18.26794919243112 -3.25
      vertex -25.384577380438003 21.793745483065376 -3.25
    endloop
  endfacet
  facet normal 0 0 -1
    outer loop
      vertex -25.384577380438003 18.206254516934624 -3.25
      vertex -25.26536686473018 21.847759065022572 -3.25
      vertex -25.26536686473018 18.152240934977428 -3.25
    endloop
  endfacet
  facet normal 0 0 -1
    outer loop
      vertex -25.717522858017443 18.41329331941753 -3.25
      vertex -25.611140466039203 21.66293922460509 -3.25
      vertex -25.611140466039203 18.33706077539491 -3.25
    endloop
  endfacet
  facet normal 0 0 -1
    outer loop
      vertex -25.26536686473018 18.152240934977428 -3.25
      vertex -25.142878930606322 21.893860258990212 -3.25
      vertex -25.142878930606322 18.106139741009788 -3.25
    endloop
  endfacet
  facet normal 0 0 -1
    outer loop
      vertex -25.142878930606322 18.106139741009788 -3.25
      vertex -25.01763809020504 21.931851652578136 -3.25
      vertex -25.01763809020504 18.068148347421864 -3.25
    endloop
  endfacet
  facet normal 0 0 -1
    outer loop
      vertex -24.890180644032256 18.03842943919354 -3.25
      vertex -25.01763809020504 18.068148347421864 -3.25
      vertex -24.890180644032256 21.96157056080646 -3.25
    endloop
  endfacet
  facet normal 0 0 -1
    outer loop
      vertex -24.890180644032256 18.03842943919354 -3.25
      vertex -24.761052384440102 21.982889722747622 -3.25
      vertex -24.761052384440102 18.017110277252378 -3.25
    endloop
  endfacet
  facet normal 0 0 -1
    outer loop
      vertex -24.761052384440102 18.017110277252378 -3.25
      vertex -24.630806258460286 21.995717846477206 -3.25
      vertex -24.630806258460286 18.004282153522794 -3.25
    endloop
  endfacet
  facet normal 0 0 -1
    outer loop
      vertex -24.630806258460286 18.004282153522794 -3.25
      vertex -24.5 22 -3.25
      vertex -24.5 18 -3.25
    endloop
  endfacet
  facet normal 0 0 -1
    outer loop
      vertex -24.5 18 -3.25
      vertex -24.369193741539714 21.995717846477206 -3.25
      vertex -24.369193741539714 18.004282153522794 -3.25
    endloop
  endfacet
  facet normal 0 0 -1
    outer loop
      vertex -24.369193741539714 18.004282153522794 -3.25
      vertex -24.238947615559898 21.982889722747622 -3.25
      vertex -24.238947615559898 18.017110277252378 -3.25
    endloop
  endfacet
  facet normal 0 0 -1
    outer loop
      vertex -24.238947615559898 18.017110277252378 -3.25
      vertex -24.109819355967744 21.96157056080646 -3.25
      vertex -24.109819355967744 18.03842943919354 -3.25
    endloop
  endfacet
  facet normal 0 0 -1
    outer loop
      vertex -24.109819355967744 18.03842943919354 -3.25
      vertex -23.98236190979496 21.931851652578136 -3.25
      vertex -23.98236190979496 18.068148347421864 -3.25
    endloop
  endfacet
  facet normal 0 0 -1
    outer loop
      vertex -23.98236190979496 18.068148347421864 -3.25
      vertex -23.857121069393678 21.893860258990212 -3.25
      vertex -23.857121069393678 18.106139741009788 -3.25
    endloop
  endfacet
  facet normal 0 0 -1
    outer loop
      vertex -23.857121069393678 18.106139741009788 -3.25
      vertex -23.73463313526982 21.847759065022572 -3.25
      vertex -23.73463313526982 18.152240934977428 -3.25
    endloop
  endfacet
  facet normal 0 0 -1
    outer loop
      vertex -23.73463313526982 18.152240934977428 -3.25
      vertex -23.615422619561997 21.793745483065376 -3.25
      vertex -23.615422619561997 18.206254516934624 -3.25
    endloop
  endfacet
  facet normal 0 0 -1
    outer loop
      vertex -23.615422619561997 18.206254516934624 -3.25
      vertex -23.5 21.73205080756888 -3.25
      vertex -23.5 18.26794919243112 -3.25
    endloop
  endfacet
  facet normal 0 0 -1
    outer loop
      vertex -23.5 18.26794919243112 -3.25
      vertex -23.388859533960797 21.66293922460509 -3.25
      vertex -23.388859533960797 18.33706077539491 -3.25
    endloop
  endfacet
  facet normal 0 0 -1
    outer loop
      vertex -23.388859533960797 18.33706077539491 -3.25
      vertex -23.282477141982557 21.58670668058247 -3.25
      vertex -23.282477141982557 18.41329331941753 -3.25
    endloop
  endfacet
  facet normal 0 0 -1
    outer loop
      vertex -23.282477141982557 18.41329331941753 -3.25
      vertex -23.18130836979986 21.503679614957953 -3.25
      vertex -23.18130836979986 18.496320385042047 -3.25
    endloop
  endfacet
  facet normal 0 0 -1
    outer loop
      vertex -23.18130836979986 18.496320385042047 -3.25
      vertex -23.085786437626904 21.414213562373096 -3.25
      vertex -23.085786437626904 18.585786437626904 -3.25
    endloop
  endfacet
  facet normal 0 0 -1
    outer loop
      vertex -23.085786437626904 18.585786437626904 -3.25
      vertex -22.996320385042047 21.31869163020014 -3.25
      vertex -22.996320385042047 18.68130836979986 -3.25
    endloop
  endfacet
  facet normal 0 0 -1
    outer loop
      vertex -22.996320385042047 18.68130836979986 -3.25
      vertex -22.91329331941753 21.217522858017443 -3.25
      vertex -22.91329331941753 18.782477141982557 -3.25
    endloop
  endfacet
  facet normal -0.41270702980439006 -0.910863824921178 0
    outer loop
      vertex -25.384577380438003 18.206254516934624 -3.25
      vertex -25.26536686473018 18.152240934977428 -3.25
      vertex -25.26536686473018 18.152240934977428 0
    endloop
  endfacet
  facet normal -0.352250047921249 -0.9359059267573199 0
    outer loop
      vertex -25.26536686473018 18.152240934977428 -3.25
      vertex -25.142878930606322 18.106139741009788 -3.25
      vertex -25.142878930606322 18.106139741009788 0
    endloop
  endfacet
  facet normal -0.2902846772544449 -0.9569403357322143 0
    outer loop
      vertex -25.142878930606322 18.106139741009788 -3.25
      vertex -25.01763809020504 18.068148347421864 -3.25
      vertex -25.01763809020504 18.068148347421864 0
    endloop
  endfacet
  facet normal -0.2270762630343827 -0.9738769792773314 0
    outer loop
      vertex -24.890180644032256 18.03842943919354 -3.25
      vertex -24.890180644032256 18.03842943919354 0
      vertex -25.01763809020504 18.068148347421864 -3.25
    endloop
  endfacet
  facet normal -0.16289547339459642 -0.9866433320848778 0
    outer loop
      vertex -24.890180644032256 18.03842943919354 -3.25
      vertex -24.761052384440102 18.017110277252378 -3.25
      vertex -24.761052384440102 18.017110277252378 0
    endloop
  endfacet
  facet normal -0.8819212643483612 -0.471396736825986 0
    outer loop
      vertex -26.293745483065376 19.115422619561997 -3.25
      vertex -26.23205080756888 19 -3.25
      vertex -26.23205080756888 19 0
    endloop
  endfacet
  facet normal -0.7298640726978451 -0.6835923020228611 0
    outer loop
      vertex -26.003679614957953 18.68130836979986 -3.25
      vertex -25.914213562373096 18.585786437626904 -3.25
      vertex -25.914213562373096 18.585786437626904 0
    endloop
  endfacet
  facet normal -0.6835923020228611 -0.7298640726978451 0
    outer loop
      vertex -25.81869163020014 18.496320385042047 -3.25
      vertex -25.81869163020014 18.496320385042047 0
      vertex -25.914213562373096 18.585786437626904 -3.25
    endloop
  endfacet
  facet normal -0.6343932841636537 -0.7730104533627302 0
    outer loop
      vertex -25.81869163020014 18.496320385042047 -3.25
      vertex -25.717522858017443 18.41329331941753 -3.25
      vertex -25.717522858017443 18.41329331941753 0
    endloop
  endfacet
  facet normal -0.8128466845916245 -0.5824776968677894 0
    outer loop
      vertex -26.08670668058247 18.782477141982557 -3.25
      vertex -26.08670668058247 18.782477141982557 0
      vertex -26.16293922460509 18.888859533960797 -3.25
    endloop
  endfacet
  facet normal -0.7730104533627302 -0.6343932841636537 0
    outer loop
      vertex -26.08670668058247 18.782477141982557 -3.25
      vertex -26.003679614957953 18.68130836979986 -3.25
      vertex -26.003679614957953 18.68130836979986 0
    endloop
  endfacet
  facet normal -0.8492021815265685 -0.5280678506503849 0
    outer loop
      vertex -26.16293922460509 18.888859533960797 -3.25
      vertex -26.16293922460509 18.888859533960797 0
      vertex -26.23205080756888 19 -3.25
    endloop
  endfacet
  facet normal -0.910863824921178 -0.41270702980439006 0
    outer loop
      vertex -26.293745483065376 19.115422619561997 -3.25
      vertex -26.293745483065376 19.115422619561997 0
      vertex -26.347759065022572 19.23463313526982 -3.25
    endloop
  endfacet
  facet normal -0.9359059267573199 -0.352250047921249 0
    outer loop
      vertex -26.347759065022572 19.23463313526982 -3.25
      vertex -26.347759065022572 19.23463313526982 0
      vertex -26.393860258990212 19.357121069393678 -3.25
    endloop
  endfacet
  facet normal -0.9569403357322143 -0.2902846772544449 0
    outer loop
      vertex -26.393860258990212 19.357121069393678 -3.25
      vertex -26.393860258990212 19.357121069393678 0
      vertex -26.431851652578136 19.48236190979496 -3.25
    endloop
  endfacet
  facet normal -0.9866433320848778 -0.16289547339459642 0
    outer loop
      vertex -26.46157056080646 19.609819355967744 -3.25
      vertex -26.46157056080646 19.609819355967744 0
      vertex -26.482889722747622 19.738947615559898 -3.25
    endloop
  endfacet
  facet normal -0.9951847266721986 -0.09801714032954259 0
    outer loop
      vertex -26.482889722747622 19.738947615559898 -3.25
      vertex -26.482889722747622 19.738947615559898 0
      vertex -26.495717846477206 19.869193741539714 -3.25
    endloop
  endfacet
  facet normal -0.9738769792773314 -0.2270762630343827 0
    outer loop
      vertex -26.431851652578136 19.48236190979496 -3.25
      vertex -26.431851652578136 19.48236190979496 0
      vertex -26.46157056080646 19.609819355967744 -3.25
    endloop
  endfacet
  facet normal -0.5824776968677894 -0.8128466845916245 0
    outer loop
      vertex -25.717522858017443 18.41329331941753 -3.25
      vertex -25.611140466039203 18.33706077539491 -3.25
      vertex -25.611140466039203 18.33706077539491 0
    endloop
  endfacet
  facet normal -0.5280678506503849 -0.8492021815265685 0
    outer loop
      vertex -25.611140466039203 18.33706077539491 -3.25
      vertex -25.5 18.26794919243112 -3.25
      vertex -25.5 18.26794919243112 0
    endloop
  endfacet
  facet normal -0.471396736825986 -0.8819212643483612 0
    outer loop
      vertex -25.384577380438003 18.206254516934624 -3.25
      vertex -25.384577380438003 18.206254516934624 0
      vertex -25.5 18.26794919243112 -3.25
    endloop
  endfacet
  facet normal -0.09801714032954259 -0.9951847266721986 0
    outer loop
      vertex -24.761052384440102 18.017110277252378 -3.25
      vertex -24.630806258460286 18.004282153522794 -3.25
      vertex -24.630806258460286 18.004282153522794 0
    endloop
  endfacet
  facet normal -0.03271908282178681 -0.9994645874763652 0
    outer loop
      vertex -24.630806258460286 18.004282153522794 -3.25
      vertex -24.5 18 -3.25
      vertex -24.5 18 0
    endloop
  endfacet
  facet normal 0.03271908282178681 -0.9994645874763652 0
    outer loop
      vertex -24.5 18 -3.25
      vertex -24.369193741539714 18.004282153522794 -3.25
      vertex -24.369193741539714 18.004282153522794 0
    endloop
  endfacet
  facet normal 0.09801714032954259 -0.9951847266721986 0
    outer loop
      vertex -24.369193741539714 18.004282153522794 -3.25
      vertex -24.238947615559898 18.017110277252378 -3.25
      vertex -24.238947615559898 18.017110277252378 0
    endloop
  endfacet
  facet normal 0.16289547339459642 -0.9866433320848778 0
    outer loop
      vertex -24.238947615559898 18.017110277252378 -3.25
      vertex -24.109819355967744 18.03842943919354 -3.25
      vertex -24.109819355967744 18.03842943919354 0
    endloop
  endfacet
  facet normal 0.2270762630343827 -0.9738769792773314 0
    outer loop
      vertex -24.109819355967744 18.03842943919354 -3.25
      vertex -23.98236190979496 18.068148347421864 -3.25
      vertex -23.98236190979496 18.068148347421864 0
    endloop
  endfacet
  facet normal 0.2902846772544449 -0.9569403357322143 0
    outer loop
      vertex -23.98236190979496 18.068148347421864 -3.25
      vertex -23.857121069393678 18.106139741009788 -3.25
      vertex -23.857121069393678 18.106139741009788 0
    endloop
  endfacet
  facet normal 0.352250047921249 -0.9359059267573199 0
    outer loop
      vertex -23.857121069393678 18.106139741009788 -3.25
      vertex -23.73463313526982 18.152240934977428 -3.25
      vertex -23.73463313526982 18.152240934977428 0
    endloop
  endfacet
  facet normal 0.41270702980439006 -0.910863824921178 0
    outer loop
      vertex -23.73463313526982 18.152240934977428 -3.25
      vertex -23.615422619561997 18.206254516934624 -3.25
      vertex -23.615422619561997 18.206254516934624 0
    endloop
  endfacet
  facet normal 0.471396736825986 -0.8819212643483612 0
    outer loop
      vertex -23.615422619561997 18.206254516934624 -3.25
      vertex -23.5 18.26794919243112 -3.25
      vertex -23.5 18.26794919243112 0
    endloop
  endfacet
  facet normal 0.5280678506503849 -0.8492021815265685 0
    outer loop
      vertex -23.5 18.26794919243112 -3.25
      vertex -23.388859533960797 18.33706077539491 -3.25
      vertex -23.388859533960797 18.33706077539491 0
    endloop
  endfacet
  facet normal 0.5824776968677894 -0.8128466845916245 0
    outer loop
      vertex -23.388859533960797 18.33706077539491 -3.25
      vertex -23.282477141982557 18.41329331941753 -3.25
      vertex -23.282477141982557 18.41329331941753 0
    endloop
  endfacet
  facet normal 0.6343932841636537 -0.7730104533627302 0
    outer loop
      vertex -23.282477141982557 18.41329331941753 -3.25
      vertex -23.18130836979986 18.496320385042047 -3.25
      vertex -23.18130836979986 18.496320385042047 0
    endloop
  endfacet
  facet normal 0.6835923020228611 -0.7298640726978451 0
    outer loop
      vertex -23.18130836979986 18.496320385042047 -3.25
      vertex -23.085786437626904 18.585786437626904 -3.25
      vertex -23.085786437626904 18.585786437626904 0
    endloop
  endfacet
  facet normal 0.7298640726978451 -0.6835923020228611 0
    outer loop
      vertex -23.085786437626904 18.585786437626904 -3.25
      vertex -22.996320385042047 18.68130836979986 -3.25
      vertex -22.996320385042047 18.68130836979986 0
    endloop
  endfacet
  facet normal 0.7730104533627302 -0.6343932841636537 0
    outer loop
      vertex -22.996320385042047 18.68130836979986 -3.25
      vertex -22.91329331941753 18.782477141982557 -3.25
      vertex -22.91329331941753 18.782477141982557 0
    endloop
  endfacet
  facet normal 0 0 -1
    outer loop
      vertex -26.46157056080646 19.609819355967744 -3.25
      vertex -26.482889722747622 19.738947615559898 -3.25
      vertex -26.46157056080646 20.390180644032256 -3.25
    endloop
  endfacet
  facet normal 0 0 -1
    outer loop
      vertex -26.482889722747622 19.738947615559898 -3.25
      vertex -26.495717846477206 19.869193741539714 -3.25
      vertex -26.482889722747622 20.261052384440102 -3.25
    endloop
  endfacet
  facet normal 0 0 -1
    outer loop
      vertex -26.495717846477206 19.869193741539714 -3.25
      vertex -26.5 20 -3.25
      vertex -26.495717846477206 20.130806258460286 -3.25
    endloop
  endfacet
  facet normal 0 0 -1
    outer loop
      vertex -26.495717846477206 19.869193741539714 -3.25
      vertex -26.495717846477206 20.130806258460286 -3.25
      vertex -26.482889722747622 20.261052384440102 -3.25
    endloop
  endfacet
  facet normal 0 0 -1
    outer loop
      vertex -26.482889722747622 19.738947615559898 -3.25
      vertex -26.482889722747622 20.261052384440102 -3.25
      vertex -26.46157056080646 20.390180644032256 -3.25
    endloop
  endfacet
  facet normal 0 0 -1
    outer loop
      vertex -26.46157056080646 19.609819355967744 -3.25
      vertex -26.46157056080646 20.390180644032256 -3.25
      vertex -26.431851652578136 20.51763809020504 -3.25
    endloop
  endfacet
  facet normal 0 0 -1
    outer loop
      vertex -26.431851652578136 19.48236190979496 -3.25
      vertex -26.431851652578136 20.51763809020504 -3.25
      vertex -26.393860258990212 20.642878930606322 -3.25
    endloop
  endfacet
  facet normal 0 0 -1
    outer loop
      vertex -26.393860258990212 19.357121069393678 -3.25
      vertex -26.393860258990212 20.642878930606322 -3.25
      vertex -26.347759065022572 20.76536686473018 -3.25
    endloop
  endfacet
  facet normal 0 0 -1
    outer loop
      vertex -26.347759065022572 19.23463313526982 -3.25
      vertex -26.347759065022572 20.76536686473018 -3.25
      vertex -26.293745483065376 20.884577380438003 -3.25
    endloop
  endfacet
  facet normal 0 0 -1
    outer loop
      vertex -26.293745483065376 19.115422619561997 -3.25
      vertex -26.293745483065376 20.884577380438003 -3.25
      vertex -26.23205080756888 21 -3.25
    endloop
  endfacet
  facet normal 0 0 -1
    outer loop
      vertex -26.23205080756888 19 -3.25
      vertex -26.23205080756888 21 -3.25
      vertex -26.16293922460509 21.111140466039203 -3.25
    endloop
  endfacet
  facet normal 0 0 -1
    outer loop
      vertex -26.16293922460509 18.888859533960797 -3.25
      vertex -26.16293922460509 21.111140466039203 -3.25
      vertex -26.08670668058247 21.217522858017443 -3.25
    endloop
  endfacet
  facet normal 0 0 -1
    outer loop
      vertex -26.08670668058247 18.782477141982557 -3.25
      vertex -26.08670668058247 21.217522858017443 -3.25
      vertex -26.003679614957953 21.31869163020014 -3.25
    endloop
  endfacet
  facet normal 0 0 -1
    outer loop
      vertex -26.003679614957953 18.68130836979986 -3.25
      vertex -26.003679614957953 21.31869163020014 -3.25
      vertex -25.914213562373096 21.414213562373096 -3.25
    endloop
  endfacet
  facet normal 0 0 -1
    outer loop
      vertex -25.914213562373096 18.585786437626904 -3.25
      vertex -25.914213562373096 21.414213562373096 -3.25
      vertex -25.81869163020014 21.503679614957953 -3.25
    endloop
  endfacet
  facet normal 0 0 -1
    outer loop
      vertex -25.81869163020014 18.496320385042047 -3.25
      vertex -25.81869163020014 21.503679614957953 -3.25
      vertex -25.717522858017443 21.58670668058247 -3.25
    endloop
  endfacet
  facet normal 0 0 -1
    outer loop
      vertex -25.717522858017443 18.41329331941753 -3.25
      vertex -25.717522858017443 21.58670668058247 -3.25
      vertex -25.611140466039203 21.66293922460509 -3.25
    endloop
  endfacet
  facet normal 0 0 -1
    outer loop
      vertex -25.611140466039203 18.33706077539491 -3.25
      vertex -25.611140466039203 21.66293922460509 -3.25
      vertex -25.5 21.73205080756888 -3.25
    endloop
  endfacet
  facet normal 0 0 -1
    outer loop
      vertex -25.5 18.26794919243112 -3.25
      vertex -25.5 21.73205080756888 -3.25
      vertex -25.384577380438003 21.793745483065376 -3.25
    endloop
  endfacet
  facet normal 0 0 -1
    outer loop
      vertex -25.384577380438003 18.206254516934624 -3.25
      vertex -25.384577380438003 21.793745483065376 -3.25
      vertex -25.26536686473018 21.847759065022572 -3.25
    endloop
  endfacet
  facet normal 0 0 -1
    outer loop
      vertex -25.26536686473018 18.152240934977428 -3.25
      vertex -25.26536686473018 21.847759065022572 -3.25
      vertex -25.142878930606322 21.893860258990212 -3.25
    endloop
  endfacet
  facet normal 0 0 -1
    outer loop
      vertex -25.142878930606322 18.106139741009788 -3.25
      vertex -25.142878930606322 21.893860258990212 -3.25
      vertex -25.01763809020504 21.931851652578136 -3.25
    endloop
  endfacet
  facet normal 0 0 -1
    outer loop
      vertex -25.01763809020504 18.068148347421864 -3.25
      vertex -25.01763809020504 21.931851652578136 -3.25
      vertex -24.890180644032256 21.96157056080646 -3.25
    endloop
  endfacet
  facet normal 0 0 -1
    outer loop
      vertex -24.890180644032256 18.03842943919354 -3.25
      vertex -24.890180644032256 21.96157056080646 -3.25
      vertex -24.761052384440102 21.982889722747622 -3.25
    endloop
  endfacet
  facet normal 0 0 -1
    outer loop
      vertex -24.761052384440102 18.017110277252378 -3.25
      vertex -24.761052384440102 21.982889722747622 -3.25
      vertex -24.630806258460286 21.995717846477206 -3.25
    endloop
  endfacet
  facet normal 0 0 -1
    outer loop
      vertex -24.630806258460286 18.004282153522794 -3.25
      vertex -24.630806258460286 21.995717846477206 -3.25
      vertex -24.5 22 -3.25
    endloop
  endfacet
  facet normal 0 0 -1
    outer loop
      vertex -24.5 18 -3.25
      vertex -24.5 22 -3.25
      vertex -24.369193741539714 21.995717846477206 -3.25
    endloop
  endfacet
  facet normal 0 0 -1
    outer loop
      vertex -24.369193741539714 18.004282153522794 -3.25
      vertex -24.369193741539714 21.995717846477206 -3.25
      vertex -24.238947615559898 21.982889722747622 -3.25
    endloop
  endfacet
  facet normal 0 0 -1
    outer loop
      vertex -24.238947615559898 18.017110277252378 -3.25
      vertex -24.238947615559898 21.982889722747622 -3.25
      vertex -24.109819355967744 21.96157056080646 -3.25
    endloop
  endfacet
  facet normal 0 0 -1
    outer loop
      vertex -24.109819355967744 18.03842943919354 -3.25
      vertex -24.109819355967744 21.96157056080646 -3.25
      vertex -23.98236190979496 21.931851652578136 -3.25
    endloop
  endfacet
  facet normal 0 0 -1
    outer loop
      vertex -23.98236190979496 18.068148347421864 -3.25
      vertex -23.98236190979496 21.931851652578136 -3.25
      vertex -23.857121069393678 21.893860258990212 -3.25
    endloop
  endfacet
  facet normal 0 0 -1
    outer loop
      vertex -23.857121069393678 18.106139741009788 -3.25
      vertex -23.857121069393678 21.893860258990212 -3.25
      vertex -23.73463313526982 21.847759065022572 -3.25
    endloop
  endfacet
  facet normal 0 0 -1
    outer loop
      vertex -23.73463313526982 18.152240934977428 -3.25
      vertex -23.73463313526982 21.847759065022572 -3.25
      vertex -23.615422619561997 21.793745483065376 -3.25
    endloop
  endfacet
  facet normal 0 0 -1
    outer loop
      vertex -23.615422619561997 18.206254516934624 -3.25
      vertex -23.615422619561997 21.793745483065376 -3.25
      vertex -23.5 21.73205080756888 -3.25
    endloop
  endfacet
  facet normal 0 0 -1
    outer loop
      vertex -23.5 18.26794919243112 -3.25
      vertex -23.5 21.73205080756888 -3.25
      vertex -23.388859533960797 21.66293922460509 -3.25
    endloop
  endfacet
  facet normal 0 0 -1
    outer loop
      vertex -23.388859533960797 18.33706077539491 -3.25
      vertex -23.388859533960797 21.66293922460509 -3.25
      vertex -23.282477141982557 21.58670668058247 -3.25
    endloop
  endfacet
  facet normal 0 0 -1
    outer loop
      vertex -23.18130836979986 18.496320385042047 -3.25
      vertex -23.18130836979986 21.503679614957953 -3.25
      vertex -23.085786437626904 21.414213562373096 -3.25
    endloop
  endfacet
  facet normal 0 0 -1
    outer loop
      vertex -23.282477141982557 18.41329331941753 -3.25
      vertex -23.282477141982557 21.58670668058247 -3.25
      vertex -23.18130836979986 21.503679614957953 -3.25
    endloop
  endfacet
  facet normal 0 0 -1
    outer loop
      vertex -23.085786437626904 18.585786437626904 -3.25
      vertex -23.085786437626904 21.414213562373096 -3.25
      vertex -22.996320385042047 21.31869163020014 -3.25
    endloop
  endfacet
  facet normal 0 0 -1
    outer loop
      vertex -22.91329331941753 18.782477141982557 -3.25
      vertex -22.91329331941753 21.217522858017443 -3.25
      vertex -22.83706077539491 21.111140466039203 -3.25
    endloop
  endfacet
  facet normal 0 0 -1
    outer loop
      vertex -22.996320385042047 18.68130836979986 -3.25
      vertex -22.996320385042047 21.31869163020014 -3.25
      vertex -22.91329331941753 21.217522858017443 -3.25
    endloop
  endfacet
  facet normal -0.9994645874763652 -0.03271908282178681 0
    outer loop
      vertex -26.495717846477206 19.869193741539714 -3.25
      vertex -26.495717846477206 19.869193741539714 0
      vertex -26.5 20 -3.25
    endloop
  endfacet
  facet normal -0.9994645874763652 0.03271908282178681 0
    outer loop
      vertex -26.5 20 -3.25
      vertex -26.5 20 0
      vertex -26.495717846477206 20.130806258460286 -3.25
    endloop
  endfacet
  facet normal -0.9951847266721986 0.09801714032954259 0
    outer loop
      vertex -26.495717846477206 20.130806258460286 -3.25
      vertex -26.495717846477206 20.130806258460286 0
      vertex -26.482889722747622 20.261052384440102 -3.25
    endloop
  endfacet
  facet normal -0.9866433320848778 0.16289547339459642 0
    outer loop
      vertex -26.482889722747622 20.261052384440102 -3.25
      vertex -26.482889722747622 20.261052384440102 0
      vertex -26.46157056080646 20.390180644032256 -3.25
    endloop
  endfacet
  facet normal -0.9738769792773314 0.2270762630343827 0
    outer loop
      vertex -26.46157056080646 20.390180644032256 -3.25
      vertex -26.46157056080646 20.390180644032256 0
      vertex -26.431851652578136 20.51763809020504 -3.25
    endloop
  endfacet
  facet normal -0.9569403357322143 0.2902846772544449 0
    outer loop
      vertex -26.431851652578136 20.51763809020504 -3.25
      vertex -26.431851652578136 20.51763809020504 0
      vertex -26.393860258990212 20.642878930606322 -3.25
    endloop
  endfacet
  facet normal -0.9359059267573199 0.352250047921249 0
    outer loop
      vertex -26.393860258990212 20.642878930606322 -3.25
      vertex -26.393860258990212 20.642878930606322 0
      vertex -26.347759065022572 20.76536686473018 -3.25
    endloop
  endfacet
  facet normal -0.910863824921178 0.41270702980439006 0
    outer loop
      vertex -26.347759065022572 20.76536686473018 -3.25
      vertex -26.347759065022572 20.76536686473018 0
      vertex -26.293745483065376 20.884577380438003 -3.25
    endloop
  endfacet
  facet normal -0.8819212643483612 0.471396736825986 0
    outer loop
      vertex -26.293745483065376 20.884577380438003 -3.25
      vertex -26.293745483065376 20.884577380438003 0
      vertex -26.23205080756888 21 -3.25
    endloop
  endfacet
  facet normal -0.8492021815265685 0.5280678506503849 0
    outer loop
      vertex -26.23205080756888 21 -3.25
      vertex -26.23205080756888 21 0
      vertex -26.16293922460509 21.111140466039203 -3.25
    endloop
  endfacet
  facet normal -0.8128466845916245 0.5824776968677894 0
    outer loop
      vertex -26.16293922460509 21.111140466039203 -3.25
      vertex -26.16293922460509 21.111140466039203 0
      vertex -26.08670668058247 21.217522858017443 -3.25
    endloop
  endfacet
  facet normal -0.7730104533627302 0.6343932841636537 0
    outer loop
      vertex -26.08670668058247 21.217522858017443 -3.25
      vertex -26.08670668058247 21.217522858017443 0
      vertex -26.003679614957953 21.31869163020014 -3.25
    endloop
  endfacet
  facet normal -0.7298640726978451 0.6835923020228611 0
    outer loop
      vertex -26.003679614957953 21.31869163020014 -3.25
      vertex -26.003679614957953 21.31869163020014 0
      vertex -25.914213562373096 21.414213562373096 -3.25
    endloop
  endfacet
  facet normal -0.6835923020228611 0.7298640726978451 0
    outer loop
      vertex -25.914213562373096 21.414213562373096 -3.25
      vertex -25.914213562373096 21.414213562373096 0
      vertex -25.81869163020014 21.503679614957953 -3.25
    endloop
  endfacet
  facet normal -0.6343932841636537 0.7730104533627302 0
    outer loop
      vertex -25.81869163020014 21.503679614957953 -3.25
      vertex -25.81869163020014 21.503679614957953 0
      vertex -25.717522858017443 21.58670668058247 -3.25
    endloop
  endfacet
  facet normal -0.5824776968677894 0.8128466845916245 0
    outer loop
      vertex -25.717522858017443 21.58670668058247 -3.25
      vertex -25.717522858017443 21.58670668058247 0
      vertex -25.611140466039203 21.66293922460509 -3.25
    endloop
  endfacet
  facet normal -0.5280678506503849 0.8492021815265685 0
    outer loop
      vertex -25.611140466039203 21.66293922460509 -3.25
      vertex -25.611140466039203 21.66293922460509 0
      vertex -25.5 21.73205080756888 -3.25
    endloop
  endfacet
  facet normal -0.471396736825986 0.8819212643483612 0
    outer loop
      vertex -25.5 21.73205080756888 -3.25
      vertex -25.5 21.73205080756888 0
      vertex -25.384577380438003 21.793745483065376 -3.25
    endloop
  endfacet
  facet normal -0.41270702980439006 0.910863824921178 0
    outer loop
      vertex -25.384577380438003 21.793745483065376 -3.25
      vertex -25.384577380438003 21.793745483065376 0
      vertex -25.26536686473018 21.847759065022572 -3.25
    endloop
  endfacet
  facet normal -0.352250047921249 0.9359059267573199 0
    outer loop
      vertex -25.26536686473018 21.847759065022572 -3.25
      vertex -25.26536686473018 21.847759065022572 0
      vertex -25.142878930606322 21.893860258990212 -3.25
    endloop
  endfacet
  facet normal -0.2902846772544449 0.9569403357322143 0
    outer loop
      vertex -25.142878930606322 21.893860258990212 -3.25
      vertex -25.142878930606322 21.893860258990212 0
      vertex -25.01763809020504 21.931851652578136 -3.25
    endloop
  endfacet
  facet normal -0.2270762630343827 0.9738769792773314 0
    outer loop
      vertex -25.01763809020504 21.931851652578136 -3.25
      vertex -25.01763809020504 21.931851652578136 0
      vertex -24.890180644032256 21.96157056080646 -3.25
    endloop
  endfacet
  facet normal -0.16289547339459642 0.9866433320848778 0
    outer loop
      vertex -24.890180644032256 21.96157056080646 -3.25
      vertex -24.890180644032256 21.96157056080646 0
      vertex -24.761052384440102 21.982889722747622 -3.25
    endloop
  endfacet
  facet normal 0.6835923020228611 0.7298640726978451 0
    outer loop
      vertex -23.085786437626904 21.414213562373096 -3.25
      vertex -23.18130836979986 21.503679614957953 -3.25
      vertex -23.18130836979986 21.503679614957953 0
    endloop
  endfacet
  facet normal 0.8128466845916245 0.5824776968677894 0
    outer loop
      vertex -22.83706077539491 21.111140466039203 -3.25
      vertex -22.91329331941753 21.217522858017443 -3.25
      vertex -22.91329331941753 21.217522858017443 0
    endloop
  endfacet
  facet normal 0.7730104533627302 0.6343932841636537 0
    outer loop
      vertex -22.91329331941753 21.217522858017443 -3.25
      vertex -22.996320385042047 21.31869163020014 -3.25
      vertex -22.996320385042047 21.31869163020014 0
    endloop
  endfacet
  facet normal 0.7298640726978451 0.6835923020228611 0
    outer loop
      vertex -23.085786437626904 21.414213562373096 -3.25
      vertex -23.085786437626904 21.414213562373096 0
      vertex -22.996320385042047 21.31869163020014 -3.25
    endloop
  endfacet
  facet normal -0.09801714032954259 0.9951847266721986 0
    outer loop
      vertex -24.761052384440102 21.982889722747622 -3.25
      vertex -24.761052384440102 21.982889722747622 0
      vertex -24.630806258460286 21.995717846477206 -3.25
    endloop
  endfacet
  facet normal -0.03271908282178681 0.9994645874763652 0
    outer loop
      vertex -24.630806258460286 21.995717846477206 -3.25
      vertex -24.630806258460286 21.995717846477206 0
      vertex -24.5 22 -3.25
    endloop
  endfacet
  facet normal 0.03271908282178681 0.9994645874763652 0
    outer loop
      vertex -24.5 22 -3.25
      vertex -24.5 22 0
      vertex -24.369193741539714 21.995717846477206 -3.25
    endloop
  endfacet
  facet normal 0.09801714032954259 0.9951847266721986 0
    outer loop
      vertex -24.369193741539714 21.995717846477206 -3.25
      vertex -24.369193741539714 21.995717846477206 0
      vertex -24.238947615559898 21.982889722747622 -3.25
    endloop
  endfacet
  facet normal 0.2902846772544449 0.9569403357322143 0
    outer loop
      vertex -23.98236190979496 21.931851652578136 -3.25
      vertex -23.98236190979496 21.931851652578136 0
      vertex -23.857121069393678 21.893860258990212 -3.25
    endloop
  endfacet
  facet normal 0.16289547339459642 0.9866433320848778 0
    outer loop
      vertex -24.238947615559898 21.982889722747622 -3.25
      vertex -24.238947615559898 21.982889722747622 0
      vertex -24.109819355967744 21.96157056080646 -3.25
    endloop
  endfacet
  facet normal 0.2270762630343827 0.9738769792773314 0
    outer loop
      vertex -24.109819355967744 21.96157056080646 -3.25
      vertex -24.109819355967744 21.96157056080646 0
      vertex -23.98236190979496 21.931851652578136 -3.25
    endloop
  endfacet
  facet normal 0.352250047921249 0.9359059267573199 0
    outer loop
      vertex -23.857121069393678 21.893860258990212 -3.25
      vertex -23.857121069393678 21.893860258990212 0
      vertex -23.73463313526982 21.847759065022572 -3.25
    endloop
  endfacet
  facet normal 0.41270702980439006 0.910863824921178 0
    outer loop
      vertex -23.615422619561997 21.793745483065376 -3.25
      vertex -23.73463313526982 21.847759065022572 -3.25
      vertex -23.73463313526982 21.847759065022572 0
    endloop
  endfacet
  facet normal 0.5280678506503849 0.8492021815265685 0
    outer loop
      vertex -23.5 21.73205080756888 -3.25
      vertex -23.5 21.73205080756888 0
      vertex -23.388859533960797 21.66293922460509 -3.25
    endloop
  endfacet
  facet normal 0.5824776968677894 0.8128466845916245 0
    outer loop
      vertex -23.282477141982557 21.58670668058247 -3.25
      vertex -23.388859533960797 21.66293922460509 -3.25
      vertex -23.388859533960797 21.66293922460509 0
    endloop
  endfacet
  facet normal 0.471396736825986 0.8819212643483612 0
    outer loop
      vertex -23.615422619561997 21.793745483065376 -3.25
      vertex -23.615422619561997 21.793745483065376 0
      vertex -23.5 21.73205080756888 -3.25
    endloop
  endfacet
  facet normal 0.6343932841636537 0.7730104533627302 0
    outer loop
      vertex -23.282477141982557 21.58670668058247 -3.25
      vertex -23.282477141982557 21.58670668058247 0
      vertex -23.18130836979986 21.503679614957953 -3.25
    endloop
  endfacet
  facet normal 0 0 -1
    outer loop
      vertex -22.91329331941753 18.782477141982557 -3.25
      vertex -22.83706077539491 21.111140466039203 -3.25
      vertex -22.83706077539491 18.888859533960797 -3.25
    endloop
  endfacet
  facet normal 0 0 -1
    outer loop
      vertex -22.83706077539491 18.888859533960797 -3.25
      vertex -22.76794919243112 21 -3.25
      vertex -22.76794919243112 19 -3.25
    endloop
  endfacet
  facet normal 0 0 -1
    outer loop
      vertex -22.76794919243112 19 -3.25
      vertex -22.706254516934624 20.884577380438003 -3.25
      vertex -22.706254516934624 19.115422619561997 -3.25
    endloop
  endfacet
  facet normal 0 0 -1
    outer loop
      vertex -22.706254516934624 19.115422619561997 -3.25
      vertex -22.652240934977428 20.76536686473018 -3.25
      vertex -22.652240934977428 19.23463313526982 -3.25
    endloop
  endfacet
  facet normal 0 0 -1
    outer loop
      vertex -22.652240934977428 19.23463313526982 -3.25
      vertex -22.606139741009788 20.642878930606322 -3.25
      vertex -22.606139741009788 19.357121069393678 -3.25
    endloop
  endfacet
  facet normal 0 0 -1
    outer loop
      vertex -22.606139741009788 19.357121069393678 -3.25
      vertex -22.568148347421864 20.51763809020504 -3.25
      vertex -22.568148347421864 19.48236190979496 -3.25
    endloop
  endfacet
  facet normal 0 0 -1
    outer loop
      vertex -22.568148347421864 19.48236190979496 -3.25
      vertex -22.53842943919354 20.390180644032256 -3.25
      vertex -22.53842943919354 19.609819355967744 -3.25
    endloop
  endfacet
  facet normal 0 0 -1
    outer loop
      vertex -22.53842943919354 19.609819355967744 -3.25
      vertex -22.517110277252378 20.261052384440102 -3.25
      vertex -22.517110277252378 19.738947615559898 -3.25
    endloop
  endfacet
  facet normal 0.8128466845916245 -0.5824776968677894 0
    outer loop
      vertex -22.91329331941753 18.782477141982557 -3.25
      vertex -22.83706077539491 18.888859533960797 -3.25
      vertex -22.83706077539491 18.888859533960797 0
    endloop
  endfacet
  facet normal 0.8492021815265685 -0.5280678506503849 0
    outer loop
      vertex -22.83706077539491 18.888859533960797 -3.25
      vertex -22.76794919243112 19 -3.25
      vertex -22.76794919243112 19 0
    endloop
  endfacet
  facet normal 0.8819212643483612 -0.471396736825986 0
    outer loop
      vertex -22.76794919243112 19 -3.25
      vertex -22.706254516934624 19.115422619561997 -3.25
      vertex -22.706254516934624 19.115422619561997 0
    endloop
  endfacet
  facet normal 0.910863824921178 -0.41270702980439006 0
    outer loop
      vertex -22.706254516934624 19.115422619561997 -3.25
      vertex -22.652240934977428 19.23463313526982 -3.25
      vertex -22.652240934977428 19.23463313526982 0
    endloop
  endfacet
  facet normal 0.9359059267573199 -0.352250047921249 0
    outer loop
      vertex -22.652240934977428 19.23463313526982 -3.25
      vertex -22.606139741009788 19.357121069393678 -3.25
      vertex -22.606139741009788 19.357121069393678 0
    endloop
  endfacet
  facet normal 0.9569403357322143 -0.2902846772544449 0
    outer loop
      vertex -22.606139741009788 19.357121069393678 -3.25
      vertex -22.568148347421864 19.48236190979496 -3.25
      vertex -22.568148347421864 19.48236190979496 0
    endloop
  endfacet
  facet normal 0.9738769792773314 -0.2270762630343827 0
    outer loop
      vertex -22.568148347421864 19.48236190979496 -3.25
      vertex -22.53842943919354 19.609819355967744 -3.25
      vertex -22.53842943919354 19.609819355967744 0
    endloop
  endfacet
  facet normal 0.9866433320848778 -0.16289547339459642 0
    outer loop
      vertex -22.53842943919354 19.609819355967744 -3.25
      vertex -22.517110277252378 19.738947615559898 -3.25
      vertex -22.517110277252378 19.738947615559898 0
    endloop
  endfacet
  facet normal 0.9951847266721986 -0.09801714032954259 0
    outer loop
      vertex -22.517110277252378 19.738947615559898 -3.25
      vertex -22.504282153522794 19.869193741539714 -3.25
      vertex -22.504282153522794 19.869193741539714 0
    endloop
  endfacet
  facet normal 0 0 -1
    outer loop
      vertex -22.652240934977428 19.23463313526982 -3.25
      vertex -22.652240934977428 20.76536686473018 -3.25
      vertex -22.606139741009788 20.642878930606322 -3.25
    endloop
  endfacet
  facet normal 0 0 -1
    outer loop
      vertex -22.706254516934624 19.115422619561997 -3.25
      vertex -22.706254516934624 20.884577380438003 -3.25
      vertex -22.652240934977428 20.76536686473018 -3.25
    endloop
  endfacet
  facet normal 0 0 -1
    outer loop
      vertex -22.517110277252378 19.738947615559898 -3.25
      vertex -22.504282153522794 20.130806258460286 -3.25
      vertex -22.504282153522794 19.869193741539714 -3.25
    endloop
  endfacet
  facet normal 0 0 -1
    outer loop
      vertex -22.504282153522794 19.869193741539714 -3.25
      vertex -22.504282153522794 20.130806258460286 -3.25
      vertex -22.5 20 -3.25
    endloop
  endfacet
  facet normal 0 0 -1
    outer loop
      vertex -22.517110277252378 19.738947615559898 -3.25
      vertex -22.517110277252378 20.261052384440102 -3.25
      vertex -22.504282153522794 20.130806258460286 -3.25
    endloop
  endfacet
  facet normal 0 0 -1
    outer loop
      vertex -22.606139741009788 19.357121069393678 -3.25
      vertex -22.606139741009788 20.642878930606322 -3.25
      vertex -22.568148347421864 20.51763809020504 -3.25
    endloop
  endfacet
  facet normal 0 0 -1
    outer loop
      vertex -22.53842943919354 19.609819355967744 -3.25
      vertex -22.53842943919354 20.390180644032256 -3.25
      vertex -22.517110277252378 20.261052384440102 -3.25
    endloop
  endfacet
  facet normal 0 0 -1
    outer loop
      vertex -22.568148347421864 19.48236190979496 -3.25
      vertex -22.568148347421864 20.51763809020504 -3.25
      vertex -22.53842943919354 20.390180644032256 -3.25
    endloop
  endfacet
  facet normal 0 0 -1
    outer loop
      vertex -22.83706077539491 18.888859533960797 -3.25
      vertex -22.83706077539491 21.111140466039203 -3.25
      vertex -22.76794919243112 21 -3.25
    endloop
  endfacet
  facet normal 0 0 -1
    outer loop
      vertex -22.76794919243112 19 -3.25
      vertex -22.76794919243112 21 -3.25
      vertex -22.706254516934624 20.884577380438003 -3.25
    endloop
  endfacet
  facet normal 0.9994645874763652 -0.03271908282178681 0
    outer loop
      vertex -22.504282153522794 19.869193741539714 -3.25
      vertex -22.5 20 -3.25
      vertex -22.5 20 0
    endloop
  endfacet
  facet normal 0.9994645874763652 0.03271908282178681 0
    outer loop
      vertex -22.5 20 -3.25
      vertex -22.504282153522794 20.130806258460286 -3.25
      vertex -22.504282153522794 20.130806258460286 0
    endloop
  endfacet
  facet normal 0.9951847266721986 0.09801714032954259 0
    outer loop
      vertex -22.504282153522794 20.130806258460286 -3.25
      vertex -22.517110277252378 20.261052384440102 -3.25
      vertex -22.517110277252378 20.261052384440102 0
    endloop
  endfacet
  facet normal 0.9866433320848778 0.16289547339459642 0
    outer loop
      vertex -22.517110277252378 20.261052384440102 -3.25
      vertex -22.53842943919354 20.390180644032256 -3.25
      vertex -22.53842943919354 20.390180644032256 0
    endloop
  endfacet
  facet normal 0.9738769792773314 0.2270762630343827 0
    outer loop
      vertex -22.568148347421864 20.51763809020504 -3.25
      vertex -22.568148347421864 20.51763809020504 0
      vertex -22.53842943919354 20.390180644032256 -3.25
    endloop
  endfacet
  facet normal 0.9569403357322143 0.2902846772544449 0
    outer loop
      vertex -22.568148347421864 20.51763809020504 -3.25
      vertex -22.606139741009788 20.642878930606322 -3.25
      vertex -22.606139741009788 20.642878930606322 0
    endloop
  endfacet
  facet normal 0.9359059267573199 0.352250047921249 0
    outer loop
      vertex -22.606139741009788 20.642878930606322 -3.25
      vertex -22.652240934977428 20.76536686473018 -3.25
      vertex -22.652240934977428 20.76536686473018 0
    endloop
  endfacet
  facet normal 0.910863824921178 0.41270702980439006 0
    outer loop
      vertex -22.652240934977428 20.76536686473018 -3.25
      vertex -22.706254516934624 20.884577380438003 -3.25
      vertex -22.706254516934624 20.884577380438003 0
    endloop
  endfacet
  facet normal 0.8492021815265685 0.5280678506503849 0
    outer loop
      vertex -22.83706077539491 21.111140466039203 -3.25
      vertex -22.83706077539491 21.111140466039203 0
      vertex -22.76794919243112 21 -3.25
    endloop
  endfacet
  facet normal 0.8819212643483612 0.471396736825986 0
    outer loop
      vertex -22.706254516934624 20.884577380438003 -3.25
      vertex -22.76794919243112 21 -3.25
      vertex -22.76794919243112 21 0
    endloop
  endfacet
  facet normal -0.41270702980439006 -0.910863824921178 0
    outer loop
      vertex -25.384577380438003 18.206254516934624 -3.25
      vertex -25.26536686473018 18.152240934977428 0
      vertex -25.384577380438003 18.206254516934624 0
    endloop
  endfacet
  facet normal -0.352250047921249 -0.9359059267573199 0
    outer loop
      vertex -25.26536686473018 18.152240934977428 -3.25
      vertex -25.142878930606322 18.106139741009788 0
      vertex -25.26536686473018 18.152240934977428 0
    endloop
  endfacet
  facet normal -0.2902846772544449 -0.9569403357322143 0
    outer loop
      vertex -25.142878930606322 18.106139741009788 -3.25
      vertex -25.01763809020504 18.068148347421864 0
      vertex -25.142878930606322 18.106139741009788 0
    endloop
  endfacet
  facet normal -0.2270762630343827 -0.9738769792773314 0
    outer loop
      vertex -25.01763809020504 18.068148347421864 -3.25
      vertex -24.890180644032256 18.03842943919354 0
      vertex -25.01763809020504 18.068148347421864 0
    endloop
  endfacet
  facet normal -0.16289547339459642 -0.9866433320848778 0
    outer loop
      vertex -24.890180644032256 18.03842943919354 -3.25
      vertex -24.761052384440102 18.017110277252378 0
      vertex -24.890180644032256 18.03842943919354 0
    endloop
  endfacet
  facet normal -0.6835923020228611 -0.7298640726978451 0
    outer loop
      vertex -25.914213562373096 18.585786437626904 -3.25
      vertex -25.81869163020014 18.496320385042047 0
      vertex -25.914213562373096 18.585786437626904 0
    endloop
  endfacet
  facet normal -0.6343932841636537 -0.7730104533627302 0
    outer loop
      vertex -25.81869163020014 18.496320385042047 -3.25
      vertex -25.717522858017443 18.41329331941753 0
      vertex -25.81869163020014 18.496320385042047 0
    endloop
  endfacet
  facet normal -0.7298640726978451 -0.6835923020228611 0
    outer loop
      vertex -26.003679614957953 18.68130836979986 -3.25
      vertex -25.914213562373096 18.585786437626904 0
      vertex -26.003679614957953 18.68130836979986 0
    endloop
  endfacet
  facet normal -0.7730104533627302 -0.6343932841636537 0
    outer loop
      vertex -26.08670668058247 18.782477141982557 -3.25
      vertex -26.003679614957953 18.68130836979986 0
      vertex -26.08670668058247 18.782477141982557 0
    endloop
  endfacet
  facet normal -0.8128466845916245 -0.5824776968677894 0
    outer loop
      vertex -26.16293922460509 18.888859533960797 -3.25
      vertex -26.08670668058247 18.782477141982557 0
      vertex -26.16293922460509 18.888859533960797 0
    endloop
  endfacet
  facet normal -0.8492021815265685 -0.5280678506503849 0
    outer loop
      vertex -26.23205080756888 19 -3.25
      vertex -26.16293922460509 18.888859533960797 0
      vertex -26.23205080756888 19 0
    endloop
  endfacet
  facet normal -0.8819212643483612 -0.471396736825986 0
    outer loop
      vertex -26.293745483065376 19.115422619561997 -3.25
      vertex -26.23205080756888 19 0
      vertex -26.293745483065376 19.115422619561997 0
    endloop
  endfacet
  facet normal -0.910863824921178 -0.41270702980439006 0
    outer loop
      vertex -26.347759065022572 19.23463313526982 -3.25
      vertex -26.293745483065376 19.115422619561997 0
      vertex -26.347759065022572 19.23463313526982 0
    endloop
  endfacet
  facet normal -0.9359059267573199 -0.352250047921249 0
    outer loop
      vertex -26.393860258990212 19.357121069393678 -3.25
      vertex -26.347759065022572 19.23463313526982 0
      vertex -26.393860258990212 19.357121069393678 0
    endloop
  endfacet
  facet normal -0.9569403357322143 -0.2902846772544449 0
    outer loop
      vertex -26.431851652578136 19.48236190979496 -3.25
      vertex -26.393860258990212 19.357121069393678 0
      vertex -26.431851652578136 19.48236190979496 0
    endloop
  endfacet
  facet normal -0.9738769792773314 -0.2270762630343827 0
    outer loop
      vertex -26.46157056080646 19.609819355967744 -3.25
      vertex -26.431851652578136 19.48236190979496 0
      vertex -26.46157056080646 19.609819355967744 0
    endloop
  endfacet
  facet normal -0.9866433320848778 -0.16289547339459642 0
    outer loop
      vertex -26.482889722747622 19.738947615559898 -3.25
      vertex -26.46157056080646 19.609819355967744 0
      vertex -26.482889722747622 19.738947615559898 0
    endloop
  endfacet
  facet normal -0.9951847266721986 -0.09801714032954259 0
    outer loop
      vertex -26.495717846477206 19.869193741539714 -3.25
      vertex -26.482889722747622 19.738947615559898 0
      vertex -26.495717846477206 19.869193741539714 0
    endloop
  endfacet
  facet normal -0.5824776968677894 -0.8128466845916245 0
    outer loop
      vertex -25.717522858017443 18.41329331941753 -3.25
      vertex -25.611140466039203 18.33706077539491 0
      vertex -25.717522858017443 18.41329331941753 0
    endloop
  endfacet
  facet normal -0.5280678506503849 -0.8492021815265685 0
    outer loop
      vertex -25.611140466039203 18.33706077539491 -3.25
      vertex -25.5 18.26794919243112 0
      vertex -25.611140466039203 18.33706077539491 0
    endloop
  endfacet
  facet normal -0.471396736825986 -0.8819212643483612 0
    outer loop
      vertex -25.5 18.26794919243112 -3.25
      vertex -25.384577380438003 18.206254516934624 0
      vertex -25.5 18.26794919243112 0
    endloop
  endfacet
  facet normal -0.03271908282178681 -0.9994645874763652 0
    outer loop
      vertex -24.630806258460286 18.004282153522794 -3.25
      vertex -24.5 18 0
      vertex -24.630806258460286 18.004282153522794 0
    endloop
  endfacet
  facet normal -0.09801714032954259 -0.9951847266721986 0
    outer loop
      vertex -24.761052384440102 18.017110277252378 -3.25
      vertex -24.630806258460286 18.004282153522794 0
      vertex -24.761052384440102 18.017110277252378 0
    endloop
  endfacet
  facet normal 0.03271908282178681 -0.9994645874763652 0
    outer loop
      vertex -24.5 18 -3.25
      vertex -24.369193741539714 18.004282153522794 0
      vertex -24.5 18 0
    endloop
  endfacet
  facet normal 0.09801714032954259 -0.9951847266721986 0
    outer loop
      vertex -24.369193741539714 18.004282153522794 -3.25
      vertex -24.238947615559898 18.017110277252378 0
      vertex -24.369193741539714 18.004282153522794 0
    endloop
  endfacet
  facet normal 0.16289547339459642 -0.9866433320848778 0
    outer loop
      vertex -24.238947615559898 18.017110277252378 -3.25
      vertex -24.109819355967744 18.03842943919354 0
      vertex -24.238947615559898 18.017110277252378 0
    endloop
  endfacet
  facet normal 0.2270762630343827 -0.9738769792773314 0
    outer loop
      vertex -24.109819355967744 18.03842943919354 -3.25
      vertex -23.98236190979496 18.068148347421864 0
      vertex -24.109819355967744 18.03842943919354 0
    endloop
  endfacet
  facet normal 0.2902846772544449 -0.9569403357322143 0
    outer loop
      vertex -23.98236190979496 18.068148347421864 -3.25
      vertex -23.857121069393678 18.106139741009788 0
      vertex -23.98236190979496 18.068148347421864 0
    endloop
  endfacet
  facet normal 0.352250047921249 -0.9359059267573199 0
    outer loop
      vertex -23.857121069393678 18.106139741009788 -3.25
      vertex -23.73463313526982 18.152240934977428 0
      vertex -23.857121069393678 18.106139741009788 0
    endloop
  endfacet
  facet normal 0.41270702980439006 -0.910863824921178 0
    outer loop
      vertex -23.73463313526982 18.152240934977428 -3.25
      vertex -23.615422619561997 18.206254516934624 0
      vertex -23.73463313526982 18.152240934977428 0
    endloop
  endfacet
  facet normal 0.471396736825986 -0.8819212643483612 0
    outer loop
      vertex -23.615422619561997 18.206254516934624 -3.25
      vertex -23.5 18.26794919243112 0
      vertex -23.615422619561997 18.206254516934624 0
    endloop
  endfacet
  facet normal 0.5280678506503849 -0.8492021815265685 0
    outer loop
      vertex -23.5 18.26794919243112 -3.25
      vertex -23.388859533960797 18.33706077539491 0
      vertex -23.5 18.26794919243112 0
    endloop
  endfacet
  facet normal 0.5824776968677894 -0.8128466845916245 0
    outer loop
      vertex -23.388859533960797 18.33706077539491 -3.25
      vertex -23.282477141982557 18.41329331941753 0
      vertex -23.388859533960797 18.33706077539491 0
    endloop
  endfacet
  facet normal 0.6343932841636537 -0.7730104533627302 0
    outer loop
      vertex -23.282477141982557 18.41329331941753 -3.25
      vertex -23.18130836979986 18.496320385042047 0
      vertex -23.282477141982557 18.41329331941753 0
    endloop
  endfacet
  facet normal 0.6835923020228611 -0.7298640726978451 0
    outer loop
      vertex -23.18130836979986 18.496320385042047 -3.25
      vertex -23.085786437626904 18.585786437626904 0
      vertex -23.18130836979986 18.496320385042047 0
    endloop
  endfacet
  facet normal 0.7298640726978451 -0.6835923020228611 0
    outer loop
      vertex -23.085786437626904 18.585786437626904 -3.25
      vertex -22.996320385042047 18.68130836979986 0
      vertex -23.085786437626904 18.585786437626904 0
    endloop
  endfacet
  facet normal 0.7730104533627302 -0.6343932841636537 0
    outer loop
      vertex -22.996320385042047 18.68130836979986 -3.25
      vertex -22.91329331941753 18.782477141982557 0
      vertex -22.996320385042047 18.68130836979986 0
    endloop
  endfacet
  facet normal 0.8128466845916245 -0.5824776968677894 0
    outer loop
      vertex -22.91329331941753 18.782477141982557 -3.25
      vertex -22.83706077539491 18.888859533960797 0
      vertex -22.91329331941753 18.782477141982557 0
    endloop
  endfacet
  facet normal -0.9994645874763652 -0.03271908282178681 0
    outer loop
      vertex -26.5 20 -3.25
      vertex -26.495717846477206 19.869193741539714 0
      vertex -26.5 20 0
    endloop
  endfacet
  facet normal -0.9994645874763652 0.03271908282178681 0
    outer loop
      vertex -26.495717846477206 20.130806258460286 -3.25
      vertex -26.5 20 0
      vertex -26.495717846477206 20.130806258460286 0
    endloop
  endfacet
  facet normal -0.9951847266721986 0.09801714032954259 0
    outer loop
      vertex -26.482889722747622 20.261052384440102 -3.25
      vertex -26.495717846477206 20.130806258460286 0
      vertex -26.482889722747622 20.261052384440102 0
    endloop
  endfacet
  facet normal -0.9866433320848778 0.16289547339459642 0
    outer loop
      vertex -26.46157056080646 20.390180644032256 -3.25
      vertex -26.482889722747622 20.261052384440102 0
      vertex -26.46157056080646 20.390180644032256 0
    endloop
  endfacet
  facet normal -0.9738769792773314 0.2270762630343827 0
    outer loop
      vertex -26.431851652578136 20.51763809020504 -3.25
      vertex -26.46157056080646 20.390180644032256 0
      vertex -26.431851652578136 20.51763809020504 0
    endloop
  endfacet
  facet normal -0.9569403357322143 0.2902846772544449 0
    outer loop
      vertex -26.393860258990212 20.642878930606322 -3.25
      vertex -26.431851652578136 20.51763809020504 0
      vertex -26.393860258990212 20.642878930606322 0
    endloop
  endfacet
  facet normal -0.9359059267573199 0.352250047921249 0
    outer loop
      vertex -26.347759065022572 20.76536686473018 -3.25
      vertex -26.393860258990212 20.642878930606322 0
      vertex -26.347759065022572 20.76536686473018 0
    endloop
  endfacet
  facet normal -0.910863824921178 0.41270702980439006 0
    outer loop
      vertex -26.293745483065376 20.884577380438003 -3.25
      vertex -26.347759065022572 20.76536686473018 0
      vertex -26.293745483065376 20.884577380438003 0
    endloop
  endfacet
  facet normal -0.8819212643483612 0.471396736825986 0
    outer loop
      vertex -26.23205080756888 21 -3.25
      vertex -26.293745483065376 20.884577380438003 0
      vertex -26.23205080756888 21 0
    endloop
  endfacet
  facet normal -0.8492021815265685 0.5280678506503849 0
    outer loop
      vertex -26.16293922460509 21.111140466039203 -3.25
      vertex -26.23205080756888 21 0
      vertex -26.16293922460509 21.111140466039203 0
    endloop
  endfacet
  facet normal -0.8128466845916245 0.5824776968677894 0
    outer loop
      vertex -26.08670668058247 21.217522858017443 -3.25
      vertex -26.16293922460509 21.111140466039203 0
      vertex -26.08670668058247 21.217522858017443 0
    endloop
  endfacet
  facet normal -0.7730104533627302 0.6343932841636537 0
    outer loop
      vertex -26.003679614957953 21.31869163020014 -3.25
      vertex -26.08670668058247 21.217522858017443 0
      vertex -26.003679614957953 21.31869163020014 0
    endloop
  endfacet
  facet normal -0.7298640726978451 0.6835923020228611 0
    outer loop
      vertex -25.914213562373096 21.414213562373096 -3.25
      vertex -26.003679614957953 21.31869163020014 0
      vertex -25.914213562373096 21.414213562373096 0
    endloop
  endfacet
  facet normal -0.6835923020228611 0.7298640726978451 0
    outer loop
      vertex -25.81869163020014 21.503679614957953 -3.25
      vertex -25.914213562373096 21.414213562373096 0
      vertex -25.81869163020014 21.503679614957953 0
    endloop
  endfacet
  facet normal -0.6343932841636537 0.7730104533627302 0
    outer loop
      vertex -25.717522858017443 21.58670668058247 -3.25
      vertex -25.81869163020014 21.503679614957953 0
      vertex -25.717522858017443 21.58670668058247 0
    endloop
  endfacet
  facet normal -0.5824776968677894 0.8128466845916245 0
    outer loop
      vertex -25.611140466039203 21.66293922460509 -3.25
      vertex -25.717522858017443 21.58670668058247 0
      vertex -25.611140466039203 21.66293922460509 0
    endloop
  endfacet
  facet normal -0.5280678506503849 0.8492021815265685 0
    outer loop
      vertex -25.5 21.73205080756888 -3.25
      vertex -25.611140466039203 21.66293922460509 0
      vertex -25.5 21.73205080756888 0
    endloop
  endfacet
  facet normal -0.471396736825986 0.8819212643483612 0
    outer loop
      vertex -25.384577380438003 21.793745483065376 -3.25
      vertex -25.5 21.73205080756888 0
      vertex -25.384577380438003 21.793745483065376 0
    endloop
  endfacet
  facet normal -0.41270702980439006 0.910863824921178 0
    outer loop
      vertex -25.26536686473018 21.847759065022572 -3.25
      vertex -25.384577380438003 21.793745483065376 0
      vertex -25.26536686473018 21.847759065022572 0
    endloop
  endfacet
  facet normal -0.352250047921249 0.9359059267573199 0
    outer loop
      vertex -25.142878930606322 21.893860258990212 -3.25
      vertex -25.26536686473018 21.847759065022572 0
      vertex -25.142878930606322 21.893860258990212 0
    endloop
  endfacet
  facet normal -0.2902846772544449 0.9569403357322143 0
    outer loop
      vertex -25.01763809020504 21.931851652578136 -3.25
      vertex -25.142878930606322 21.893860258990212 0
      vertex -25.01763809020504 21.931851652578136 0
    endloop
  endfacet
  facet normal -0.2270762630343827 0.9738769792773314 0
    outer loop
      vertex -24.890180644032256 21.96157056080646 -3.25
      vertex -25.01763809020504 21.931851652578136 0
      vertex -24.890180644032256 21.96157056080646 0
    endloop
  endfacet
  facet normal -0.16289547339459642 0.9866433320848778 0
    outer loop
      vertex -24.761052384440102 21.982889722747622 -3.25
      vertex -24.890180644032256 21.96157056080646 0
      vertex -24.761052384440102 21.982889722747622 0
    endloop
  endfacet
  facet normal 0.6835923020228611 0.7298640726978451 0
    outer loop
      vertex -23.085786437626904 21.414213562373096 -3.25
      vertex -23.18130836979986 21.503679614957953 0
      vertex -23.085786437626904 21.414213562373096 0
    endloop
  endfacet
  facet normal 0.7730104533627302 0.6343932841636537 0
    outer loop
      vertex -22.91329331941753 21.217522858017443 -3.25
      vertex -22.996320385042047 21.31869163020014 0
      vertex -22.91329331941753 21.217522858017443 0
    endloop
  endfacet
  facet normal 0.7298640726978451 0.6835923020228611 0
    outer loop
      vertex -22.996320385042047 21.31869163020014 -3.25
      vertex -23.085786437626904 21.414213562373096 0
      vertex -22.996320385042047 21.31869163020014 0
    endloop
  endfacet
  facet normal -0.09801714032954259 0.9951847266721986 0
    outer loop
      vertex -24.630806258460286 21.995717846477206 -3.25
      vertex -24.761052384440102 21.982889722747622 0
      vertex -24.630806258460286 21.995717846477206 0
    endloop
  endfacet
  facet normal -0.03271908282178681 0.9994645874763652 0
    outer loop
      vertex -24.5 22 -3.25
      vertex -24.630806258460286 21.995717846477206 0
      vertex -24.5 22 0
    endloop
  endfacet
  facet normal 0.03271908282178681 0.9994645874763652 0
    outer loop
      vertex -24.369193741539714 21.995717846477206 -3.25
      vertex -24.5 22 0
      vertex -24.369193741539714 21.995717846477206 0
    endloop
  endfacet
  facet normal 0.2270762630343827 0.9738769792773314 0
    outer loop
      vertex -23.98236190979496 21.931851652578136 -3.25
      vertex -24.109819355967744 21.96157056080646 0
      vertex -23.98236190979496 21.931851652578136 0
    endloop
  endfacet
  facet normal 0.2902846772544449 0.9569403357322143 0
    outer loop
      vertex -23.857121069393678 21.893860258990212 -3.25
      vertex -23.98236190979496 21.931851652578136 0
      vertex -23.857121069393678 21.893860258990212 0
    endloop
  endfacet
  facet normal 0.09801714032954259 0.9951847266721986 0
    outer loop
      vertex -24.238947615559898 21.982889722747622 -3.25
      vertex -24.369193741539714 21.995717846477206 0
      vertex -24.238947615559898 21.982889722747622 0
    endloop
  endfacet
  facet normal 0.16289547339459642 0.9866433320848778 0
    outer loop
      vertex -24.109819355967744 21.96157056080646 -3.25
      vertex -24.238947615559898 21.982889722747622 0
      vertex -24.109819355967744 21.96157056080646 0
    endloop
  endfacet
  facet normal 0.352250047921249 0.9359059267573199 0
    outer loop
      vertex -23.73463313526982 21.847759065022572 -3.25
      vertex -23.857121069393678 21.893860258990212 0
      vertex -23.73463313526982 21.847759065022572 0
    endloop
  endfacet
  facet normal 0.41270702980439006 0.910863824921178 0
    outer loop
      vertex -23.615422619561997 21.793745483065376 -3.25
      vertex -23.73463313526982 21.847759065022572 0
      vertex -23.615422619561997 21.793745483065376 0
    endloop
  endfacet
  facet normal 0.5280678506503849 0.8492021815265685 0
    outer loop
      vertex -23.388859533960797 21.66293922460509 -3.25
      vertex -23.5 21.73205080756888 0
      vertex -23.388859533960797 21.66293922460509 0
    endloop
  endfacet
  facet normal 0.471396736825986 0.8819212643483612 0
    outer loop
      vertex -23.5 21.73205080756888 -3.25
      vertex -23.615422619561997 21.793745483065376 0
      vertex -23.5 21.73205080756888 0
    endloop
  endfacet
  facet normal 0.5824776968677894 0.8128466845916245 0
    outer loop
      vertex -23.282477141982557 21.58670668058247 -3.25
      vertex -23.388859533960797 21.66293922460509 0
      vertex -23.282477141982557 21.58670668058247 0
    endloop
  endfacet
  facet normal 0.6343932841636537 0.7730104533627302 0
    outer loop
      vertex -23.18130836979986 21.503679614957953 -3.25
      vertex -23.282477141982557 21.58670668058247 0
      vertex -23.18130836979986 21.503679614957953 0
    endloop
  endfacet
  facet normal 0.8492021815265685 -0.5280678506503849 0
    outer loop
      vertex -22.83706077539491 18.888859533960797 -3.25
      vertex -22.76794919243112 19 0
      vertex -22.83706077539491 18.888859533960797 0
    endloop
  endfacet
  facet normal 0.8819212643483612 -0.471396736825986 0
    outer loop
      vertex -22.76794919243112 19 -3.25
      vertex -22.706254516934624 19.115422619561997 0
      vertex -22.76794919243112 19 0
    endloop
  endfacet
  facet normal 0.910863824921178 -0.41270702980439006 0
    outer loop
      vertex -22.706254516934624 19.115422619561997 -3.25
      vertex -22.652240934977428 19.23463313526982 0
      vertex -22.706254516934624 19.115422619561997 0
    endloop
  endfacet
  facet normal 0.9359059267573199 -0.352250047921249 0
    outer loop
      vertex -22.652240934977428 19.23463313526982 -3.25
      vertex -22.606139741009788 19.357121069393678 0
      vertex -22.652240934977428 19.23463313526982 0
    endloop
  endfacet
  facet normal 0.9569403357322143 -0.2902846772544449 0
    outer loop
      vertex -22.606139741009788 19.357121069393678 -3.25
      vertex -22.568148347421864 19.48236190979496 0
      vertex -22.606139741009788 19.357121069393678 0
    endloop
  endfacet
  facet normal 0.9738769792773314 -0.2270762630343827 0
    outer loop
      vertex -22.568148347421864 19.48236190979496 -3.25
      vertex -22.53842943919354 19.609819355967744 0
      vertex -22.568148347421864 19.48236190979496 0
    endloop
  endfacet
  facet normal 0.9866433320848778 -0.16289547339459642 0
    outer loop
      vertex -22.53842943919354 19.609819355967744 -3.25
      vertex -22.517110277252378 19.738947615559898 0
      vertex -22.53842943919354 19.609819355967744 0
    endloop
  endfacet
  facet normal 0.9951847266721986 -0.09801714032954259 0
    outer loop
      vertex -22.517110277252378 19.738947615559898 -3.25
      vertex -22.504282153522794 19.869193741539714 0
      vertex -22.517110277252378 19.738947615559898 0
    endloop
  endfacet
  facet normal 0.9994645874763652 -0.03271908282178681 0
    outer loop
      vertex -22.504282153522794 19.869193741539714 -3.25
      vertex -22.5 20 0
      vertex -22.504282153522794 19.869193741539714 0
    endloop
  endfacet
  facet normal 0.9994645874763652 0.03271908282178681 0
    outer loop
      vertex -22.5 20 -3.25
      vertex -22.504282153522794 20.130806258460286 0
      vertex -22.5 20 0
    endloop
  endfacet
  facet normal 0.9951847266721986 0.09801714032954259 0
    outer loop
      vertex -22.504282153522794 20.130806258460286 -3.25
      vertex -22.517110277252378 20.261052384440102 0
      vertex -22.504282153522794 20.130806258460286 0
    endloop
  endfacet
  facet normal 0.9866433320848778 0.16289547339459642 0
    outer loop
      vertex -22.517110277252378 20.261052384440102 -3.25
      vertex -22.53842943919354 20.390180644032256 0
      vertex -22.517110277252378 20.261052384440102 0
    endloop
  endfacet
  facet normal 0.9738769792773314 0.2270762630343827 0
    outer loop
      vertex -22.53842943919354 20.390180644032256 -3.25
      vertex -22.568148347421864 20.51763809020504 0
      vertex -22.53842943919354 20.390180644032256 0
    endloop
  endfacet
  facet normal 0.9569403357322143 0.2902846772544449 0
    outer loop
      vertex -22.568148347421864 20.51763809020504 -3.25
      vertex -22.606139741009788 20.642878930606322 0
      vertex -22.568148347421864 20.51763809020504 0
    endloop
  endfacet
  facet normal 0.9359059267573199 0.352250047921249 0
    outer loop
      vertex -22.606139741009788 20.642878930606322 -3.25
      vertex -22.652240934977428 20.76536686473018 0
      vertex -22.606139741009788 20.642878930606322 0
    endloop
  endfacet
  facet normal 0.910863824921178 0.41270702980439006 0
    outer loop
      vertex -22.652240934977428 20.76536686473018 -3.25
      vertex -22.706254516934624 20.884577380438003 0
      vertex -22.652240934977428 20.76536686473018 0
    endloop
  endfacet
  facet normal 0.8492021815265685 0.5280678506503849 0
    outer loop
      vertex -22.76794919243112 21 -3.25
      vertex -22.83706077539491 21.111140466039203 0
      vertex -22.76794919243112 21 0
    endloop
  endfacet
  facet normal 0.8819212643483612 0.471396736825986 0
    outer loop
      vertex -22.706254516934624 20.884577380438003 -3.25
      vertex -22.76794919243112 21 0
      vertex -22.706254516934624 20.884577380438003 0
    endloop
  endfacet
  facet normal 0.8128466845916245 0.5824776968677894 0
    outer loop
      vertex -22.83706077539491 21.111140466039203 -3.25
      vertex -22.91329331941753 21.217522858017443 0
      vertex -22.83706077539491 21.111140466039203 0
    endloop
  endfacet
  facet normal 0 0 -1
    outer loop
      vertex 22.76794919243112 -21 -3.25
      vertex 22.706254516934624 -20.884577380438003 -3.25
      vertex 22.76794919243112 -19 -3.25
    endloop
  endfacet
  facet normal 0 0 -1
    outer loop
      vertex 22.76794919243112 -21 -3.25
      vertex 22.83706077539491 -18.888859533960797 -3.25
      vertex 22.83706077539491 -21.111140466039203 -3.25
    endloop
  endfacet
  facet normal 0 0 -1
    outer loop
      vertex 22.53842943919354 -20.390180644032256 -3.25
      vertex 22.568148347421864 -19.48236190979496 -3.25
      vertex 22.568148347421864 -20.51763809020504 -3.25
    endloop
  endfacet
  facet normal 0 0 -1
    outer loop
      vertex 22.53842943919354 -20.390180644032256 -3.25
      vertex 22.517110277252378 -20.261052384440102 -3.25
      vertex 22.53842943919354 -19.609819355967744 -3.25
    endloop
  endfacet
  facet normal 0 0 -1
    outer loop
      vertex 22.606139741009788 -20.642878930606322 -3.25
      vertex 22.568148347421864 -20.51763809020504 -3.25
      vertex 22.606139741009788 -19.357121069393678 -3.25
    endloop
  endfacet
  facet normal 0 0 -1
    outer loop
      vertex 22.517110277252378 -20.261052384440102 -3.25
      vertex 22.504282153522794 -20.130806258460286 -3.25
      vertex 22.517110277252378 -19.738947615559898 -3.25
    endloop
  endfacet
  facet normal 0 0 -1
    outer loop
      vertex 22.504282153522794 -20.130806258460286 -3.25
      vertex 22.5 -20 -3.25
      vertex 22.504282153522794 -19.869193741539714 -3.25
    endloop
  endfacet
  facet normal 0 0 -1
    outer loop
      vertex 22.504282153522794 -20.130806258460286 -3.25
      vertex 22.504282153522794 -19.869193741539714 -3.25
      vertex 22.517110277252378 -19.738947615559898 -3.25
    endloop
  endfacet
  facet normal 0 0 -1
    outer loop
      vertex 22.706254516934624 -20.884577380438003 -3.25
      vertex 22.652240934977428 -20.76536686473018 -3.25
      vertex 22.706254516934624 -19.115422619561997 -3.25
    endloop
  endfacet
  facet normal 0 0 -1
    outer loop
      vertex 22.652240934977428 -20.76536686473018 -3.25
      vertex 22.606139741009788 -20.642878930606322 -3.25
      vertex 22.652240934977428 -19.23463313526982 -3.25
    endloop
  endfacet
  facet normal -0.8819212643483612 -0.471396736825986 0
    outer loop
      vertex 22.76794919243112 -21 -3.25
      vertex 22.76794919243112 -21 0
      vertex 22.706254516934624 -20.884577380438003 -3.25
    endloop
  endfacet
  facet normal -0.8492021815265685 -0.5280678506503849 0
    outer loop
      vertex 22.76794919243112 -21 -3.25
      vertex 22.83706077539491 -21.111140466039203 -3.25
      vertex 22.83706077539491 -21.111140466039203 0
    endloop
  endfacet
  facet normal -0.910863824921178 -0.41270702980439006 0
    outer loop
      vertex 22.706254516934624 -20.884577380438003 -3.25
      vertex 22.706254516934624 -20.884577380438003 0
      vertex 22.652240934977428 -20.76536686473018 -3.25
    endloop
  endfacet
  facet normal -0.9359059267573199 -0.352250047921249 0
    outer loop
      vertex 22.652240934977428 -20.76536686473018 -3.25
      vertex 22.652240934977428 -20.76536686473018 0
      vertex 22.606139741009788 -20.642878930606322 -3.25
    endloop
  endfacet
  facet normal -0.9569403357322143 -0.2902846772544449 0
    outer loop
      vertex 22.606139741009788 -20.642878930606322 -3.25
      vertex 22.606139741009788 -20.642878930606322 0
      vertex 22.568148347421864 -20.51763809020504 -3.25
    endloop
  endfacet
  facet normal -0.9738769792773314 -0.2270762630343827 0
    outer loop
      vertex 22.53842943919354 -20.390180644032256 -3.25
      vertex 22.568148347421864 -20.51763809020504 -3.25
      vertex 22.568148347421864 -20.51763809020504 0
    endloop
  endfacet
  facet normal -0.9866433320848778 -0.16289547339459642 0
    outer loop
      vertex 22.53842943919354 -20.390180644032256 -3.25
      vertex 22.53842943919354 -20.390180644032256 0
      vertex 22.517110277252378 -20.261052384440102 -3.25
    endloop
  endfacet
  facet normal -0.9951847266721986 -0.09801714032954259 0
    outer loop
      vertex 22.517110277252378 -20.261052384440102 -3.25
      vertex 22.517110277252378 -20.261052384440102 0
      vertex 22.504282153522794 -20.130806258460286 -3.25
    endloop
  endfacet
  facet normal -0.9994645874763652 -0.03271908282178681 0
    outer loop
      vertex 22.504282153522794 -20.130806258460286 -3.25
      vertex 22.504282153522794 -20.130806258460286 0
      vertex 22.5 -20 -3.25
    endloop
  endfacet
  facet normal -0.9994645874763652 0.03271908282178681 0
    outer loop
      vertex 22.5 -20 -3.25
      vertex 22.5 -20 0
      vertex 22.504282153522794 -19.869193741539714 -3.25
    endloop
  endfacet
  facet normal 0 0 -1
    outer loop
      vertex 22.517110277252378 -20.261052384440102 -3.25
      vertex 22.517110277252378 -19.738947615559898 -3.25
      vertex 22.53842943919354 -19.609819355967744 -3.25
    endloop
  endfacet
  facet normal 0 0 -1
    outer loop
      vertex 22.53842943919354 -20.390180644032256 -3.25
      vertex 22.53842943919354 -19.609819355967744 -3.25
      vertex 22.568148347421864 -19.48236190979496 -3.25
    endloop
  endfacet
  facet normal 0 0 -1
    outer loop
      vertex 22.568148347421864 -20.51763809020504 -3.25
      vertex 22.568148347421864 -19.48236190979496 -3.25
      vertex 22.606139741009788 -19.357121069393678 -3.25
    endloop
  endfacet
  facet normal 0 0 -1
    outer loop
      vertex 22.606139741009788 -20.642878930606322 -3.25
      vertex 22.606139741009788 -19.357121069393678 -3.25
      vertex 22.652240934977428 -19.23463313526982 -3.25
    endloop
  endfacet
  facet normal 0 0 -1
    outer loop
      vertex 22.652240934977428 -20.76536686473018 -3.25
      vertex 22.652240934977428 -19.23463313526982 -3.25
      vertex 22.706254516934624 -19.115422619561997 -3.25
    endloop
  endfacet
  facet normal 0 0 -1
    outer loop
      vertex 22.706254516934624 -20.884577380438003 -3.25
      vertex 22.706254516934624 -19.115422619561997 -3.25
      vertex 22.76794919243112 -19 -3.25
    endloop
  endfacet
  facet normal 0 0 -1
    outer loop
      vertex 22.76794919243112 -21 -3.25
      vertex 22.76794919243112 -19 -3.25
      vertex 22.83706077539491 -18.888859533960797 -3.25
    endloop
  endfacet
  facet normal 0 0 -1
    outer loop
      vertex 22.83706077539491 -21.111140466039203 -3.25
      vertex 22.83706077539491 -18.888859533960797 -3.25
      vertex 22.91329331941753 -18.782477141982557 -3.25
    endloop
  endfacet
  facet normal -0.9951847266721986 0.09801714032954259 0
    outer loop
      vertex 22.504282153522794 -19.869193741539714 -3.25
      vertex 22.504282153522794 -19.869193741539714 0
      vertex 22.517110277252378 -19.738947615559898 -3.25
    endloop
  endfacet
  facet normal -0.9866433320848778 0.16289547339459642 0
    outer loop
      vertex 22.517110277252378 -19.738947615559898 -3.25
      vertex 22.517110277252378 -19.738947615559898 0
      vertex 22.53842943919354 -19.609819355967744 -3.25
    endloop
  endfacet
  facet normal -0.9738769792773314 0.2270762630343827 0
    outer loop
      vertex 22.53842943919354 -19.609819355967744 -3.25
      vertex 22.53842943919354 -19.609819355967744 0
      vertex 22.568148347421864 -19.48236190979496 -3.25
    endloop
  endfacet
  facet normal -0.9569403357322143 0.2902846772544449 0
    outer loop
      vertex 22.568148347421864 -19.48236190979496 -3.25
      vertex 22.568148347421864 -19.48236190979496 0
      vertex 22.606139741009788 -19.357121069393678 -3.25
    endloop
  endfacet
  facet normal -0.9359059267573199 0.352250047921249 0
    outer loop
      vertex 22.606139741009788 -19.357121069393678 -3.25
      vertex 22.606139741009788 -19.357121069393678 0
      vertex 22.652240934977428 -19.23463313526982 -3.25
    endloop
  endfacet
  facet normal -0.910863824921178 0.41270702980439006 0
    outer loop
      vertex 22.652240934977428 -19.23463313526982 -3.25
      vertex 22.652240934977428 -19.23463313526982 0
      vertex 22.706254516934624 -19.115422619561997 -3.25
    endloop
  endfacet
  facet normal -0.8819212643483612 0.471396736825986 0
    outer loop
      vertex 22.706254516934624 -19.115422619561997 -3.25
      vertex 22.706254516934624 -19.115422619561997 0
      vertex 22.76794919243112 -19 -3.25
    endloop
  endfacet
  facet normal -0.8492021815265685 0.5280678506503849 0
    outer loop
      vertex 22.76794919243112 -19 -3.25
      vertex 22.76794919243112 -19 0
      vertex 22.83706077539491 -18.888859533960797 -3.25
    endloop
  endfacet
  facet normal -0.8128466845916245 0.5824776968677894 0
    outer loop
      vertex 22.83706077539491 -18.888859533960797 -3.25
      vertex 22.83706077539491 -18.888859533960797 0
      vertex 22.91329331941753 -18.782477141982557 -3.25
    endloop
  endfacet
  facet normal 0 0 -1
    outer loop
      vertex 22.996320385042047 -21.31869163020014 -3.25
      vertex 22.91329331941753 -21.217522858017443 -3.25
      vertex 22.996320385042047 -18.68130836979986 -3.25
    endloop
  endfacet
  facet normal 0 0 -1
    outer loop
      vertex 22.91329331941753 -21.217522858017443 -3.25
      vertex 22.83706077539491 -21.111140466039203 -3.25
      vertex 22.91329331941753 -18.782477141982557 -3.25
    endloop
  endfacet
  facet normal 0 0 -1
    outer loop
      vertex 22.996320385042047 -21.31869163020014 -3.25
      vertex 23.085786437626904 -18.585786437626904 -3.25
      vertex 23.085786437626904 -21.414213562373096 -3.25
    endloop
  endfacet
  facet normal 0 0 -1
    outer loop
      vertex 23.18130836979986 -21.503679614957953 -3.25
      vertex 23.282477141982557 -18.41329331941753 -3.25
      vertex 23.282477141982557 -21.58670668058247 -3.25
    endloop
  endfacet
  facet normal 0 0 -1
    outer loop
      vertex 23.18130836979986 -21.503679614957953 -3.25
      vertex 23.085786437626904 -21.414213562373096 -3.25
      vertex 23.18130836979986 -18.496320385042047 -3.25
    endloop
  endfacet
  facet normal 0 0 -1
    outer loop
      vertex 23.388859533960797 -21.66293922460509 -3.25
      vertex 23.282477141982557 -21.58670668058247 -3.25
      vertex 23.388859533960797 -18.33706077539491 -3.25
    endloop
  endfacet
  facet normal 0 0 -1
    outer loop
      vertex 23.388859533960797 -21.66293922460509 -3.25
      vertex 23.5 -18.26794919243112 -3.25
      vertex 23.5 -21.73205080756888 -3.25
    endloop
  endfacet
  facet normal 0 0 -1
    outer loop
      vertex 23.5 -21.73205080756888 -3.25
      vertex 23.615422619561997 -18.206254516934624 -3.25
      vertex 23.615422619561997 -21.793745483065376 -3.25
    endloop
  endfacet
  facet normal 0 0 -1
    outer loop
      vertex 23.73463313526982 -21.847759065022572 -3.25
      vertex 23.615422619561997 -21.793745483065376 -3.25
      vertex 23.73463313526982 -18.152240934977428 -3.25
    endloop
  endfacet
  facet normal 0 0 -1
    outer loop
      vertex 23.73463313526982 -21.847759065022572 -3.25
      vertex 23.857121069393678 -18.106139741009788 -3.25
      vertex 23.857121069393678 -21.893860258990212 -3.25
    endloop
  endfacet
  facet normal 0 0 -1
    outer loop
      vertex 23.857121069393678 -21.893860258990212 -3.25
      vertex 23.98236190979496 -18.068148347421864 -3.25
      vertex 23.98236190979496 -21.931851652578136 -3.25
    endloop
  endfacet
  facet normal 0 0 -1
    outer loop
      vertex 23.98236190979496 -21.931851652578136 -3.25
      vertex 24.109819355967744 -18.03842943919354 -3.25
      vertex 24.109819355967744 -21.96157056080646 -3.25
    endloop
  endfacet
  facet normal 0 0 -1
    outer loop
      vertex 24.109819355967744 -21.96157056080646 -3.25
      vertex 24.238947615559898 -18.017110277252378 -3.25
      vertex 24.238947615559898 -21.982889722747622 -3.25
    endloop
  endfacet
  facet normal 0 0 -1
    outer loop
      vertex 24.238947615559898 -21.982889722747622 -3.25
      vertex 24.369193741539714 -18.004282153522794 -3.25
      vertex 24.369193741539714 -21.995717846477206 -3.25
    endloop
  endfacet
  facet normal 0 0 -1
    outer loop
      vertex 24.369193741539714 -21.995717846477206 -3.25
      vertex 24.5 -18 -3.25
      vertex 24.5 -22 -3.25
    endloop
  endfacet
  facet normal 0 0 -1
    outer loop
      vertex 24.5 -22 -3.25
      vertex 24.630806258460286 -18.004282153522794 -3.25
      vertex 24.630806258460286 -21.995717846477206 -3.25
    endloop
  endfacet
  facet normal 0 0 -1
    outer loop
      vertex 24.630806258460286 -21.995717846477206 -3.25
      vertex 24.761052384440102 -18.017110277252378 -3.25
      vertex 24.761052384440102 -21.982889722747622 -3.25
    endloop
  endfacet
  facet normal 0 0 -1
    outer loop
      vertex 24.761052384440102 -21.982889722747622 -3.25
      vertex 24.890180644032256 -18.03842943919354 -3.25
      vertex 24.890180644032256 -21.96157056080646 -3.25
    endloop
  endfacet
  facet normal 0 0 -1
    outer loop
      vertex 24.890180644032256 -21.96157056080646 -3.25
      vertex 25.01763809020504 -18.068148347421864 -3.25
      vertex 25.01763809020504 -21.931851652578136 -3.25
    endloop
  endfacet
  facet normal 0 0 -1
    outer loop
      vertex 25.01763809020504 -21.931851652578136 -3.25
      vertex 25.142878930606322 -18.106139741009788 -3.25
      vertex 25.142878930606322 -21.893860258990212 -3.25
    endloop
  endfacet
  facet normal 0 0 -1
    outer loop
      vertex 25.142878930606322 -21.893860258990212 -3.25
      vertex 25.26536686473018 -18.152240934977428 -3.25
      vertex 25.26536686473018 -21.847759065022572 -3.25
    endloop
  endfacet
  facet normal 0 0 -1
    outer loop
      vertex 25.26536686473018 -21.847759065022572 -3.25
      vertex 25.384577380438003 -18.206254516934624 -3.25
      vertex 25.384577380438003 -21.793745483065376 -3.25
    endloop
  endfacet
  facet normal 0 0 -1
    outer loop
      vertex 25.384577380438003 -21.793745483065376 -3.25
      vertex 25.5 -18.26794919243112 -3.25
      vertex 25.5 -21.73205080756888 -3.25
    endloop
  endfacet
  facet normal 0 0 -1
    outer loop
      vertex 25.5 -21.73205080756888 -3.25
      vertex 25.611140466039203 -18.33706077539491 -3.25
      vertex 25.611140466039203 -21.66293922460509 -3.25
    endloop
  endfacet
  facet normal 0 0 -1
    outer loop
      vertex 25.611140466039203 -21.66293922460509 -3.25
      vertex 25.717522858017443 -18.41329331941753 -3.25
      vertex 25.717522858017443 -21.58670668058247 -3.25
    endloop
  endfacet
  facet normal 0 0 -1
    outer loop
      vertex 25.717522858017443 -21.58670668058247 -3.25
      vertex 25.81869163020014 -18.496320385042047 -3.25
      vertex 25.81869163020014 -21.503679614957953 -3.25
    endloop
  endfacet
  facet normal 0 0 -1
    outer loop
      vertex 25.81869163020014 -21.503679614957953 -3.25
      vertex 25.914213562373096 -18.585786437626904 -3.25
      vertex 25.914213562373096 -21.414213562373096 -3.25
    endloop
  endfacet
  facet normal 0 0 -1
    outer loop
      vertex 25.914213562373096 -21.414213562373096 -3.25
      vertex 26.003679614957953 -18.68130836979986 -3.25
      vertex 26.003679614957953 -21.31869163020014 -3.25
    endloop
  endfacet
  facet normal 0 0 -1
    outer loop
      vertex 26.003679614957953 -21.31869163020014 -3.25
      vertex 26.08670668058247 -18.782477141982557 -3.25
      vertex 26.08670668058247 -21.217522858017443 -3.25
    endloop
  endfacet
  facet normal 0 0 -1
    outer loop
      vertex 26.08670668058247 -21.217522858017443 -3.25
      vertex 26.16293922460509 -18.888859533960797 -3.25
      vertex 26.16293922460509 -21.111140466039203 -3.25
    endloop
  endfacet
  facet normal 0 0 -1
    outer loop
      vertex 26.16293922460509 -21.111140466039203 -3.25
      vertex 26.23205080756888 -19 -3.25
      vertex 26.23205080756888 -21 -3.25
    endloop
  endfacet
  facet normal 0 0 -1
    outer loop
      vertex 26.23205080756888 -21 -3.25
      vertex 26.293745483065376 -19.115422619561997 -3.25
      vertex 26.293745483065376 -20.884577380438003 -3.25
    endloop
  endfacet
  facet normal 0 0 -1
    outer loop
      vertex 26.293745483065376 -20.884577380438003 -3.25
      vertex 26.347759065022572 -19.23463313526982 -3.25
      vertex 26.347759065022572 -20.76536686473018 -3.25
    endloop
  endfacet
  facet normal 0 0 -1
    outer loop
      vertex 26.347759065022572 -20.76536686473018 -3.25
      vertex 26.393860258990212 -19.357121069393678 -3.25
      vertex 26.393860258990212 -20.642878930606322 -3.25
    endloop
  endfacet
  facet normal 0 0 -1
    outer loop
      vertex 26.393860258990212 -20.642878930606322 -3.25
      vertex 26.431851652578136 -19.48236190979496 -3.25
      vertex 26.431851652578136 -20.51763809020504 -3.25
    endloop
  endfacet
  facet normal 0 0 -1
    outer loop
      vertex 26.431851652578136 -20.51763809020504 -3.25
      vertex 26.46157056080646 -19.609819355967744 -3.25
      vertex 26.46157056080646 -20.390180644032256 -3.25
    endloop
  endfacet
  facet normal 0 0 -1
    outer loop
      vertex 26.46157056080646 -20.390180644032256 -3.25
      vertex 26.482889722747622 -19.738947615559898 -3.25
      vertex 26.482889722747622 -20.261052384440102 -3.25
    endloop
  endfacet
  facet normal 0 0 -1
    outer loop
      vertex 26.482889722747622 -20.261052384440102 -3.25
      vertex 26.495717846477206 -19.869193741539714 -3.25
      vertex 26.495717846477206 -20.130806258460286 -3.25
    endloop
  endfacet
  facet normal 0 0 -1
    outer loop
      vertex 26.495717846477206 -20.130806258460286 -3.25
      vertex 26.495717846477206 -19.869193741539714 -3.25
      vertex 26.5 -20 -3.25
    endloop
  endfacet
  facet normal 0 0 -1
    outer loop
      vertex 26.482889722747622 -20.261052384440102 -3.25
      vertex 26.482889722747622 -19.738947615559898 -3.25
      vertex 26.495717846477206 -19.869193741539714 -3.25
    endloop
  endfacet
  facet normal 0 0 -1
    outer loop
      vertex 26.46157056080646 -20.390180644032256 -3.25
      vertex 26.46157056080646 -19.609819355967744 -3.25
      vertex 26.482889722747622 -19.738947615559898 -3.25
    endloop
  endfacet
  facet normal -0.6343932841636537 -0.7730104533627302 0
    outer loop
      vertex 23.18130836979986 -21.503679614957953 -3.25
      vertex 23.282477141982557 -21.58670668058247 -3.25
      vertex 23.282477141982557 -21.58670668058247 0
    endloop
  endfacet
  facet normal -0.471396736825986 -0.8819212643483612 0
    outer loop
      vertex 23.5 -21.73205080756888 -3.25
      vertex 23.615422619561997 -21.793745483065376 -3.25
      vertex 23.615422619561997 -21.793745483065376 0
    endloop
  endfacet
  facet normal -0.5824776968677894 -0.8128466845916245 0
    outer loop
      vertex 23.388859533960797 -21.66293922460509 -3.25
      vertex 23.388859533960797 -21.66293922460509 0
      vertex 23.282477141982557 -21.58670668058247 -3.25
    endloop
  endfacet
  facet normal -0.5280678506503849 -0.8492021815265685 0
    outer loop
      vertex 23.388859533960797 -21.66293922460509 -3.25
      vertex 23.5 -21.73205080756888 -3.25
      vertex 23.5 -21.73205080756888 0
    endloop
  endfacet
  facet normal -0.41270702980439006 -0.910863824921178 0
    outer loop
      vertex 23.73463313526982 -21.847759065022572 -3.25
      vertex 23.73463313526982 -21.847759065022572 0
      vertex 23.615422619561997 -21.793745483065376 -3.25
    endloop
  endfacet
  facet normal -0.352250047921249 -0.9359059267573199 0
    outer loop
      vertex 23.73463313526982 -21.847759065022572 -3.25
      vertex 23.857121069393678 -21.893860258990212 -3.25
      vertex 23.857121069393678 -21.893860258990212 0
    endloop
  endfacet
  facet normal -0.2270762630343827 -0.9738769792773314 0
    outer loop
      vertex 23.98236190979496 -21.931851652578136 -3.25
      vertex 24.109819355967744 -21.96157056080646 -3.25
      vertex 24.109819355967744 -21.96157056080646 0
    endloop
  endfacet
  facet normal -0.16289547339459642 -0.9866433320848778 0
    outer loop
      vertex 24.109819355967744 -21.96157056080646 -3.25
      vertex 24.238947615559898 -21.982889722747622 -3.25
      vertex 24.238947615559898 -21.982889722747622 0
    endloop
  endfacet
  facet normal -0.2902846772544449 -0.9569403357322143 0
    outer loop
      vertex 23.857121069393678 -21.893860258990212 -3.25
      vertex 23.98236190979496 -21.931851652578136 -3.25
      vertex 23.98236190979496 -21.931851652578136 0
    endloop
  endfacet
  facet normal -0.09801714032954259 -0.9951847266721986 0
    outer loop
      vertex 24.238947615559898 -21.982889722747622 -3.25
      vertex 24.369193741539714 -21.995717846477206 -3.25
      vertex 24.369193741539714 -21.995717846477206 0
    endloop
  endfacet
  facet normal -0.03271908282178681 -0.9994645874763652 0
    outer loop
      vertex 24.369193741539714 -21.995717846477206 -3.25
      vertex 24.5 -22 -3.25
      vertex 24.5 -22 0
    endloop
  endfacet
  facet normal 0.03271908282178681 -0.9994645874763652 0
    outer loop
      vertex 24.5 -22 -3.25
      vertex 24.630806258460286 -21.995717846477206 -3.25
      vertex 24.630806258460286 -21.995717846477206 0
    endloop
  endfacet
  facet normal 0.09801714032954259 -0.9951847266721986 0
    outer loop
      vertex 24.630806258460286 -21.995717846477206 -3.25
      vertex 24.761052384440102 -21.982889722747622 -3.25
      vertex 24.761052384440102 -21.982889722747622 0
    endloop
  endfacet
  facet normal -0.7298640726978451 -0.6835923020228611 0
    outer loop
      vertex 22.996320385042047 -21.31869163020014 -3.25
      vertex 23.085786437626904 -21.414213562373096 -3.25
      vertex 23.085786437626904 -21.414213562373096 0
    endloop
  endfacet
  facet normal -0.7730104533627302 -0.6343932841636537 0
    outer loop
      vertex 22.996320385042047 -21.31869163020014 -3.25
      vertex 22.996320385042047 -21.31869163020014 0
      vertex 22.91329331941753 -21.217522858017443 -3.25
    endloop
  endfacet
  facet normal -0.8128466845916245 -0.5824776968677894 0
    outer loop
      vertex 22.91329331941753 -21.217522858017443 -3.25
      vertex 22.91329331941753 -21.217522858017443 0
      vertex 22.83706077539491 -21.111140466039203 -3.25
    endloop
  endfacet
  facet normal -0.6835923020228611 -0.7298640726978451 0
    outer loop
      vertex 23.18130836979986 -21.503679614957953 -3.25
      vertex 23.18130836979986 -21.503679614957953 0
      vertex 23.085786437626904 -21.414213562373096 -3.25
    endloop
  endfacet
  facet normal 0.16289547339459642 -0.9866433320848778 0
    outer loop
      vertex 24.761052384440102 -21.982889722747622 -3.25
      vertex 24.890180644032256 -21.96157056080646 -3.25
      vertex 24.890180644032256 -21.96157056080646 0
    endloop
  endfacet
  facet normal 0.2270762630343827 -0.9738769792773314 0
    outer loop
      vertex 24.890180644032256 -21.96157056080646 -3.25
      vertex 25.01763809020504 -21.931851652578136 -3.25
      vertex 25.01763809020504 -21.931851652578136 0
    endloop
  endfacet
  facet normal 0.2902846772544449 -0.9569403357322143 0
    outer loop
      vertex 25.01763809020504 -21.931851652578136 -3.25
      vertex 25.142878930606322 -21.893860258990212 -3.25
      vertex 25.142878930606322 -21.893860258990212 0
    endloop
  endfacet
  facet normal 0.352250047921249 -0.9359059267573199 0
    outer loop
      vertex 25.142878930606322 -21.893860258990212 -3.25
      vertex 25.26536686473018 -21.847759065022572 -3.25
      vertex 25.26536686473018 -21.847759065022572 0
    endloop
  endfacet
  facet normal 0.41270702980439006 -0.910863824921178 0
    outer loop
      vertex 25.26536686473018 -21.847759065022572 -3.25
      vertex 25.384577380438003 -21.793745483065376 -3.25
      vertex 25.384577380438003 -21.793745483065376 0
    endloop
  endfacet
  facet normal 0.471396736825986 -0.8819212643483612 0
    outer loop
      vertex 25.384577380438003 -21.793745483065376 -3.25
      vertex 25.5 -21.73205080756888 -3.25
      vertex 25.5 -21.73205080756888 0
    endloop
  endfacet
  facet normal 0.5280678506503849 -0.8492021815265685 0
    outer loop
      vertex 25.5 -21.73205080756888 -3.25
      vertex 25.611140466039203 -21.66293922460509 -3.25
      vertex 25.611140466039203 -21.66293922460509 0
    endloop
  endfacet
  facet normal 0.5824776968677894 -0.8128466845916245 0
    outer loop
      vertex 25.611140466039203 -21.66293922460509 -3.25
      vertex 25.717522858017443 -21.58670668058247 -3.25
      vertex 25.717522858017443 -21.58670668058247 0
    endloop
  endfacet
  facet normal 0.6343932841636537 -0.7730104533627302 0
    outer loop
      vertex 25.717522858017443 -21.58670668058247 -3.25
      vertex 25.81869163020014 -21.503679614957953 -3.25
      vertex 25.81869163020014 -21.503679614957953 0
    endloop
  endfacet
  facet normal 0.6835923020228611 -0.7298640726978451 0
    outer loop
      vertex 25.81869163020014 -21.503679614957953 -3.25
      vertex 25.914213562373096 -21.414213562373096 -3.25
      vertex 25.914213562373096 -21.414213562373096 0
    endloop
  endfacet
  facet normal 0.7298640726978451 -0.6835923020228611 0
    outer loop
      vertex 25.914213562373096 -21.414213562373096 -3.25
      vertex 26.003679614957953 -21.31869163020014 -3.25
      vertex 26.003679614957953 -21.31869163020014 0
    endloop
  endfacet
  facet normal 0.7730104533627302 -0.6343932841636537 0
    outer loop
      vertex 26.003679614957953 -21.31869163020014 -3.25
      vertex 26.08670668058247 -21.217522858017443 -3.25
      vertex 26.08670668058247 -21.217522858017443 0
    endloop
  endfacet
  facet normal 0.8128466845916245 -0.5824776968677894 0
    outer loop
      vertex 26.08670668058247 -21.217522858017443 -3.25
      vertex 26.16293922460509 -21.111140466039203 -3.25
      vertex 26.16293922460509 -21.111140466039203 0
    endloop
  endfacet
  facet normal 0.8492021815265685 -0.5280678506503849 0
    outer loop
      vertex 26.16293922460509 -21.111140466039203 -3.25
      vertex 26.23205080756888 -21 -3.25
      vertex 26.23205080756888 -21 0
    endloop
  endfacet
  facet normal 0.8819212643483612 -0.471396736825986 0
    outer loop
      vertex 26.23205080756888 -21 -3.25
      vertex 26.293745483065376 -20.884577380438003 -3.25
      vertex 26.293745483065376 -20.884577380438003 0
    endloop
  endfacet
  facet normal 0.910863824921178 -0.41270702980439006 0
    outer loop
      vertex 26.293745483065376 -20.884577380438003 -3.25
      vertex 26.347759065022572 -20.76536686473018 -3.25
      vertex 26.347759065022572 -20.76536686473018 0
    endloop
  endfacet
  facet normal 0.9359059267573199 -0.352250047921249 0
    outer loop
      vertex 26.347759065022572 -20.76536686473018 -3.25
      vertex 26.393860258990212 -20.642878930606322 -3.25
      vertex 26.393860258990212 -20.642878930606322 0
    endloop
  endfacet
  facet normal 0.9569403357322143 -0.2902846772544449 0
    outer loop
      vertex 26.393860258990212 -20.642878930606322 -3.25
      vertex 26.431851652578136 -20.51763809020504 -3.25
      vertex 26.431851652578136 -20.51763809020504 0
    endloop
  endfacet
  facet normal 0.9738769792773314 -0.2270762630343827 0
    outer loop
      vertex 26.431851652578136 -20.51763809020504 -3.25
      vertex 26.46157056080646 -20.390180644032256 -3.25
      vertex 26.46157056080646 -20.390180644032256 0
    endloop
  endfacet
  facet normal 0.9866433320848778 -0.16289547339459642 0
    outer loop
      vertex 26.46157056080646 -20.390180644032256 -3.25
      vertex 26.482889722747622 -20.261052384440102 -3.25
      vertex 26.482889722747622 -20.261052384440102 0
    endloop
  endfacet
  facet normal 0.9951847266721986 -0.09801714032954259 0
    outer loop
      vertex 26.482889722747622 -20.261052384440102 -3.25
      vertex 26.495717846477206 -20.130806258460286 -3.25
      vertex 26.495717846477206 -20.130806258460286 0
    endloop
  endfacet
  facet normal 0.9994645874763652 -0.03271908282178681 0
    outer loop
      vertex 26.495717846477206 -20.130806258460286 -3.25
      vertex 26.5 -20 -3.25
      vertex 26.5 -20 0
    endloop
  endfacet
  facet normal 0.9994645874763652 0.03271908282178681 0
    outer loop
      vertex 26.5 -20 -3.25
      vertex 26.495717846477206 -19.869193741539714 -3.25
      vertex 26.495717846477206 -19.869193741539714 0
    endloop
  endfacet
  facet normal 0 0 -1
    outer loop
      vertex 22.91329331941753 -21.217522858017443 -3.25
      vertex 22.91329331941753 -18.782477141982557 -3.25
      vertex 22.996320385042047 -18.68130836979986 -3.25
    endloop
  endfacet
  facet normal 0 0 -1
    outer loop
      vertex 22.996320385042047 -21.31869163020014 -3.25
      vertex 22.996320385042047 -18.68130836979986 -3.25
      vertex 23.085786437626904 -18.585786437626904 -3.25
    endloop
  endfacet
  facet normal 0 0 -1
    outer loop
      vertex 23.085786437626904 -21.414213562373096 -3.25
      vertex 23.085786437626904 -18.585786437626904 -3.25
      vertex 23.18130836979986 -18.496320385042047 -3.25
    endloop
  endfacet
  facet normal 0 0 -1
    outer loop
      vertex 23.18130836979986 -21.503679614957953 -3.25
      vertex 23.18130836979986 -18.496320385042047 -3.25
      vertex 23.282477141982557 -18.41329331941753 -3.25
    endloop
  endfacet
  facet normal 0 0 -1
    outer loop
      vertex 23.282477141982557 -21.58670668058247 -3.25
      vertex 23.282477141982557 -18.41329331941753 -3.25
      vertex 23.388859533960797 -18.33706077539491 -3.25
    endloop
  endfacet
  facet normal 0 0 -1
    outer loop
      vertex 23.388859533960797 -21.66293922460509 -3.25
      vertex 23.388859533960797 -18.33706077539491 -3.25
      vertex 23.5 -18.26794919243112 -3.25
    endloop
  endfacet
  facet normal 0 0 -1
    outer loop
      vertex 23.5 -21.73205080756888 -3.25
      vertex 23.5 -18.26794919243112 -3.25
      vertex 23.615422619561997 -18.206254516934624 -3.25
    endloop
  endfacet
  facet normal 0 0 -1
    outer loop
      vertex 23.615422619561997 -21.793745483065376 -3.25
      vertex 23.615422619561997 -18.206254516934624 -3.25
      vertex 23.73463313526982 -18.152240934977428 -3.25
    endloop
  endfacet
  facet normal 0 0 -1
    outer loop
      vertex 23.73463313526982 -21.847759065022572 -3.25
      vertex 23.73463313526982 -18.152240934977428 -3.25
      vertex 23.857121069393678 -18.106139741009788 -3.25
    endloop
  endfacet
  facet normal 0 0 -1
    outer loop
      vertex 23.857121069393678 -21.893860258990212 -3.25
      vertex 23.857121069393678 -18.106139741009788 -3.25
      vertex 23.98236190979496 -18.068148347421864 -3.25
    endloop
  endfacet
  facet normal 0 0 -1
    outer loop
      vertex 23.98236190979496 -21.931851652578136 -3.25
      vertex 23.98236190979496 -18.068148347421864 -3.25
      vertex 24.109819355967744 -18.03842943919354 -3.25
    endloop
  endfacet
  facet normal 0 0 -1
    outer loop
      vertex 24.109819355967744 -21.96157056080646 -3.25
      vertex 24.109819355967744 -18.03842943919354 -3.25
      vertex 24.238947615559898 -18.017110277252378 -3.25
    endloop
  endfacet
  facet normal 0 0 -1
    outer loop
      vertex 24.238947615559898 -21.982889722747622 -3.25
      vertex 24.238947615559898 -18.017110277252378 -3.25
      vertex 24.369193741539714 -18.004282153522794 -3.25
    endloop
  endfacet
  facet normal 0 0 -1
    outer loop
      vertex 24.369193741539714 -21.995717846477206 -3.25
      vertex 24.369193741539714 -18.004282153522794 -3.25
      vertex 24.5 -18 -3.25
    endloop
  endfacet
  facet normal 0 0 -1
    outer loop
      vertex 24.5 -22 -3.25
      vertex 24.5 -18 -3.25
      vertex 24.630806258460286 -18.004282153522794 -3.25
    endloop
  endfacet
  facet normal 0 0 -1
    outer loop
      vertex 24.630806258460286 -21.995717846477206 -3.25
      vertex 24.630806258460286 -18.004282153522794 -3.25
      vertex 24.761052384440102 -18.017110277252378 -3.25
    endloop
  endfacet
  facet normal 0 0 -1
    outer loop
      vertex 24.761052384440102 -21.982889722747622 -3.25
      vertex 24.761052384440102 -18.017110277252378 -3.25
      vertex 24.890180644032256 -18.03842943919354 -3.25
    endloop
  endfacet
  facet normal 0 0 -1
    outer loop
      vertex 24.890180644032256 -21.96157056080646 -3.25
      vertex 24.890180644032256 -18.03842943919354 -3.25
      vertex 25.01763809020504 -18.068148347421864 -3.25
    endloop
  endfacet
  facet normal 0 0 -1
    outer loop
      vertex 25.01763809020504 -21.931851652578136 -3.25
      vertex 25.01763809020504 -18.068148347421864 -3.25
      vertex 25.142878930606322 -18.106139741009788 -3.25
    endloop
  endfacet
  facet normal 0 0 -1
    outer loop
      vertex 25.142878930606322 -21.893860258990212 -3.25
      vertex 25.142878930606322 -18.106139741009788 -3.25
      vertex 25.26536686473018 -18.152240934977428 -3.25
    endloop
  endfacet
  facet normal 0 0 -1
    outer loop
      vertex 25.611140466039203 -21.66293922460509 -3.25
      vertex 25.611140466039203 -18.33706077539491 -3.25
      vertex 25.717522858017443 -18.41329331941753 -3.25
    endloop
  endfacet
  facet normal 0 0 -1
    outer loop
      vertex 25.26536686473018 -21.847759065022572 -3.25
      vertex 25.26536686473018 -18.152240934977428 -3.25
      vertex 25.384577380438003 -18.206254516934624 -3.25
    endloop
  endfacet
  facet normal 0 0 -1
    outer loop
      vertex 25.384577380438003 -21.793745483065376 -3.25
      vertex 25.384577380438003 -18.206254516934624 -3.25
      vertex 25.5 -18.26794919243112 -3.25
    endloop
  endfacet
  facet normal 0 0 -1
    outer loop
      vertex 25.5 -21.73205080756888 -3.25
      vertex 25.5 -18.26794919243112 -3.25
      vertex 25.611140466039203 -18.33706077539491 -3.25
    endloop
  endfacet
  facet normal 0 0 -1
    outer loop
      vertex 25.717522858017443 -21.58670668058247 -3.25
      vertex 25.717522858017443 -18.41329331941753 -3.25
      vertex 25.81869163020014 -18.496320385042047 -3.25
    endloop
  endfacet
  facet normal 0 0 -1
    outer loop
      vertex 25.81869163020014 -21.503679614957953 -3.25
      vertex 25.81869163020014 -18.496320385042047 -3.25
      vertex 25.914213562373096 -18.585786437626904 -3.25
    endloop
  endfacet
  facet normal 0 0 -1
    outer loop
      vertex 25.914213562373096 -21.414213562373096 -3.25
      vertex 25.914213562373096 -18.585786437626904 -3.25
      vertex 26.003679614957953 -18.68130836979986 -3.25
    endloop
  endfacet
  facet normal 0 0 -1
    outer loop
      vertex 26.003679614957953 -21.31869163020014 -3.25
      vertex 26.003679614957953 -18.68130836979986 -3.25
      vertex 26.08670668058247 -18.782477141982557 -3.25
    endloop
  endfacet
  facet normal 0 0 -1
    outer loop
      vertex 26.08670668058247 -21.217522858017443 -3.25
      vertex 26.08670668058247 -18.782477141982557 -3.25
      vertex 26.16293922460509 -18.888859533960797 -3.25
    endloop
  endfacet
  facet normal 0 0 -1
    outer loop
      vertex 26.16293922460509 -21.111140466039203 -3.25
      vertex 26.16293922460509 -18.888859533960797 -3.25
      vertex 26.23205080756888 -19 -3.25
    endloop
  endfacet
  facet normal 0 0 -1
    outer loop
      vertex 26.23205080756888 -21 -3.25
      vertex 26.23205080756888 -19 -3.25
      vertex 26.293745483065376 -19.115422619561997 -3.25
    endloop
  endfacet
  facet normal 0 0 -1
    outer loop
      vertex 26.293745483065376 -20.884577380438003 -3.25
      vertex 26.293745483065376 -19.115422619561997 -3.25
      vertex 26.347759065022572 -19.23463313526982 -3.25
    endloop
  endfacet
  facet normal 0 0 -1
    outer loop
      vertex 26.347759065022572 -20.76536686473018 -3.25
      vertex 26.347759065022572 -19.23463313526982 -3.25
      vertex 26.393860258990212 -19.357121069393678 -3.25
    endloop
  endfacet
  facet normal 0 0 -1
    outer loop
      vertex 26.431851652578136 -20.51763809020504 -3.25
      vertex 26.431851652578136 -19.48236190979496 -3.25
      vertex 26.46157056080646 -19.609819355967744 -3.25
    endloop
  endfacet
  facet normal 0 0 -1
    outer loop
      vertex 26.393860258990212 -20.642878930606322 -3.25
      vertex 26.393860258990212 -19.357121069393678 -3.25
      vertex 26.431851652578136 -19.48236190979496 -3.25
    endloop
  endfacet
  facet normal -0.7730104533627302 0.6343932841636537 0
    outer loop
      vertex 22.91329331941753 -18.782477141982557 -3.25
      vertex 22.91329331941753 -18.782477141982557 0
      vertex 22.996320385042047 -18.68130836979986 -3.25
    endloop
  endfacet
  facet normal -0.7298640726978451 0.6835923020228611 0
    outer loop
      vertex 22.996320385042047 -18.68130836979986 -3.25
      vertex 22.996320385042047 -18.68130836979986 0
      vertex 23.085786437626904 -18.585786437626904 -3.25
    endloop
  endfacet
  facet normal -0.6835923020228611 0.7298640726978451 0
    outer loop
      vertex 23.085786437626904 -18.585786437626904 -3.25
      vertex 23.085786437626904 -18.585786437626904 0
      vertex 23.18130836979986 -18.496320385042047 -3.25
    endloop
  endfacet
  facet normal -0.6343932841636537 0.7730104533627302 0
    outer loop
      vertex 23.18130836979986 -18.496320385042047 -3.25
      vertex 23.18130836979986 -18.496320385042047 0
      vertex 23.282477141982557 -18.41329331941753 -3.25
    endloop
  endfacet
  facet normal -0.5824776968677894 0.8128466845916245 0
    outer loop
      vertex 23.282477141982557 -18.41329331941753 -3.25
      vertex 23.282477141982557 -18.41329331941753 0
      vertex 23.388859533960797 -18.33706077539491 -3.25
    endloop
  endfacet
  facet normal -0.5280678506503849 0.8492021815265685 0
    outer loop
      vertex 23.388859533960797 -18.33706077539491 -3.25
      vertex 23.388859533960797 -18.33706077539491 0
      vertex 23.5 -18.26794919243112 -3.25
    endloop
  endfacet
  facet normal -0.471396736825986 0.8819212643483612 0
    outer loop
      vertex 23.5 -18.26794919243112 -3.25
      vertex 23.5 -18.26794919243112 0
      vertex 23.615422619561997 -18.206254516934624 -3.25
    endloop
  endfacet
  facet normal -0.41270702980439006 0.910863824921178 0
    outer loop
      vertex 23.615422619561997 -18.206254516934624 -3.25
      vertex 23.615422619561997 -18.206254516934624 0
      vertex 23.73463313526982 -18.152240934977428 -3.25
    endloop
  endfacet
  facet normal -0.352250047921249 0.9359059267573199 0
    outer loop
      vertex 23.73463313526982 -18.152240934977428 -3.25
      vertex 23.73463313526982 -18.152240934977428 0
      vertex 23.857121069393678 -18.106139741009788 -3.25
    endloop
  endfacet
  facet normal -0.2902846772544449 0.9569403357322143 0
    outer loop
      vertex 23.857121069393678 -18.106139741009788 -3.25
      vertex 23.857121069393678 -18.106139741009788 0
      vertex 23.98236190979496 -18.068148347421864 -3.25
    endloop
  endfacet
  facet normal -0.2270762630343827 0.9738769792773314 0
    outer loop
      vertex 23.98236190979496 -18.068148347421864 -3.25
      vertex 23.98236190979496 -18.068148347421864 0
      vertex 24.109819355967744 -18.03842943919354 -3.25
    endloop
  endfacet
  facet normal -0.16289547339459642 0.9866433320848778 0
    outer loop
      vertex 24.109819355967744 -18.03842943919354 -3.25
      vertex 24.109819355967744 -18.03842943919354 0
      vertex 24.238947615559898 -18.017110277252378 -3.25
    endloop
  endfacet
  facet normal -0.09801714032954259 0.9951847266721986 0
    outer loop
      vertex 24.238947615559898 -18.017110277252378 -3.25
      vertex 24.238947615559898 -18.017110277252378 0
      vertex 24.369193741539714 -18.004282153522794 -3.25
    endloop
  endfacet
  facet normal -0.03271908282178681 0.9994645874763652 0
    outer loop
      vertex 24.369193741539714 -18.004282153522794 -3.25
      vertex 24.369193741539714 -18.004282153522794 0
      vertex 24.5 -18 -3.25
    endloop
  endfacet
  facet normal 0.03271908282178681 0.9994645874763652 0
    outer loop
      vertex 24.5 -18 -3.25
      vertex 24.5 -18 0
      vertex 24.630806258460286 -18.004282153522794 -3.25
    endloop
  endfacet
  facet normal 0.09801714032954259 0.9951847266721986 0
    outer loop
      vertex 24.630806258460286 -18.004282153522794 -3.25
      vertex 24.630806258460286 -18.004282153522794 0
      vertex 24.761052384440102 -18.017110277252378 -3.25
    endloop
  endfacet
  facet normal 0.471396736825986 0.8819212643483612 0
    outer loop
      vertex 25.5 -18.26794919243112 -3.25
      vertex 25.384577380438003 -18.206254516934624 -3.25
      vertex 25.384577380438003 -18.206254516934624 0
    endloop
  endfacet
  facet normal 0.5280678506503849 0.8492021815265685 0
    outer loop
      vertex 25.5 -18.26794919243112 -3.25
      vertex 25.5 -18.26794919243112 0
      vertex 25.611140466039203 -18.33706077539491 -3.25
    endloop
  endfacet
  facet normal 0.5824776968677894 0.8128466845916245 0
    outer loop
      vertex 25.611140466039203 -18.33706077539491 -3.25
      vertex 25.611140466039203 -18.33706077539491 0
      vertex 25.717522858017443 -18.41329331941753 -3.25
    endloop
  endfacet
  facet normal 0.9738769792773314 0.2270762630343827 0
    outer loop
      vertex 26.46157056080646 -19.609819355967744 -3.25
      vertex 26.431851652578136 -19.48236190979496 -3.25
      vertex 26.431851652578136 -19.48236190979496 0
    endloop
  endfacet
  facet normal 0.9951847266721986 0.09801714032954259 0
    outer loop
      vertex 26.495717846477206 -19.869193741539714 -3.25
      vertex 26.482889722747622 -19.738947615559898 -3.25
      vertex 26.482889722747622 -19.738947615559898 0
    endloop
  endfacet
  facet normal 0.9866433320848778 0.16289547339459642 0
    outer loop
      vertex 26.482889722747622 -19.738947615559898 -3.25
      vertex 26.46157056080646 -19.609819355967744 -3.25
      vertex 26.46157056080646 -19.609819355967744 0
    endloop
  endfacet
  facet normal 0.9569403357322143 0.2902846772544449 0
    outer loop
      vertex 26.431851652578136 -19.48236190979496 -3.25
      vertex 26.393860258990212 -19.357121069393678 -3.25
      vertex 26.393860258990212 -19.357121069393678 0
    endloop
  endfacet
  facet normal 0.9359059267573199 0.352250047921249 0
    outer loop
      vertex 26.393860258990212 -19.357121069393678 -3.25
      vertex 26.347759065022572 -19.23463313526982 -3.25
      vertex 26.347759065022572 -19.23463313526982 0
    endloop
  endfacet
  facet normal 0.910863824921178 0.41270702980439006 0
    outer loop
      vertex 26.347759065022572 -19.23463313526982 -3.25
      vertex 26.293745483065376 -19.115422619561997 -3.25
      vertex 26.293745483065376 -19.115422619561997 0
    endloop
  endfacet
  facet normal 0.8492021815265685 0.5280678506503849 0
    outer loop
      vertex 26.23205080756888 -19 -3.25
      vertex 26.16293922460509 -18.888859533960797 -3.25
      vertex 26.16293922460509 -18.888859533960797 0
    endloop
  endfacet
  facet normal 0.7730104533627302 0.6343932841636537 0
    outer loop
      vertex 26.003679614957953 -18.68130836979986 -3.25
      vertex 26.003679614957953 -18.68130836979986 0
      vertex 26.08670668058247 -18.782477141982557 -3.25
    endloop
  endfacet
  facet normal 0.8128466845916245 0.5824776968677894 0
    outer loop
      vertex 26.16293922460509 -18.888859533960797 -3.25
      vertex 26.08670668058247 -18.782477141982557 -3.25
      vertex 26.08670668058247 -18.782477141982557 0
    endloop
  endfacet
  facet normal 0.6343932841636537 0.7730104533627302 0
    outer loop
      vertex 25.717522858017443 -18.41329331941753 -3.25
      vertex 25.717522858017443 -18.41329331941753 0
      vertex 25.81869163020014 -18.496320385042047 -3.25
    endloop
  endfacet
  facet normal 0.6835923020228611 0.7298640726978451 0
    outer loop
      vertex 25.914213562373096 -18.585786437626904 -3.25
      vertex 25.81869163020014 -18.496320385042047 -3.25
      vertex 25.81869163020014 -18.496320385042047 0
    endloop
  endfacet
  facet normal 0.7298640726978451 0.6835923020228611 0
    outer loop
      vertex 25.914213562373096 -18.585786437626904 -3.25
      vertex 25.914213562373096 -18.585786437626904 0
      vertex 26.003679614957953 -18.68130836979986 -3.25
    endloop
  endfacet
  facet normal 0.8819212643483612 0.471396736825986 0
    outer loop
      vertex 26.23205080756888 -19 -3.25
      vertex 26.23205080756888 -19 0
      vertex 26.293745483065376 -19.115422619561997 -3.25
    endloop
  endfacet
  facet normal 0.16289547339459642 0.9866433320848778 0
    outer loop
      vertex 24.761052384440102 -18.017110277252378 -3.25
      vertex 24.761052384440102 -18.017110277252378 0
      vertex 24.890180644032256 -18.03842943919354 -3.25
    endloop
  endfacet
  facet normal 0.2270762630343827 0.9738769792773314 0
    outer loop
      vertex 25.01763809020504 -18.068148347421864 -3.25
      vertex 24.890180644032256 -18.03842943919354 -3.25
      vertex 24.890180644032256 -18.03842943919354 0
    endloop
  endfacet
  facet normal 0.2902846772544449 0.9569403357322143 0
    outer loop
      vertex 25.01763809020504 -18.068148347421864 -3.25
      vertex 25.01763809020504 -18.068148347421864 0
      vertex 25.142878930606322 -18.106139741009788 -3.25
    endloop
  endfacet
  facet normal 0.352250047921249 0.9359059267573199 0
    outer loop
      vertex 25.142878930606322 -18.106139741009788 -3.25
      vertex 25.142878930606322 -18.106139741009788 0
      vertex 25.26536686473018 -18.152240934977428 -3.25
    endloop
  endfacet
  facet normal 0.41270702980439006 0.910863824921178 0
    outer loop
      vertex 25.26536686473018 -18.152240934977428 -3.25
      vertex 25.26536686473018 -18.152240934977428 0
      vertex 25.384577380438003 -18.206254516934624 -3.25
    endloop
  endfacet
  facet normal -0.8128466845916245 -0.5824776968677894 0
    outer loop
      vertex 22.83706077539491 -21.111140466039203 -3.25
      vertex 22.91329331941753 -21.217522858017443 0
      vertex 22.83706077539491 -21.111140466039203 0
    endloop
  endfacet
  facet normal -0.8819212643483612 -0.471396736825986 0
    outer loop
      vertex 22.706254516934624 -20.884577380438003 -3.25
      vertex 22.76794919243112 -21 0
      vertex 22.706254516934624 -20.884577380438003 0
    endloop
  endfacet
  facet normal -0.8492021815265685 -0.5280678506503849 0
    outer loop
      vertex 22.76794919243112 -21 -3.25
      vertex 22.83706077539491 -21.111140466039203 0
      vertex 22.76794919243112 -21 0
    endloop
  endfacet
  facet normal -0.910863824921178 -0.41270702980439006 0
    outer loop
      vertex 22.652240934977428 -20.76536686473018 -3.25
      vertex 22.706254516934624 -20.884577380438003 0
      vertex 22.652240934977428 -20.76536686473018 0
    endloop
  endfacet
  facet normal -0.9359059267573199 -0.352250047921249 0
    outer loop
      vertex 22.606139741009788 -20.642878930606322 -3.25
      vertex 22.652240934977428 -20.76536686473018 0
      vertex 22.606139741009788 -20.642878930606322 0
    endloop
  endfacet
  facet normal -0.9569403357322143 -0.2902846772544449 0
    outer loop
      vertex 22.568148347421864 -20.51763809020504 -3.25
      vertex 22.606139741009788 -20.642878930606322 0
      vertex 22.568148347421864 -20.51763809020504 0
    endloop
  endfacet
  facet normal -0.9738769792773314 -0.2270762630343827 0
    outer loop
      vertex 22.53842943919354 -20.390180644032256 -3.25
      vertex 22.568148347421864 -20.51763809020504 0
      vertex 22.53842943919354 -20.390180644032256 0
    endloop
  endfacet
  facet normal -0.9866433320848778 -0.16289547339459642 0
    outer loop
      vertex 22.517110277252378 -20.261052384440102 -3.25
      vertex 22.53842943919354 -20.390180644032256 0
      vertex 22.517110277252378 -20.261052384440102 0
    endloop
  endfacet
  facet normal -0.9951847266721986 -0.09801714032954259 0
    outer loop
      vertex 22.504282153522794 -20.130806258460286 -3.25
      vertex 22.517110277252378 -20.261052384440102 0
      vertex 22.504282153522794 -20.130806258460286 0
    endloop
  endfacet
  facet normal -0.9994645874763652 -0.03271908282178681 0
    outer loop
      vertex 22.5 -20 -3.25
      vertex 22.504282153522794 -20.130806258460286 0
      vertex 22.5 -20 0
    endloop
  endfacet
  facet normal -0.9994645874763652 0.03271908282178681 0
    outer loop
      vertex 22.504282153522794 -19.869193741539714 -3.25
      vertex 22.5 -20 0
      vertex 22.504282153522794 -19.869193741539714 0
    endloop
  endfacet
  facet normal -0.9951847266721986 0.09801714032954259 0
    outer loop
      vertex 22.517110277252378 -19.738947615559898 -3.25
      vertex 22.504282153522794 -19.869193741539714 0
      vertex 22.517110277252378 -19.738947615559898 0
    endloop
  endfacet
  facet normal -0.9866433320848778 0.16289547339459642 0
    outer loop
      vertex 22.53842943919354 -19.609819355967744 -3.25
      vertex 22.517110277252378 -19.738947615559898 0
      vertex 22.53842943919354 -19.609819355967744 0
    endloop
  endfacet
  facet normal -0.9738769792773314 0.2270762630343827 0
    outer loop
      vertex 22.568148347421864 -19.48236190979496 -3.25
      vertex 22.53842943919354 -19.609819355967744 0
      vertex 22.568148347421864 -19.48236190979496 0
    endloop
  endfacet
  facet normal -0.9569403357322143 0.2902846772544449 0
    outer loop
      vertex 22.606139741009788 -19.357121069393678 -3.25
      vertex 22.568148347421864 -19.48236190979496 0
      vertex 22.606139741009788 -19.357121069393678 0
    endloop
  endfacet
  facet normal -0.9359059267573199 0.352250047921249 0
    outer loop
      vertex 22.652240934977428 -19.23463313526982 -3.25
      vertex 22.606139741009788 -19.357121069393678 0
      vertex 22.652240934977428 -19.23463313526982 0
    endloop
  endfacet
  facet normal -0.910863824921178 0.41270702980439006 0
    outer loop
      vertex 22.706254516934624 -19.115422619561997 -3.25
      vertex 22.652240934977428 -19.23463313526982 0
      vertex 22.706254516934624 -19.115422619561997 0
    endloop
  endfacet
  facet normal -0.8819212643483612 0.471396736825986 0
    outer loop
      vertex 22.76794919243112 -19 -3.25
      vertex 22.706254516934624 -19.115422619561997 0
      vertex 22.76794919243112 -19 0
    endloop
  endfacet
  facet normal -0.8492021815265685 0.5280678506503849 0
    outer loop
      vertex 22.83706077539491 -18.888859533960797 -3.25
      vertex 22.76794919243112 -19 0
      vertex 22.83706077539491 -18.888859533960797 0
    endloop
  endfacet
  facet normal -0.6343932841636537 -0.7730104533627302 0
    outer loop
      vertex 23.18130836979986 -21.503679614957953 -3.25
      vertex 23.282477141982557 -21.58670668058247 0
      vertex 23.18130836979986 -21.503679614957953 0
    endloop
  endfacet
  facet normal -0.5824776968677894 -0.8128466845916245 0
    outer loop
      vertex 23.282477141982557 -21.58670668058247 -3.25
      vertex 23.388859533960797 -21.66293922460509 0
      vertex 23.282477141982557 -21.58670668058247 0
    endloop
  endfacet
  facet normal -0.471396736825986 -0.8819212643483612 0
    outer loop
      vertex 23.5 -21.73205080756888 -3.25
      vertex 23.615422619561997 -21.793745483065376 0
      vertex 23.5 -21.73205080756888 0
    endloop
  endfacet
  facet normal -0.5280678506503849 -0.8492021815265685 0
    outer loop
      vertex 23.388859533960797 -21.66293922460509 -3.25
      vertex 23.5 -21.73205080756888 0
      vertex 23.388859533960797 -21.66293922460509 0
    endloop
  endfacet
  facet normal -0.41270702980439006 -0.910863824921178 0
    outer loop
      vertex 23.615422619561997 -21.793745483065376 -3.25
      vertex 23.73463313526982 -21.847759065022572 0
      vertex 23.615422619561997 -21.793745483065376 0
    endloop
  endfacet
  facet normal -0.352250047921249 -0.9359059267573199 0
    outer loop
      vertex 23.73463313526982 -21.847759065022572 -3.25
      vertex 23.857121069393678 -21.893860258990212 0
      vertex 23.73463313526982 -21.847759065022572 0
    endloop
  endfacet
  facet normal -0.16289547339459642 -0.9866433320848778 0
    outer loop
      vertex 24.109819355967744 -21.96157056080646 -3.25
      vertex 24.238947615559898 -21.982889722747622 0
      vertex 24.109819355967744 -21.96157056080646 0
    endloop
  endfacet
  facet normal -0.09801714032954259 -0.9951847266721986 0
    outer loop
      vertex 24.238947615559898 -21.982889722747622 -3.25
      vertex 24.369193741539714 -21.995717846477206 0
      vertex 24.238947615559898 -21.982889722747622 0
    endloop
  endfacet
  facet normal -0.2902846772544449 -0.9569403357322143 0
    outer loop
      vertex 23.857121069393678 -21.893860258990212 -3.25
      vertex 23.98236190979496 -21.931851652578136 0
      vertex 23.857121069393678 -21.893860258990212 0
    endloop
  endfacet
  facet normal -0.2270762630343827 -0.9738769792773314 0
    outer loop
      vertex 23.98236190979496 -21.931851652578136 -3.25
      vertex 24.109819355967744 -21.96157056080646 0
      vertex 23.98236190979496 -21.931851652578136 0
    endloop
  endfacet
  facet normal -0.03271908282178681 -0.9994645874763652 0
    outer loop
      vertex 24.369193741539714 -21.995717846477206 -3.25
      vertex 24.5 -22 0
      vertex 24.369193741539714 -21.995717846477206 0
    endloop
  endfacet
  facet normal 0.03271908282178681 -0.9994645874763652 0
    outer loop
      vertex 24.5 -22 -3.25
      vertex 24.630806258460286 -21.995717846477206 0
      vertex 24.5 -22 0
    endloop
  endfacet
  facet normal 0.09801714032954259 -0.9951847266721986 0
    outer loop
      vertex 24.630806258460286 -21.995717846477206 -3.25
      vertex 24.761052384440102 -21.982889722747622 0
      vertex 24.630806258460286 -21.995717846477206 0
    endloop
  endfacet
  facet normal -0.7298640726978451 -0.6835923020228611 0
    outer loop
      vertex 22.996320385042047 -21.31869163020014 -3.25
      vertex 23.085786437626904 -21.414213562373096 0
      vertex 22.996320385042047 -21.31869163020014 0
    endloop
  endfacet
  facet normal -0.7730104533627302 -0.6343932841636537 0
    outer loop
      vertex 22.91329331941753 -21.217522858017443 -3.25
      vertex 22.996320385042047 -21.31869163020014 0
      vertex 22.91329331941753 -21.217522858017443 0
    endloop
  endfacet
  facet normal -0.6835923020228611 -0.7298640726978451 0
    outer loop
      vertex 23.085786437626904 -21.414213562373096 -3.25
      vertex 23.18130836979986 -21.503679614957953 0
      vertex 23.085786437626904 -21.414213562373096 0
    endloop
  endfacet
  facet normal 0.16289547339459642 -0.9866433320848778 0
    outer loop
      vertex 24.761052384440102 -21.982889722747622 -3.25
      vertex 24.890180644032256 -21.96157056080646 0
      vertex 24.761052384440102 -21.982889722747622 0
    endloop
  endfacet
  facet normal 0.2270762630343827 -0.9738769792773314 0
    outer loop
      vertex 24.890180644032256 -21.96157056080646 -3.25
      vertex 25.01763809020504 -21.931851652578136 0
      vertex 24.890180644032256 -21.96157056080646 0
    endloop
  endfacet
  facet normal 0.2902846772544449 -0.9569403357322143 0
    outer loop
      vertex 25.01763809020504 -21.931851652578136 -3.25
      vertex 25.142878930606322 -21.893860258990212 0
      vertex 25.01763809020504 -21.931851652578136 0
    endloop
  endfacet
  facet normal 0.352250047921249 -0.9359059267573199 0
    outer loop
      vertex 25.142878930606322 -21.893860258990212 -3.25
      vertex 25.26536686473018 -21.847759065022572 0
      vertex 25.142878930606322 -21.893860258990212 0
    endloop
  endfacet
  facet normal 0.41270702980439006 -0.910863824921178 0
    outer loop
      vertex 25.26536686473018 -21.847759065022572 -3.25
      vertex 25.384577380438003 -21.793745483065376 0
      vertex 25.26536686473018 -21.847759065022572 0
    endloop
  endfacet
  facet normal 0.471396736825986 -0.8819212643483612 0
    outer loop
      vertex 25.384577380438003 -21.793745483065376 -3.25
      vertex 25.5 -21.73205080756888 0
      vertex 25.384577380438003 -21.793745483065376 0
    endloop
  endfacet
  facet normal 0.5280678506503849 -0.8492021815265685 0
    outer loop
      vertex 25.5 -21.73205080756888 -3.25
      vertex 25.611140466039203 -21.66293922460509 0
      vertex 25.5 -21.73205080756888 0
    endloop
  endfacet
  facet normal 0.5824776968677894 -0.8128466845916245 0
    outer loop
      vertex 25.611140466039203 -21.66293922460509 -3.25
      vertex 25.717522858017443 -21.58670668058247 0
      vertex 25.611140466039203 -21.66293922460509 0
    endloop
  endfacet
  facet normal 0.6343932841636537 -0.7730104533627302 0
    outer loop
      vertex 25.717522858017443 -21.58670668058247 -3.25
      vertex 25.81869163020014 -21.503679614957953 0
      vertex 25.717522858017443 -21.58670668058247 0
    endloop
  endfacet
  facet normal 0.6835923020228611 -0.7298640726978451 0
    outer loop
      vertex 25.81869163020014 -21.503679614957953 -3.25
      vertex 25.914213562373096 -21.414213562373096 0
      vertex 25.81869163020014 -21.503679614957953 0
    endloop
  endfacet
  facet normal 0.7298640726978451 -0.6835923020228611 0
    outer loop
      vertex 25.914213562373096 -21.414213562373096 -3.25
      vertex 26.003679614957953 -21.31869163020014 0
      vertex 25.914213562373096 -21.414213562373096 0
    endloop
  endfacet
  facet normal 0.7730104533627302 -0.6343932841636537 0
    outer loop
      vertex 26.003679614957953 -21.31869163020014 -3.25
      vertex 26.08670668058247 -21.217522858017443 0
      vertex 26.003679614957953 -21.31869163020014 0
    endloop
  endfacet
  facet normal 0.8128466845916245 -0.5824776968677894 0
    outer loop
      vertex 26.08670668058247 -21.217522858017443 -3.25
      vertex 26.16293922460509 -21.111140466039203 0
      vertex 26.08670668058247 -21.217522858017443 0
    endloop
  endfacet
  facet normal 0.8492021815265685 -0.5280678506503849 0
    outer loop
      vertex 26.16293922460509 -21.111140466039203 -3.25
      vertex 26.23205080756888 -21 0
      vertex 26.16293922460509 -21.111140466039203 0
    endloop
  endfacet
  facet normal 0.8819212643483612 -0.471396736825986 0
    outer loop
      vertex 26.23205080756888 -21 -3.25
      vertex 26.293745483065376 -20.884577380438003 0
      vertex 26.23205080756888 -21 0
    endloop
  endfacet
  facet normal 0.910863824921178 -0.41270702980439006 0
    outer loop
      vertex 26.293745483065376 -20.884577380438003 -3.25
      vertex 26.347759065022572 -20.76536686473018 0
      vertex 26.293745483065376 -20.884577380438003 0
    endloop
  endfacet
  facet normal 0.9359059267573199 -0.352250047921249 0
    outer loop
      vertex 26.347759065022572 -20.76536686473018 -3.25
      vertex 26.393860258990212 -20.642878930606322 0
      vertex 26.347759065022572 -20.76536686473018 0
    endloop
  endfacet
  facet normal 0.9569403357322143 -0.2902846772544449 0
    outer loop
      vertex 26.393860258990212 -20.642878930606322 -3.25
      vertex 26.431851652578136 -20.51763809020504 0
      vertex 26.393860258990212 -20.642878930606322 0
    endloop
  endfacet
  facet normal 0.9738769792773314 -0.2270762630343827 0
    outer loop
      vertex 26.431851652578136 -20.51763809020504 -3.25
      vertex 26.46157056080646 -20.390180644032256 0
      vertex 26.431851652578136 -20.51763809020504 0
    endloop
  endfacet
  facet normal 0.9866433320848778 -0.16289547339459642 0
    outer loop
      vertex 26.46157056080646 -20.390180644032256 -3.25
      vertex 26.482889722747622 -20.261052384440102 0
      vertex 26.46157056080646 -20.390180644032256 0
    endloop
  endfacet
  facet normal 0.9951847266721986 -0.09801714032954259 0
    outer loop
      vertex 26.482889722747622 -20.261052384440102 -3.25
      vertex 26.495717846477206 -20.130806258460286 0
      vertex 26.482889722747622 -20.261052384440102 0
    endloop
  endfacet
  facet normal 0.9994645874763652 -0.03271908282178681 0
    outer loop
      vertex 26.495717846477206 -20.130806258460286 -3.25
      vertex 26.5 -20 0
      vertex 26.495717846477206 -20.130806258460286 0
    endloop
  endfacet
  facet normal 0.9994645874763652 0.03271908282178681 0
    outer loop
      vertex 26.5 -20 -3.25
      vertex 26.495717846477206 -19.869193741539714 0
      vertex 26.5 -20 0
    endloop
  endfacet
  facet normal -0.8128466845916245 0.5824776968677894 0
    outer loop
      vertex 22.91329331941753 -18.782477141982557 -3.25
      vertex 22.83706077539491 -18.888859533960797 0
      vertex 22.91329331941753 -18.782477141982557 0
    endloop
  endfacet
  facet normal -0.7730104533627302 0.6343932841636537 0
    outer loop
      vertex 22.996320385042047 -18.68130836979986 -3.25
      vertex 22.91329331941753 -18.782477141982557 0
      vertex 22.996320385042047 -18.68130836979986 0
    endloop
  endfacet
  facet normal -0.7298640726978451 0.6835923020228611 0
    outer loop
      vertex 23.085786437626904 -18.585786437626904 -3.25
      vertex 22.996320385042047 -18.68130836979986 0
      vertex 23.085786437626904 -18.585786437626904 0
    endloop
  endfacet
  facet normal -0.6835923020228611 0.7298640726978451 0
    outer loop
      vertex 23.18130836979986 -18.496320385042047 -3.25
      vertex 23.085786437626904 -18.585786437626904 0
      vertex 23.18130836979986 -18.496320385042047 0
    endloop
  endfacet
  facet normal -0.6343932841636537 0.7730104533627302 0
    outer loop
      vertex 23.282477141982557 -18.41329331941753 -3.25
      vertex 23.18130836979986 -18.496320385042047 0
      vertex 23.282477141982557 -18.41329331941753 0
    endloop
  endfacet
  facet normal -0.5824776968677894 0.8128466845916245 0
    outer loop
      vertex 23.388859533960797 -18.33706077539491 -3.25
      vertex 23.282477141982557 -18.41329331941753 0
      vertex 23.388859533960797 -18.33706077539491 0
    endloop
  endfacet
  facet normal -0.5280678506503849 0.8492021815265685 0
    outer loop
      vertex 23.5 -18.26794919243112 -3.25
      vertex 23.388859533960797 -18.33706077539491 0
      vertex 23.5 -18.26794919243112 0
    endloop
  endfacet
  facet normal -0.471396736825986 0.8819212643483612 0
    outer loop
      vertex 23.615422619561997 -18.206254516934624 -3.25
      vertex 23.5 -18.26794919243112 0
      vertex 23.615422619561997 -18.206254516934624 0
    endloop
  endfacet
  facet normal -0.41270702980439006 0.910863824921178 0
    outer loop
      vertex 23.73463313526982 -18.152240934977428 -3.25
      vertex 23.615422619561997 -18.206254516934624 0
      vertex 23.73463313526982 -18.152240934977428 0
    endloop
  endfacet
  facet normal -0.352250047921249 0.9359059267573199 0
    outer loop
      vertex 23.857121069393678 -18.106139741009788 -3.25
      vertex 23.73463313526982 -18.152240934977428 0
      vertex 23.857121069393678 -18.106139741009788 0
    endloop
  endfacet
  facet normal -0.2902846772544449 0.9569403357322143 0
    outer loop
      vertex 23.98236190979496 -18.068148347421864 -3.25
      vertex 23.857121069393678 -18.106139741009788 0
      vertex 23.98236190979496 -18.068148347421864 0
    endloop
  endfacet
  facet normal -0.2270762630343827 0.9738769792773314 0
    outer loop
      vertex 24.109819355967744 -18.03842943919354 -3.25
      vertex 23.98236190979496 -18.068148347421864 0
      vertex 24.109819355967744 -18.03842943919354 0
    endloop
  endfacet
  facet normal -0.16289547339459642 0.9866433320848778 0
    outer loop
      vertex 24.238947615559898 -18.017110277252378 -3.25
      vertex 24.109819355967744 -18.03842943919354 0
      vertex 24.238947615559898 -18.017110277252378 0
    endloop
  endfacet
  facet normal -0.09801714032954259 0.9951847266721986 0
    outer loop
      vertex 24.369193741539714 -18.004282153522794 -3.25
      vertex 24.238947615559898 -18.017110277252378 0
      vertex 24.369193741539714 -18.004282153522794 0
    endloop
  endfacet
  facet normal -0.03271908282178681 0.9994645874763652 0
    outer loop
      vertex 24.5 -18 -3.25
      vertex 24.369193741539714 -18.004282153522794 0
      vertex 24.5 -18 0
    endloop
  endfacet
  facet normal 0.09801714032954259 0.9951847266721986 0
    outer loop
      vertex 24.761052384440102 -18.017110277252378 -3.25
      vertex 24.630806258460286 -18.004282153522794 0
      vertex 24.761052384440102 -18.017110277252378 0
    endloop
  endfacet
  facet normal 0.03271908282178681 0.9994645874763652 0
    outer loop
      vertex 24.630806258460286 -18.004282153522794 -3.25
      vertex 24.5 -18 0
      vertex 24.630806258460286 -18.004282153522794 0
    endloop
  endfacet
  facet normal 0.471396736825986 0.8819212643483612 0
    outer loop
      vertex 25.5 -18.26794919243112 -3.25
      vertex 25.384577380438003 -18.206254516934624 0
      vertex 25.5 -18.26794919243112 0
    endloop
  endfacet
  facet normal 0.5280678506503849 0.8492021815265685 0
    outer loop
      vertex 25.611140466039203 -18.33706077539491 -3.25
      vertex 25.5 -18.26794919243112 0
      vertex 25.611140466039203 -18.33706077539491 0
    endloop
  endfacet
  facet normal 0.5824776968677894 0.8128466845916245 0
    outer loop
      vertex 25.717522858017443 -18.41329331941753 -3.25
      vertex 25.611140466039203 -18.33706077539491 0
      vertex 25.717522858017443 -18.41329331941753 0
    endloop
  endfacet
  facet normal 0.9951847266721986 0.09801714032954259 0
    outer loop
      vertex 26.495717846477206 -19.869193741539714 -3.25
      vertex 26.482889722747622 -19.738947615559898 0
      vertex 26.495717846477206 -19.869193741539714 0
    endloop
  endfacet
  facet normal 0.9866433320848778 0.16289547339459642 0
    outer loop
      vertex 26.482889722747622 -19.738947615559898 -3.25
      vertex 26.46157056080646 -19.609819355967744 0
      vertex 26.482889722747622 -19.738947615559898 0
    endloop
  endfacet
  facet normal 0.9738769792773314 0.2270762630343827 0
    outer loop
      vertex 26.46157056080646 -19.609819355967744 -3.25
      vertex 26.431851652578136 -19.48236190979496 0
      vertex 26.46157056080646 -19.609819355967744 0
    endloop
  endfacet
  facet normal 0.9569403357322143 0.2902846772544449 0
    outer loop
      vertex 26.431851652578136 -19.48236190979496 -3.25
      vertex 26.393860258990212 -19.357121069393678 0
      vertex 26.431851652578136 -19.48236190979496 0
    endloop
  endfacet
  facet normal 0.9359059267573199 0.352250047921249 0
    outer loop
      vertex 26.393860258990212 -19.357121069393678 -3.25
      vertex 26.347759065022572 -19.23463313526982 0
      vertex 26.393860258990212 -19.357121069393678 0
    endloop
  endfacet
  facet normal 0.910863824921178 0.41270702980439006 0
    outer loop
      vertex 26.347759065022572 -19.23463313526982 -3.25
      vertex 26.293745483065376 -19.115422619561997 0
      vertex 26.347759065022572 -19.23463313526982 0
    endloop
  endfacet
  facet normal 0.8819212643483612 0.471396736825986 0
    outer loop
      vertex 26.293745483065376 -19.115422619561997 -3.25
      vertex 26.23205080756888 -19 0
      vertex 26.293745483065376 -19.115422619561997 0
    endloop
  endfacet
  facet normal 0.8492021815265685 0.5280678506503849 0
    outer loop
      vertex 26.23205080756888 -19 -3.25
      vertex 26.16293922460509 -18.888859533960797 0
      vertex 26.23205080756888 -19 0
    endloop
  endfacet
  facet normal 0.8128466845916245 0.5824776968677894 0
    outer loop
      vertex 26.16293922460509 -18.888859533960797 -3.25
      vertex 26.08670668058247 -18.782477141982557 0
      vertex 26.16293922460509 -18.888859533960797 0
    endloop
  endfacet
  facet normal 0.7730104533627302 0.6343932841636537 0
    outer loop
      vertex 26.08670668058247 -18.782477141982557 -3.25
      vertex 26.003679614957953 -18.68130836979986 0
      vertex 26.08670668058247 -18.782477141982557 0
    endloop
  endfacet
  facet normal 0.7298640726978451 0.6835923020228611 0
    outer loop
      vertex 26.003679614957953 -18.68130836979986 -3.25
      vertex 25.914213562373096 -18.585786437626904 0
      vertex 26.003679614957953 -18.68130836979986 0
    endloop
  endfacet
  facet normal 0.6343932841636537 0.7730104533627302 0
    outer loop
      vertex 25.81869163020014 -18.496320385042047 -3.25
      vertex 25.717522858017443 -18.41329331941753 0
      vertex 25.81869163020014 -18.496320385042047 0
    endloop
  endfacet
  facet normal 0.6835923020228611 0.7298640726978451 0
    outer loop
      vertex 25.914213562373096 -18.585786437626904 -3.25
      vertex 25.81869163020014 -18.496320385042047 0
      vertex 25.914213562373096 -18.585786437626904 0
    endloop
  endfacet
  facet normal 0.16289547339459642 0.9866433320848778 0
    outer loop
      vertex 24.890180644032256 -18.03842943919354 -3.25
      vertex 24.761052384440102 -18.017110277252378 0
      vertex 24.890180644032256 -18.03842943919354 0
    endloop
  endfacet
  facet normal 0.2270762630343827 0.9738769792773314 0
    outer loop
      vertex 25.01763809020504 -18.068148347421864 -3.25
      vertex 24.890180644032256 -18.03842943919354 0
      vertex 25.01763809020504 -18.068148347421864 0
    endloop
  endfacet
  facet normal 0.2902846772544449 0.9569403357322143 0
    outer loop
      vertex 25.142878930606322 -18.106139741009788 -3.25
      vertex 25.01763809020504 -18.068148347421864 0
      vertex 25.142878930606322 -18.106139741009788 0
    endloop
  endfacet
  facet normal 0.352250047921249 0.9359059267573199 0
    outer loop
      vertex 25.26536686473018 -18.152240934977428 -3.25
      vertex 25.142878930606322 -18.106139741009788 0
      vertex 25.26536686473018 -18.152240934977428 0
    endloop
  endfacet
  facet normal 0.41270702980439006 0.910863824921178 0
    outer loop
      vertex 25.384577380438003 -18.206254516934624 -3.25
      vertex 25.26536686473018 -18.152240934977428 0
      vertex 25.384577380438003 -18.206254516934624 0
    endloop
  endfacet
  facet normal 0 0 -1
    outer loop
      vertex 22.568148347421864 19.48236190979496 -3.25
      vertex 22.53842943919354 19.609819355967744 -3.25
      vertex 22.568148347421864 20.51763809020504 -3.25
    endloop
  endfacet
  facet normal 0 0 -1
    outer loop
      vertex 22.606139741009788 19.357121069393678 -3.25
      vertex 22.568148347421864 19.48236190979496 -3.25
      vertex 22.606139741009788 20.642878930606322 -3.25
    endloop
  endfacet
  facet normal 0 0 -1
    outer loop
      vertex 22.76794919243112 19 -3.25
      vertex 22.83706077539491 21.111140466039203 -3.25
      vertex 22.83706077539491 18.888859533960797 -3.25
    endloop
  endfacet
  facet normal 0 0 -1
    outer loop
      vertex 22.652240934977428 19.23463313526982 -3.25
      vertex 22.706254516934624 20.884577380438003 -3.25
      vertex 22.706254516934624 19.115422619561997 -3.25
    endloop
  endfacet
  facet normal 0 0 -1
    outer loop
      vertex 22.76794919243112 19 -3.25
      vertex 22.706254516934624 19.115422619561997 -3.25
      vertex 22.76794919243112 21 -3.25
    endloop
  endfacet
  facet normal 0 0 -1
    outer loop
      vertex 22.652240934977428 19.23463313526982 -3.25
      vertex 22.606139741009788 19.357121069393678 -3.25
      vertex 22.652240934977428 20.76536686473018 -3.25
    endloop
  endfacet
  facet normal -0.8819212643483612 -0.471396736825986 0
    outer loop
      vertex 22.76794919243112 19 -3.25
      vertex 22.76794919243112 19 0
      vertex 22.706254516934624 19.115422619561997 -3.25
    endloop
  endfacet
  facet normal -0.8492021815265685 -0.5280678506503849 0
    outer loop
      vertex 22.76794919243112 19 -3.25
      vertex 22.83706077539491 18.888859533960797 -3.25
      vertex 22.83706077539491 18.888859533960797 0
    endloop
  endfacet
  facet normal -0.9569403357322143 -0.2902846772544449 0
    outer loop
      vertex 22.606139741009788 19.357121069393678 -3.25
      vertex 22.606139741009788 19.357121069393678 0
      vertex 22.568148347421864 19.48236190979496 -3.25
    endloop
  endfacet
  facet normal -0.910863824921178 -0.41270702980439006 0
    outer loop
      vertex 22.652240934977428 19.23463313526982 -3.25
      vertex 22.706254516934624 19.115422619561997 -3.25
      vertex 22.706254516934624 19.115422619561997 0
    endloop
  endfacet
  facet normal -0.9359059267573199 -0.352250047921249 0
    outer loop
      vertex 22.652240934977428 19.23463313526982 -3.25
      vertex 22.652240934977428 19.23463313526982 0
      vertex 22.606139741009788 19.357121069393678 -3.25
    endloop
  endfacet
  facet normal -0.9738769792773314 -0.2270762630343827 0
    outer loop
      vertex 22.568148347421864 19.48236190979496 -3.25
      vertex 22.568148347421864 19.48236190979496 0
      vertex 22.53842943919354 19.609819355967744 -3.25
    endloop
  endfacet
  facet normal -0.9866433320848778 -0.16289547339459642 0
    outer loop
      vertex 22.53842943919354 19.609819355967744 -3.25
      vertex 22.53842943919354 19.609819355967744 0
      vertex 22.517110277252378 19.738947615559898 -3.25
    endloop
  endfacet
  facet normal -0.9951847266721986 -0.09801714032954259 0
    outer loop
      vertex 22.517110277252378 19.738947615559898 -3.25
      vertex 22.517110277252378 19.738947615559898 0
      vertex 22.504282153522794 19.869193741539714 -3.25
    endloop
  endfacet
  facet normal 0 0 -1
    outer loop
      vertex 22.517110277252378 19.738947615559898 -3.25
      vertex 22.504282153522794 19.869193741539714 -3.25
      vertex 22.517110277252378 20.261052384440102 -3.25
    endloop
  endfacet
  facet normal 0 0 -1
    outer loop
      vertex 22.504282153522794 19.869193741539714 -3.25
      vertex 22.5 20 -3.25
      vertex 22.504282153522794 20.130806258460286 -3.25
    endloop
  endfacet
  facet normal 0 0 -1
    outer loop
      vertex 22.53842943919354 19.609819355967744 -3.25
      vertex 22.517110277252378 19.738947615559898 -3.25
      vertex 22.53842943919354 20.390180644032256 -3.25
    endloop
  endfacet
  facet normal 0 0 -1
    outer loop
      vertex 22.504282153522794 19.869193741539714 -3.25
      vertex 22.504282153522794 20.130806258460286 -3.25
      vertex 22.517110277252378 20.261052384440102 -3.25
    endloop
  endfacet
  facet normal 0 0 -1
    outer loop
      vertex 22.517110277252378 19.738947615559898 -3.25
      vertex 22.517110277252378 20.261052384440102 -3.25
      vertex 22.53842943919354 20.390180644032256 -3.25
    endloop
  endfacet
  facet normal 0 0 -1
    outer loop
      vertex 22.53842943919354 19.609819355967744 -3.25
      vertex 22.53842943919354 20.390180644032256 -3.25
      vertex 22.568148347421864 20.51763809020504 -3.25
    endloop
  endfacet
  facet normal 0 0 -1
    outer loop
      vertex 22.568148347421864 19.48236190979496 -3.25
      vertex 22.568148347421864 20.51763809020504 -3.25
      vertex 22.606139741009788 20.642878930606322 -3.25
    endloop
  endfacet
  facet normal 0 0 -1
    outer loop
      vertex 22.606139741009788 19.357121069393678 -3.25
      vertex 22.606139741009788 20.642878930606322 -3.25
      vertex 22.652240934977428 20.76536686473018 -3.25
    endloop
  endfacet
  facet normal 0 0 -1
    outer loop
      vertex 22.652240934977428 19.23463313526982 -3.25
      vertex 22.652240934977428 20.76536686473018 -3.25
      vertex 22.706254516934624 20.884577380438003 -3.25
    endloop
  endfacet
  facet normal 0 0 -1
    outer loop
      vertex 22.706254516934624 19.115422619561997 -3.25
      vertex 22.706254516934624 20.884577380438003 -3.25
      vertex 22.76794919243112 21 -3.25
    endloop
  endfacet
  facet normal 0 0 -1
    outer loop
      vertex 22.76794919243112 19 -3.25
      vertex 22.76794919243112 21 -3.25
      vertex 22.83706077539491 21.111140466039203 -3.25
    endloop
  endfacet
  facet normal 0 0 -1
    outer loop
      vertex 22.83706077539491 18.888859533960797 -3.25
      vertex 22.83706077539491 21.111140466039203 -3.25
      vertex 22.91329331941753 21.217522858017443 -3.25
    endloop
  endfacet
  facet normal -0.9994645874763652 -0.03271908282178681 0
    outer loop
      vertex 22.504282153522794 19.869193741539714 -3.25
      vertex 22.504282153522794 19.869193741539714 0
      vertex 22.5 20 -3.25
    endloop
  endfacet
  facet normal -0.9994645874763652 0.03271908282178681 0
    outer loop
      vertex 22.5 20 -3.25
      vertex 22.5 20 0
      vertex 22.504282153522794 20.130806258460286 -3.25
    endloop
  endfacet
  facet normal -0.9951847266721986 0.09801714032954259 0
    outer loop
      vertex 22.504282153522794 20.130806258460286 -3.25
      vertex 22.504282153522794 20.130806258460286 0
      vertex 22.517110277252378 20.261052384440102 -3.25
    endloop
  endfacet
  facet normal -0.9866433320848778 0.16289547339459642 0
    outer loop
      vertex 22.517110277252378 20.261052384440102 -3.25
      vertex 22.517110277252378 20.261052384440102 0
      vertex 22.53842943919354 20.390180644032256 -3.25
    endloop
  endfacet
  facet normal -0.9738769792773314 0.2270762630343827 0
    outer loop
      vertex 22.53842943919354 20.390180644032256 -3.25
      vertex 22.53842943919354 20.390180644032256 0
      vertex 22.568148347421864 20.51763809020504 -3.25
    endloop
  endfacet
  facet normal -0.9569403357322143 0.2902846772544449 0
    outer loop
      vertex 22.568148347421864 20.51763809020504 -3.25
      vertex 22.568148347421864 20.51763809020504 0
      vertex 22.606139741009788 20.642878930606322 -3.25
    endloop
  endfacet
  facet normal -0.9359059267573199 0.352250047921249 0
    outer loop
      vertex 22.606139741009788 20.642878930606322 -3.25
      vertex 22.606139741009788 20.642878930606322 0
      vertex 22.652240934977428 20.76536686473018 -3.25
    endloop
  endfacet
  facet normal -0.910863824921178 0.41270702980439006 0
    outer loop
      vertex 22.652240934977428 20.76536686473018 -3.25
      vertex 22.652240934977428 20.76536686473018 0
      vertex 22.706254516934624 20.884577380438003 -3.25
    endloop
  endfacet
  facet normal -0.8819212643483612 0.471396736825986 0
    outer loop
      vertex 22.706254516934624 20.884577380438003 -3.25
      vertex 22.706254516934624 20.884577380438003 0
      vertex 22.76794919243112 21 -3.25
    endloop
  endfacet
  facet normal -0.8492021815265685 0.5280678506503849 0
    outer loop
      vertex 22.76794919243112 21 -3.25
      vertex 22.76794919243112 21 0
      vertex 22.83706077539491 21.111140466039203 -3.25
    endloop
  endfacet
  facet normal -0.8128466845916245 0.5824776968677894 0
    outer loop
      vertex 22.83706077539491 21.111140466039203 -3.25
      vertex 22.83706077539491 21.111140466039203 0
      vertex 22.91329331941753 21.217522858017443 -3.25
    endloop
  endfacet
  facet normal 0 0 -1
    outer loop
      vertex 22.83706077539491 18.888859533960797 -3.25
      vertex 22.91329331941753 21.217522858017443 -3.25
      vertex 22.91329331941753 18.782477141982557 -3.25
    endloop
  endfacet
  facet normal 0 0 -1
    outer loop
      vertex 22.91329331941753 18.782477141982557 -3.25
      vertex 22.996320385042047 21.31869163020014 -3.25
      vertex 22.996320385042047 18.68130836979986 -3.25
    endloop
  endfacet
  facet normal 0 0 -1
    outer loop
      vertex 22.996320385042047 18.68130836979986 -3.25
      vertex 23.085786437626904 21.414213562373096 -3.25
      vertex 23.085786437626904 18.585786437626904 -3.25
    endloop
  endfacet
  facet normal 0 0 -1
    outer loop
      vertex 23.18130836979986 18.496320385042047 -3.25
      vertex 23.085786437626904 18.585786437626904 -3.25
      vertex 23.18130836979986 21.503679614957953 -3.25
    endloop
  endfacet
  facet normal 0 0 -1
    outer loop
      vertex 23.18130836979986 18.496320385042047 -3.25
      vertex 23.282477141982557 21.58670668058247 -3.25
      vertex 23.282477141982557 18.41329331941753 -3.25
    endloop
  endfacet
  facet normal 0 0 -1
    outer loop
      vertex 23.388859533960797 18.33706077539491 -3.25
      vertex 23.5 21.73205080756888 -3.25
      vertex 23.5 18.26794919243112 -3.25
    endloop
  endfacet
  facet normal 0 0 -1
    outer loop
      vertex 23.5 18.26794919243112 -3.25
      vertex 23.615422619561997 21.793745483065376 -3.25
      vertex 23.615422619561997 18.206254516934624 -3.25
    endloop
  endfacet
  facet normal 0 0 -1
    outer loop
      vertex 23.615422619561997 18.206254516934624 -3.25
      vertex 23.73463313526982 21.847759065022572 -3.25
      vertex 23.73463313526982 18.152240934977428 -3.25
    endloop
  endfacet
  facet normal 0 0 -1
    outer loop
      vertex 23.73463313526982 18.152240934977428 -3.25
      vertex 23.857121069393678 21.893860258990212 -3.25
      vertex 23.857121069393678 18.106139741009788 -3.25
    endloop
  endfacet
  facet normal 0 0 -1
    outer loop
      vertex 23.388859533960797 18.33706077539491 -3.25
      vertex 23.282477141982557 18.41329331941753 -3.25
      vertex 23.388859533960797 21.66293922460509 -3.25
    endloop
  endfacet
  facet normal 0 0 -1
    outer loop
      vertex 23.857121069393678 18.106139741009788 -3.25
      vertex 23.98236190979496 21.931851652578136 -3.25
      vertex 23.98236190979496 18.068148347421864 -3.25
    endloop
  endfacet
  facet normal 0 0 -1
    outer loop
      vertex 23.98236190979496 18.068148347421864 -3.25
      vertex 24.109819355967744 21.96157056080646 -3.25
      vertex 24.109819355967744 18.03842943919354 -3.25
    endloop
  endfacet
  facet normal 0 0 -1
    outer loop
      vertex 24.109819355967744 18.03842943919354 -3.25
      vertex 24.238947615559898 21.982889722747622 -3.25
      vertex 24.238947615559898 18.017110277252378 -3.25
    endloop
  endfacet
  facet normal 0 0 -1
    outer loop
      vertex 24.238947615559898 18.017110277252378 -3.25
      vertex 24.369193741539714 21.995717846477206 -3.25
      vertex 24.369193741539714 18.004282153522794 -3.25
    endloop
  endfacet
  facet normal 0 0 -1
    outer loop
      vertex 24.369193741539714 18.004282153522794 -3.25
      vertex 24.5 22 -3.25
      vertex 24.5 18 -3.25
    endloop
  endfacet
  facet normal 0 0 -1
    outer loop
      vertex 24.5 18 -3.25
      vertex 24.630806258460286 21.995717846477206 -3.25
      vertex 24.630806258460286 18.004282153522794 -3.25
    endloop
  endfacet
  facet normal 0 0 -1
    outer loop
      vertex 24.630806258460286 18.004282153522794 -3.25
      vertex 24.761052384440102 21.982889722747622 -3.25
      vertex 24.761052384440102 18.017110277252378 -3.25
    endloop
  endfacet
  facet normal 0 0 -1
    outer loop
      vertex 24.761052384440102 18.017110277252378 -3.25
      vertex 24.890180644032256 21.96157056080646 -3.25
      vertex 24.890180644032256 18.03842943919354 -3.25
    endloop
  endfacet
  facet normal 0 0 -1
    outer loop
      vertex 24.890180644032256 18.03842943919354 -3.25
      vertex 25.01763809020504 21.931851652578136 -3.25
      vertex 25.01763809020504 18.068148347421864 -3.25
    endloop
  endfacet
  facet normal 0 0 -1
    outer loop
      vertex 25.01763809020504 18.068148347421864 -3.25
      vertex 25.142878930606322 21.893860258990212 -3.25
      vertex 25.142878930606322 18.106139741009788 -3.25
    endloop
  endfacet
  facet normal 0 0 -1
    outer loop
      vertex 25.142878930606322 18.106139741009788 -3.25
      vertex 25.26536686473018 21.847759065022572 -3.25
      vertex 25.26536686473018 18.152240934977428 -3.25
    endloop
  endfacet
  facet normal 0 0 -1
    outer loop
      vertex 25.26536686473018 18.152240934977428 -3.25
      vertex 25.384577380438003 21.793745483065376 -3.25
      vertex 25.384577380438003 18.206254516934624 -3.25
    endloop
  endfacet
  facet normal 0 0 -1
    outer loop
      vertex 25.384577380438003 18.206254516934624 -3.25
      vertex 25.5 21.73205080756888 -3.25
      vertex 25.5 18.26794919243112 -3.25
    endloop
  endfacet
  facet normal 0 0 -1
    outer loop
      vertex 25.5 18.26794919243112 -3.25
      vertex 25.611140466039203 21.66293922460509 -3.25
      vertex 25.611140466039203 18.33706077539491 -3.25
    endloop
  endfacet
  facet normal 0 0 -1
    outer loop
      vertex 25.611140466039203 18.33706077539491 -3.25
      vertex 25.717522858017443 21.58670668058247 -3.25
      vertex 25.717522858017443 18.41329331941753 -3.25
    endloop
  endfacet
  facet normal 0 0 -1
    outer loop
      vertex 25.717522858017443 18.41329331941753 -3.25
      vertex 25.81869163020014 21.503679614957953 -3.25
      vertex 25.81869163020014 18.496320385042047 -3.25
    endloop
  endfacet
  facet normal 0 0 -1
    outer loop
      vertex 25.81869163020014 18.496320385042047 -3.25
      vertex 25.914213562373096 21.414213562373096 -3.25
      vertex 25.914213562373096 18.585786437626904 -3.25
    endloop
  endfacet
  facet normal 0 0 -1
    outer loop
      vertex 25.914213562373096 18.585786437626904 -3.25
      vertex 26.003679614957953 21.31869163020014 -3.25
      vertex 26.003679614957953 18.68130836979986 -3.25
    endloop
  endfacet
  facet normal 0 0 -1
    outer loop
      vertex 26.003679614957953 18.68130836979986 -3.25
      vertex 26.08670668058247 21.217522858017443 -3.25
      vertex 26.08670668058247 18.782477141982557 -3.25
    endloop
  endfacet
  facet normal 0 0 -1
    outer loop
      vertex 26.08670668058247 18.782477141982557 -3.25
      vertex 26.16293922460509 21.111140466039203 -3.25
      vertex 26.16293922460509 18.888859533960797 -3.25
    endloop
  endfacet
  facet normal 0 0 -1
    outer loop
      vertex 26.16293922460509 18.888859533960797 -3.25
      vertex 26.23205080756888 21 -3.25
      vertex 26.23205080756888 19 -3.25
    endloop
  endfacet
  facet normal 0 0 -1
    outer loop
      vertex 26.23205080756888 19 -3.25
      vertex 26.293745483065376 20.884577380438003 -3.25
      vertex 26.293745483065376 19.115422619561997 -3.25
    endloop
  endfacet
  facet normal 0 0 -1
    outer loop
      vertex 26.293745483065376 19.115422619561997 -3.25
      vertex 26.347759065022572 20.76536686473018 -3.25
      vertex 26.347759065022572 19.23463313526982 -3.25
    endloop
  endfacet
  facet normal 0 0 -1
    outer loop
      vertex 26.347759065022572 19.23463313526982 -3.25
      vertex 26.393860258990212 20.642878930606322 -3.25
      vertex 26.393860258990212 19.357121069393678 -3.25
    endloop
  endfacet
  facet normal 0 0 -1
    outer loop
      vertex 26.393860258990212 19.357121069393678 -3.25
      vertex 26.431851652578136 20.51763809020504 -3.25
      vertex 26.431851652578136 19.48236190979496 -3.25
    endloop
  endfacet
  facet normal 0 0 -1
    outer loop
      vertex 26.431851652578136 19.48236190979496 -3.25
      vertex 26.46157056080646 20.390180644032256 -3.25
      vertex 26.46157056080646 19.609819355967744 -3.25
    endloop
  endfacet
  facet normal 0 0 -1
    outer loop
      vertex 26.46157056080646 19.609819355967744 -3.25
      vertex 26.482889722747622 20.261052384440102 -3.25
      vertex 26.482889722747622 19.738947615559898 -3.25
    endloop
  endfacet
  facet normal -0.41270702980439006 -0.910863824921178 0
    outer loop
      vertex 23.615422619561997 18.206254516934624 -3.25
      vertex 23.73463313526982 18.152240934977428 -3.25
      vertex 23.73463313526982 18.152240934977428 0
    endloop
  endfacet
  facet normal -0.352250047921249 -0.9359059267573199 0
    outer loop
      vertex 23.73463313526982 18.152240934977428 -3.25
      vertex 23.857121069393678 18.106139741009788 -3.25
      vertex 23.857121069393678 18.106139741009788 0
    endloop
  endfacet
  facet normal -0.2902846772544449 -0.9569403357322143 0
    outer loop
      vertex 23.857121069393678 18.106139741009788 -3.25
      vertex 23.98236190979496 18.068148347421864 -3.25
      vertex 23.98236190979496 18.068148347421864 0
    endloop
  endfacet
  facet normal -0.2270762630343827 -0.9738769792773314 0
    outer loop
      vertex 23.98236190979496 18.068148347421864 -3.25
      vertex 24.109819355967744 18.03842943919354 -3.25
      vertex 24.109819355967744 18.03842943919354 0
    endloop
  endfacet
  facet normal -0.16289547339459642 -0.9866433320848778 0
    outer loop
      vertex 24.109819355967744 18.03842943919354 -3.25
      vertex 24.238947615559898 18.017110277252378 -3.25
      vertex 24.238947615559898 18.017110277252378 0
    endloop
  endfacet
  facet normal -0.09801714032954259 -0.9951847266721986 0
    outer loop
      vertex 24.238947615559898 18.017110277252378 -3.25
      vertex 24.369193741539714 18.004282153522794 -3.25
      vertex 24.369193741539714 18.004282153522794 0
    endloop
  endfacet
  facet normal -0.03271908282178681 -0.9994645874763652 0
    outer loop
      vertex 24.369193741539714 18.004282153522794 -3.25
      vertex 24.5 18 -3.25
      vertex 24.5 18 0
    endloop
  endfacet
  facet normal 0.03271908282178681 -0.9994645874763652 0
    outer loop
      vertex 24.5 18 -3.25
      vertex 24.630806258460286 18.004282153522794 -3.25
      vertex 24.630806258460286 18.004282153522794 0
    endloop
  endfacet
  facet normal 0.09801714032954259 -0.9951847266721986 0
    outer loop
      vertex 24.630806258460286 18.004282153522794 -3.25
      vertex 24.761052384440102 18.017110277252378 -3.25
      vertex 24.761052384440102 18.017110277252378 0
    endloop
  endfacet
  facet normal -0.7298640726978451 -0.6835923020228611 0
    outer loop
      vertex 22.996320385042047 18.68130836979986 -3.25
      vertex 23.085786437626904 18.585786437626904 -3.25
      vertex 23.085786437626904 18.585786437626904 0
    endloop
  endfacet
  facet normal -0.6835923020228611 -0.7298640726978451 0
    outer loop
      vertex 23.18130836979986 18.496320385042047 -3.25
      vertex 23.18130836979986 18.496320385042047 0
      vertex 23.085786437626904 18.585786437626904 -3.25
    endloop
  endfacet
  facet normal -0.6343932841636537 -0.7730104533627302 0
    outer loop
      vertex 23.18130836979986 18.496320385042047 -3.25
      vertex 23.282477141982557 18.41329331941753 -3.25
      vertex 23.282477141982557 18.41329331941753 0
    endloop
  endfacet
  facet normal -0.7730104533627302 -0.6343932841636537 0
    outer loop
      vertex 22.91329331941753 18.782477141982557 -3.25
      vertex 22.996320385042047 18.68130836979986 -3.25
      vertex 22.996320385042047 18.68130836979986 0
    endloop
  endfacet
  facet normal -0.8128466845916245 -0.5824776968677894 0
    outer loop
      vertex 22.83706077539491 18.888859533960797 -3.25
      vertex 22.91329331941753 18.782477141982557 -3.25
      vertex 22.91329331941753 18.782477141982557 0
    endloop
  endfacet
  facet normal -0.5280678506503849 -0.8492021815265685 0
    outer loop
      vertex 23.388859533960797 18.33706077539491 -3.25
      vertex 23.5 18.26794919243112 -3.25
      vertex 23.5 18.26794919243112 0
    endloop
  endfacet
  facet normal -0.5824776968677894 -0.8128466845916245 0
    outer loop
      vertex 23.388859533960797 18.33706077539491 -3.25
      vertex 23.388859533960797 18.33706077539491 0
      vertex 23.282477141982557 18.41329331941753 -3.25
    endloop
  endfacet
  facet normal -0.471396736825986 -0.8819212643483612 0
    outer loop
      vertex 23.5 18.26794919243112 -3.25
      vertex 23.615422619561997 18.206254516934624 -3.25
      vertex 23.615422619561997 18.206254516934624 0
    endloop
  endfacet
  facet normal 0.16289547339459642 -0.9866433320848778 0
    outer loop
      vertex 24.761052384440102 18.017110277252378 -3.25
      vertex 24.890180644032256 18.03842943919354 -3.25
      vertex 24.890180644032256 18.03842943919354 0
    endloop
  endfacet
  facet normal 0.2270762630343827 -0.9738769792773314 0
    outer loop
      vertex 24.890180644032256 18.03842943919354 -3.25
      vertex 25.01763809020504 18.068148347421864 -3.25
      vertex 25.01763809020504 18.068148347421864 0
    endloop
  endfacet
  facet normal 0.2902846772544449 -0.9569403357322143 0
    outer loop
      vertex 25.01763809020504 18.068148347421864 -3.25
      vertex 25.142878930606322 18.106139741009788 -3.25
      vertex 25.142878930606322 18.106139741009788 0
    endloop
  endfacet
  facet normal 0.352250047921249 -0.9359059267573199 0
    outer loop
      vertex 25.142878930606322 18.106139741009788 -3.25
      vertex 25.26536686473018 18.152240934977428 -3.25
      vertex 25.26536686473018 18.152240934977428 0
    endloop
  endfacet
  facet normal 0.41270702980439006 -0.910863824921178 0
    outer loop
      vertex 25.26536686473018 18.152240934977428 -3.25
      vertex 25.384577380438003 18.206254516934624 -3.25
      vertex 25.384577380438003 18.206254516934624 0
    endloop
  endfacet
  facet normal 0.471396736825986 -0.8819212643483612 0
    outer loop
      vertex 25.384577380438003 18.206254516934624 -3.25
      vertex 25.5 18.26794919243112 -3.25
      vertex 25.5 18.26794919243112 0
    endloop
  endfacet
  facet normal 0.5280678506503849 -0.8492021815265685 0
    outer loop
      vertex 25.5 18.26794919243112 -3.25
      vertex 25.611140466039203 18.33706077539491 -3.25
      vertex 25.611140466039203 18.33706077539491 0
    endloop
  endfacet
  facet normal 0.5824776968677894 -0.8128466845916245 0
    outer loop
      vertex 25.611140466039203 18.33706077539491 -3.25
      vertex 25.717522858017443 18.41329331941753 -3.25
      vertex 25.717522858017443 18.41329331941753 0
    endloop
  endfacet
  facet normal 0.6343932841636537 -0.7730104533627302 0
    outer loop
      vertex 25.717522858017443 18.41329331941753 -3.25
      vertex 25.81869163020014 18.496320385042047 -3.25
      vertex 25.81869163020014 18.496320385042047 0
    endloop
  endfacet
  facet normal 0.6835923020228611 -0.7298640726978451 0
    outer loop
      vertex 25.81869163020014 18.496320385042047 -3.25
      vertex 25.914213562373096 18.585786437626904 -3.25
      vertex 25.914213562373096 18.585786437626904 0
    endloop
  endfacet
  facet normal 0.7298640726978451 -0.6835923020228611 0
    outer loop
      vertex 25.914213562373096 18.585786437626904 -3.25
      vertex 26.003679614957953 18.68130836979986 -3.25
      vertex 26.003679614957953 18.68130836979986 0
    endloop
  endfacet
  facet normal 0.7730104533627302 -0.6343932841636537 0
    outer loop
      vertex 26.003679614957953 18.68130836979986 -3.25
      vertex 26.08670668058247 18.782477141982557 -3.25
      vertex 26.08670668058247 18.782477141982557 0
    endloop
  endfacet
  facet normal 0.8128466845916245 -0.5824776968677894 0
    outer loop
      vertex 26.08670668058247 18.782477141982557 -3.25
      vertex 26.16293922460509 18.888859533960797 -3.25
      vertex 26.16293922460509 18.888859533960797 0
    endloop
  endfacet
  facet normal 0.8492021815265685 -0.5280678506503849 0
    outer loop
      vertex 26.16293922460509 18.888859533960797 -3.25
      vertex 26.23205080756888 19 -3.25
      vertex 26.23205080756888 19 0
    endloop
  endfacet
  facet normal 0.8819212643483612 -0.471396736825986 0
    outer loop
      vertex 26.23205080756888 19 -3.25
      vertex 26.293745483065376 19.115422619561997 -3.25
      vertex 26.293745483065376 19.115422619561997 0
    endloop
  endfacet
  facet normal 0.910863824921178 -0.41270702980439006 0
    outer loop
      vertex 26.293745483065376 19.115422619561997 -3.25
      vertex 26.347759065022572 19.23463313526982 -3.25
      vertex 26.347759065022572 19.23463313526982 0
    endloop
  endfacet
  facet normal 0.9359059267573199 -0.352250047921249 0
    outer loop
      vertex 26.347759065022572 19.23463313526982 -3.25
      vertex 26.393860258990212 19.357121069393678 -3.25
      vertex 26.393860258990212 19.357121069393678 0
    endloop
  endfacet
  facet normal 0.9569403357322143 -0.2902846772544449 0
    outer loop
      vertex 26.393860258990212 19.357121069393678 -3.25
      vertex 26.431851652578136 19.48236190979496 -3.25
      vertex 26.431851652578136 19.48236190979496 0
    endloop
  endfacet
  facet normal 0.9738769792773314 -0.2270762630343827 0
    outer loop
      vertex 26.431851652578136 19.48236190979496 -3.25
      vertex 26.46157056080646 19.609819355967744 -3.25
      vertex 26.46157056080646 19.609819355967744 0
    endloop
  endfacet
  facet normal 0.9866433320848778 -0.16289547339459642 0
    outer loop
      vertex 26.46157056080646 19.609819355967744 -3.25
      vertex 26.482889722747622 19.738947615559898 -3.25
      vertex 26.482889722747622 19.738947615559898 0
    endloop
  endfacet
  facet normal 0.9951847266721986 -0.09801714032954259 0
    outer loop
      vertex 26.482889722747622 19.738947615559898 -3.25
      vertex 26.495717846477206 19.869193741539714 -3.25
      vertex 26.495717846477206 19.869193741539714 0
    endloop
  endfacet
  facet normal 0 0 -1
    outer loop
      vertex 22.91329331941753 18.782477141982557 -3.25
      vertex 22.91329331941753 21.217522858017443 -3.25
      vertex 22.996320385042047 21.31869163020014 -3.25
    endloop
  endfacet
  facet normal 0 0 -1
    outer loop
      vertex 22.996320385042047 18.68130836979986 -3.25
      vertex 22.996320385042047 21.31869163020014 -3.25
      vertex 23.085786437626904 21.414213562373096 -3.25
    endloop
  endfacet
  facet normal 0 0 -1
    outer loop
      vertex 23.085786437626904 18.585786437626904 -3.25
      vertex 23.085786437626904 21.414213562373096 -3.25
      vertex 23.18130836979986 21.503679614957953 -3.25
    endloop
  endfacet
  facet normal 0 0 -1
    outer loop
      vertex 23.18130836979986 18.496320385042047 -3.25
      vertex 23.18130836979986 21.503679614957953 -3.25
      vertex 23.282477141982557 21.58670668058247 -3.25
    endloop
  endfacet
  facet normal 0 0 -1
    outer loop
      vertex 23.282477141982557 18.41329331941753 -3.25
      vertex 23.282477141982557 21.58670668058247 -3.25
      vertex 23.388859533960797 21.66293922460509 -3.25
    endloop
  endfacet
  facet normal 0 0 -1
    outer loop
      vertex 23.388859533960797 18.33706077539491 -3.25
      vertex 23.388859533960797 21.66293922460509 -3.25
      vertex 23.5 21.73205080756888 -3.25
    endloop
  endfacet
  facet normal 0 0 -1
    outer loop
      vertex 23.5 18.26794919243112 -3.25
      vertex 23.5 21.73205080756888 -3.25
      vertex 23.615422619561997 21.793745483065376 -3.25
    endloop
  endfacet
  facet normal 0 0 -1
    outer loop
      vertex 23.615422619561997 18.206254516934624 -3.25
      vertex 23.615422619561997 21.793745483065376 -3.25
      vertex 23.73463313526982 21.847759065022572 -3.25
    endloop
  endfacet
  facet normal 0 0 -1
    outer loop
      vertex 23.73463313526982 18.152240934977428 -3.25
      vertex 23.73463313526982 21.847759065022572 -3.25
      vertex 23.857121069393678 21.893860258990212 -3.25
    endloop
  endfacet
  facet normal 0 0 -1
    outer loop
      vertex 23.857121069393678 18.106139741009788 -3.25
      vertex 23.857121069393678 21.893860258990212 -3.25
      vertex 23.98236190979496 21.931851652578136 -3.25
    endloop
  endfacet
  facet normal 0 0 -1
    outer loop
      vertex 23.98236190979496 18.068148347421864 -3.25
      vertex 23.98236190979496 21.931851652578136 -3.25
      vertex 24.109819355967744 21.96157056080646 -3.25
    endloop
  endfacet
  facet normal 0 0 -1
    outer loop
      vertex 24.109819355967744 18.03842943919354 -3.25
      vertex 24.109819355967744 21.96157056080646 -3.25
      vertex 24.238947615559898 21.982889722747622 -3.25
    endloop
  endfacet
  facet normal 0 0 -1
    outer loop
      vertex 24.238947615559898 18.017110277252378 -3.25
      vertex 24.238947615559898 21.982889722747622 -3.25
      vertex 24.369193741539714 21.995717846477206 -3.25
    endloop
  endfacet
  facet normal 0 0 -1
    outer loop
      vertex 24.369193741539714 18.004282153522794 -3.25
      vertex 24.369193741539714 21.995717846477206 -3.25
      vertex 24.5 22 -3.25
    endloop
  endfacet
  facet normal 0 0 -1
    outer loop
      vertex 24.5 18 -3.25
      vertex 24.5 22 -3.25
      vertex 24.630806258460286 21.995717846477206 -3.25
    endloop
  endfacet
  facet normal 0 0 -1
    outer loop
      vertex 24.630806258460286 18.004282153522794 -3.25
      vertex 24.630806258460286 21.995717846477206 -3.25
      vertex 24.761052384440102 21.982889722747622 -3.25
    endloop
  endfacet
  facet normal 0 0 -1
    outer loop
      vertex 24.761052384440102 18.017110277252378 -3.25
      vertex 24.761052384440102 21.982889722747622 -3.25
      vertex 24.890180644032256 21.96157056080646 -3.25
    endloop
  endfacet
  facet normal 0 0 -1
    outer loop
      vertex 24.890180644032256 18.03842943919354 -3.25
      vertex 24.890180644032256 21.96157056080646 -3.25
      vertex 25.01763809020504 21.931851652578136 -3.25
    endloop
  endfacet
  facet normal 0 0 -1
    outer loop
      vertex 25.01763809020504 18.068148347421864 -3.25
      vertex 25.01763809020504 21.931851652578136 -3.25
      vertex 25.142878930606322 21.893860258990212 -3.25
    endloop
  endfacet
  facet normal 0 0 -1
    outer loop
      vertex 25.142878930606322 18.106139741009788 -3.25
      vertex 25.142878930606322 21.893860258990212 -3.25
      vertex 25.26536686473018 21.847759065022572 -3.25
    endloop
  endfacet
  facet normal 0 0 -1
    outer loop
      vertex 25.26536686473018 18.152240934977428 -3.25
      vertex 25.26536686473018 21.847759065022572 -3.25
      vertex 25.384577380438003 21.793745483065376 -3.25
    endloop
  endfacet
  facet normal 0 0 -1
    outer loop
      vertex 25.384577380438003 18.206254516934624 -3.25
      vertex 25.384577380438003 21.793745483065376 -3.25
      vertex 25.5 21.73205080756888 -3.25
    endloop
  endfacet
  facet normal 0 0 -1
    outer loop
      vertex 25.5 18.26794919243112 -3.25
      vertex 25.5 21.73205080756888 -3.25
      vertex 25.611140466039203 21.66293922460509 -3.25
    endloop
  endfacet
  facet normal 0 0 -1
    outer loop
      vertex 25.611140466039203 18.33706077539491 -3.25
      vertex 25.611140466039203 21.66293922460509 -3.25
      vertex 25.717522858017443 21.58670668058247 -3.25
    endloop
  endfacet
  facet normal 0 0 -1
    outer loop
      vertex 25.81869163020014 18.496320385042047 -3.25
      vertex 25.81869163020014 21.503679614957953 -3.25
      vertex 25.914213562373096 21.414213562373096 -3.25
    endloop
  endfacet
  facet normal 0 0 -1
    outer loop
      vertex 25.914213562373096 18.585786437626904 -3.25
      vertex 25.914213562373096 21.414213562373096 -3.25
      vertex 26.003679614957953 21.31869163020014 -3.25
    endloop
  endfacet
  facet normal 0 0 -1
    outer loop
      vertex 25.717522858017443 18.41329331941753 -3.25
      vertex 25.717522858017443 21.58670668058247 -3.25
      vertex 25.81869163020014 21.503679614957953 -3.25
    endloop
  endfacet
  facet normal 0 0 -1
    outer loop
      vertex 26.003679614957953 18.68130836979986 -3.25
      vertex 26.003679614957953 21.31869163020014 -3.25
      vertex 26.08670668058247 21.217522858017443 -3.25
    endloop
  endfacet
  facet normal 0 0 -1
    outer loop
      vertex 26.08670668058247 18.782477141982557 -3.25
      vertex 26.08670668058247 21.217522858017443 -3.25
      vertex 26.16293922460509 21.111140466039203 -3.25
    endloop
  endfacet
  facet normal 0 0 -1
    outer loop
      vertex 26.16293922460509 18.888859533960797 -3.25
      vertex 26.16293922460509 21.111140466039203 -3.25
      vertex 26.23205080756888 21 -3.25
    endloop
  endfacet
  facet normal 0 0 -1
    outer loop
      vertex 26.293745483065376 19.115422619561997 -3.25
      vertex 26.293745483065376 20.884577380438003 -3.25
      vertex 26.347759065022572 20.76536686473018 -3.25
    endloop
  endfacet
  facet normal 0 0 -1
    outer loop
      vertex 26.431851652578136 19.48236190979496 -3.25
      vertex 26.431851652578136 20.51763809020504 -3.25
      vertex 26.46157056080646 20.390180644032256 -3.25
    endloop
  endfacet
  facet normal 0 0 -1
    outer loop
      vertex 26.393860258990212 19.357121069393678 -3.25
      vertex 26.393860258990212 20.642878930606322 -3.25
      vertex 26.431851652578136 20.51763809020504 -3.25
    endloop
  endfacet
  facet normal 0 0 -1
    outer loop
      vertex 26.347759065022572 19.23463313526982 -3.25
      vertex 26.347759065022572 20.76536686473018 -3.25
      vertex 26.393860258990212 20.642878930606322 -3.25
    endloop
  endfacet
  facet normal 0 0 -1
    outer loop
      vertex 26.482889722747622 19.738947615559898 -3.25
      vertex 26.495717846477206 20.130806258460286 -3.25
      vertex 26.495717846477206 19.869193741539714 -3.25
    endloop
  endfacet
  facet normal 0 0 -1
    outer loop
      vertex 26.495717846477206 19.869193741539714 -3.25
      vertex 26.495717846477206 20.130806258460286 -3.25
      vertex 26.5 20 -3.25
    endloop
  endfacet
  facet normal 0 0 -1
    outer loop
      vertex 26.482889722747622 19.738947615559898 -3.25
      vertex 26.482889722747622 20.261052384440102 -3.25
      vertex 26.495717846477206 20.130806258460286 -3.25
    endloop
  endfacet
  facet normal 0 0 -1
    outer loop
      vertex 26.46157056080646 19.609819355967744 -3.25
      vertex 26.46157056080646 20.390180644032256 -3.25
      vertex 26.482889722747622 20.261052384440102 -3.25
    endloop
  endfacet
  facet normal 0 0 -1
    outer loop
      vertex 26.23205080756888 19 -3.25
      vertex 26.23205080756888 21 -3.25
      vertex 26.293745483065376 20.884577380438003 -3.25
    endloop
  endfacet
  facet normal -0.7730104533627302 0.6343932841636537 0
    outer loop
      vertex 22.91329331941753 21.217522858017443 -3.25
      vertex 22.91329331941753 21.217522858017443 0
      vertex 22.996320385042047 21.31869163020014 -3.25
    endloop
  endfacet
  facet normal -0.7298640726978451 0.6835923020228611 0
    outer loop
      vertex 22.996320385042047 21.31869163020014 -3.25
      vertex 22.996320385042047 21.31869163020014 0
      vertex 23.085786437626904 21.414213562373096 -3.25
    endloop
  endfacet
  facet normal -0.6835923020228611 0.7298640726978451 0
    outer loop
      vertex 23.085786437626904 21.414213562373096 -3.25
      vertex 23.085786437626904 21.414213562373096 0
      vertex 23.18130836979986 21.503679614957953 -3.25
    endloop
  endfacet
  facet normal -0.6343932841636537 0.7730104533627302 0
    outer loop
      vertex 23.18130836979986 21.503679614957953 -3.25
      vertex 23.18130836979986 21.503679614957953 0
      vertex 23.282477141982557 21.58670668058247 -3.25
    endloop
  endfacet
  facet normal -0.5824776968677894 0.8128466845916245 0
    outer loop
      vertex 23.282477141982557 21.58670668058247 -3.25
      vertex 23.282477141982557 21.58670668058247 0
      vertex 23.388859533960797 21.66293922460509 -3.25
    endloop
  endfacet
  facet normal -0.5280678506503849 0.8492021815265685 0
    outer loop
      vertex 23.388859533960797 21.66293922460509 -3.25
      vertex 23.388859533960797 21.66293922460509 0
      vertex 23.5 21.73205080756888 -3.25
    endloop
  endfacet
  facet normal -0.471396736825986 0.8819212643483612 0
    outer loop
      vertex 23.5 21.73205080756888 -3.25
      vertex 23.5 21.73205080756888 0
      vertex 23.615422619561997 21.793745483065376 -3.25
    endloop
  endfacet
  facet normal -0.41270702980439006 0.910863824921178 0
    outer loop
      vertex 23.615422619561997 21.793745483065376 -3.25
      vertex 23.615422619561997 21.793745483065376 0
      vertex 23.73463313526982 21.847759065022572 -3.25
    endloop
  endfacet
  facet normal -0.352250047921249 0.9359059267573199 0
    outer loop
      vertex 23.73463313526982 21.847759065022572 -3.25
      vertex 23.73463313526982 21.847759065022572 0
      vertex 23.857121069393678 21.893860258990212 -3.25
    endloop
  endfacet
  facet normal -0.2902846772544449 0.9569403357322143 0
    outer loop
      vertex 23.857121069393678 21.893860258990212 -3.25
      vertex 23.857121069393678 21.893860258990212 0
      vertex 23.98236190979496 21.931851652578136 -3.25
    endloop
  endfacet
  facet normal -0.2270762630343827 0.9738769792773314 0
    outer loop
      vertex 23.98236190979496 21.931851652578136 -3.25
      vertex 23.98236190979496 21.931851652578136 0
      vertex 24.109819355967744 21.96157056080646 -3.25
    endloop
  endfacet
  facet normal -0.16289547339459642 0.9866433320848778 0
    outer loop
      vertex 24.109819355967744 21.96157056080646 -3.25
      vertex 24.109819355967744 21.96157056080646 0
      vertex 24.238947615559898 21.982889722747622 -3.25
    endloop
  endfacet
  facet normal -0.09801714032954259 0.9951847266721986 0
    outer loop
      vertex 24.238947615559898 21.982889722747622 -3.25
      vertex 24.238947615559898 21.982889722747622 0
      vertex 24.369193741539714 21.995717846477206 -3.25
    endloop
  endfacet
  facet normal -0.03271908282178681 0.9994645874763652 0
    outer loop
      vertex 24.369193741539714 21.995717846477206 -3.25
      vertex 24.369193741539714 21.995717846477206 0
      vertex 24.5 22 -3.25
    endloop
  endfacet
  facet normal 0.03271908282178681 0.9994645874763652 0
    outer loop
      vertex 24.5 22 -3.25
      vertex 24.5 22 0
      vertex 24.630806258460286 21.995717846477206 -3.25
    endloop
  endfacet
  facet normal 0.09801714032954259 0.9951847266721986 0
    outer loop
      vertex 24.630806258460286 21.995717846477206 -3.25
      vertex 24.630806258460286 21.995717846477206 0
      vertex 24.761052384440102 21.982889722747622 -3.25
    endloop
  endfacet
  facet normal 0.9994645874763652 -0.03271908282178681 0
    outer loop
      vertex 26.495717846477206 19.869193741539714 -3.25
      vertex 26.5 20 -3.25
      vertex 26.5 20 0
    endloop
  endfacet
  facet normal 0.9994645874763652 0.03271908282178681 0
    outer loop
      vertex 26.5 20 -3.25
      vertex 26.495717846477206 20.130806258460286 -3.25
      vertex 26.495717846477206 20.130806258460286 0
    endloop
  endfacet
  facet normal 0.9951847266721986 0.09801714032954259 0
    outer loop
      vertex 26.495717846477206 20.130806258460286 -3.25
      vertex 26.482889722747622 20.261052384440102 -3.25
      vertex 26.482889722747622 20.261052384440102 0
    endloop
  endfacet
  facet normal 0.9738769792773314 0.2270762630343827 0
    outer loop
      vertex 26.46157056080646 20.390180644032256 -3.25
      vertex 26.431851652578136 20.51763809020504 -3.25
      vertex 26.431851652578136 20.51763809020504 0
    endloop
  endfacet
  facet normal 0.9569403357322143 0.2902846772544449 0
    outer loop
      vertex 26.431851652578136 20.51763809020504 -3.25
      vertex 26.393860258990212 20.642878930606322 -3.25
      vertex 26.393860258990212 20.642878930606322 0
    endloop
  endfacet
  facet normal 0.9866433320848778 0.16289547339459642 0
    outer loop
      vertex 26.482889722747622 20.261052384440102 -3.25
      vertex 26.46157056080646 20.390180644032256 -3.25
      vertex 26.46157056080646 20.390180644032256 0
    endloop
  endfacet
  facet normal 0.8492021815265685 0.5280678506503849 0
    outer loop
      vertex 26.16293922460509 21.111140466039203 -3.25
      vertex 26.16293922460509 21.111140466039203 0
      vertex 26.23205080756888 21 -3.25
    endloop
  endfacet
  facet normal 0.6835923020228611 0.7298640726978451 0
    outer loop
      vertex 25.81869163020014 21.503679614957953 -3.25
      vertex 25.81869163020014 21.503679614957953 0
      vertex 25.914213562373096 21.414213562373096 -3.25
    endloop
  endfacet
  facet normal 0.7298640726978451 0.6835923020228611 0
    outer loop
      vertex 25.914213562373096 21.414213562373096 -3.25
      vertex 25.914213562373096 21.414213562373096 0
      vertex 26.003679614957953 21.31869163020014 -3.25
    endloop
  endfacet
  facet normal 0.7730104533627302 0.6343932841636537 0
    outer loop
      vertex 26.08670668058247 21.217522858017443 -3.25
      vertex 26.003679614957953 21.31869163020014 -3.25
      vertex 26.003679614957953 21.31869163020014 0
    endloop
  endfacet
  facet normal 0.8128466845916245 0.5824776968677894 0
    outer loop
      vertex 26.16293922460509 21.111140466039203 -3.25
      vertex 26.08670668058247 21.217522858017443 -3.25
      vertex 26.08670668058247 21.217522858017443 0
    endloop
  endfacet
  facet normal 0.910863824921178 0.41270702980439006 0
    outer loop
      vertex 26.347759065022572 20.76536686473018 -3.25
      vertex 26.293745483065376 20.884577380438003 -3.25
      vertex 26.293745483065376 20.884577380438003 0
    endloop
  endfacet
  facet normal 0.9359059267573199 0.352250047921249 0
    outer loop
      vertex 26.393860258990212 20.642878930606322 -3.25
      vertex 26.347759065022572 20.76536686473018 -3.25
      vertex 26.347759065022572 20.76536686473018 0
    endloop
  endfacet
  facet normal 0.8819212643483612 0.471396736825986 0
    outer loop
      vertex 26.293745483065376 20.884577380438003 -3.25
      vertex 26.23205080756888 21 -3.25
      vertex 26.23205080756888 21 0
    endloop
  endfacet
  facet normal 0.2902846772544449 0.9569403357322143 0
    outer loop
      vertex 25.01763809020504 21.931851652578136 -3.25
      vertex 25.01763809020504 21.931851652578136 0
      vertex 25.142878930606322 21.893860258990212 -3.25
    endloop
  endfacet
  facet normal 0.352250047921249 0.9359059267573199 0
    outer loop
      vertex 25.142878930606322 21.893860258990212 -3.25
      vertex 25.142878930606322 21.893860258990212 0
      vertex 25.26536686473018 21.847759065022572 -3.25
    endloop
  endfacet
  facet normal 0.16289547339459642 0.9866433320848778 0
    outer loop
      vertex 24.761052384440102 21.982889722747622 -3.25
      vertex 24.761052384440102 21.982889722747622 0
      vertex 24.890180644032256 21.96157056080646 -3.25
    endloop
  endfacet
  facet normal 0.2270762630343827 0.9738769792773314 0
    outer loop
      vertex 24.890180644032256 21.96157056080646 -3.25
      vertex 24.890180644032256 21.96157056080646 0
      vertex 25.01763809020504 21.931851652578136 -3.25
    endloop
  endfacet
  facet normal 0.41270702980439006 0.910863824921178 0
    outer loop
      vertex 25.384577380438003 21.793745483065376 -3.25
      vertex 25.26536686473018 21.847759065022572 -3.25
      vertex 25.26536686473018 21.847759065022572 0
    endloop
  endfacet
  facet normal 0.471396736825986 0.8819212643483612 0
    outer loop
      vertex 25.384577380438003 21.793745483065376 -3.25
      vertex 25.384577380438003 21.793745483065376 0
      vertex 25.5 21.73205080756888 -3.25
    endloop
  endfacet
  facet normal 0.5280678506503849 0.8492021815265685 0
    outer loop
      vertex 25.5 21.73205080756888 -3.25
      vertex 25.5 21.73205080756888 0
      vertex 25.611140466039203 21.66293922460509 -3.25
    endloop
  endfacet
  facet normal 0.5824776968677894 0.8128466845916245 0
    outer loop
      vertex 25.611140466039203 21.66293922460509 -3.25
      vertex 25.611140466039203 21.66293922460509 0
      vertex 25.717522858017443 21.58670668058247 -3.25
    endloop
  endfacet
  facet normal 0.6343932841636537 0.7730104533627302 0
    outer loop
      vertex 25.717522858017443 21.58670668058247 -3.25
      vertex 25.717522858017443 21.58670668058247 0
      vertex 25.81869163020014 21.503679614957953 -3.25
    endloop
  endfacet
  facet normal -0.8128466845916245 -0.5824776968677894 0
    outer loop
      vertex 22.83706077539491 18.888859533960797 -3.25
      vertex 22.91329331941753 18.782477141982557 0
      vertex 22.83706077539491 18.888859533960797 0
    endloop
  endfacet
  facet normal -0.8492021815265685 -0.5280678506503849 0
    outer loop
      vertex 22.76794919243112 19 -3.25
      vertex 22.83706077539491 18.888859533960797 0
      vertex 22.76794919243112 19 0
    endloop
  endfacet
  facet normal -0.9359059267573199 -0.352250047921249 0
    outer loop
      vertex 22.606139741009788 19.357121069393678 -3.25
      vertex 22.652240934977428 19.23463313526982 0
      vertex 22.606139741009788 19.357121069393678 0
    endloop
  endfacet
  facet normal -0.9569403357322143 -0.2902846772544449 0
    outer loop
      vertex 22.568148347421864 19.48236190979496 -3.25
      vertex 22.606139741009788 19.357121069393678 0
      vertex 22.568148347421864 19.48236190979496 0
    endloop
  endfacet
  facet normal -0.8819212643483612 -0.471396736825986 0
    outer loop
      vertex 22.706254516934624 19.115422619561997 -3.25
      vertex 22.76794919243112 19 0
      vertex 22.706254516934624 19.115422619561997 0
    endloop
  endfacet
  facet normal -0.910863824921178 -0.41270702980439006 0
    outer loop
      vertex 22.652240934977428 19.23463313526982 -3.25
      vertex 22.706254516934624 19.115422619561997 0
      vertex 22.652240934977428 19.23463313526982 0
    endloop
  endfacet
  facet normal -0.9738769792773314 -0.2270762630343827 0
    outer loop
      vertex 22.53842943919354 19.609819355967744 -3.25
      vertex 22.568148347421864 19.48236190979496 0
      vertex 22.53842943919354 19.609819355967744 0
    endloop
  endfacet
  facet normal -0.9951847266721986 -0.09801714032954259 0
    outer loop
      vertex 22.504282153522794 19.869193741539714 -3.25
      vertex 22.517110277252378 19.738947615559898 0
      vertex 22.504282153522794 19.869193741539714 0
    endloop
  endfacet
  facet normal -0.9866433320848778 -0.16289547339459642 0
    outer loop
      vertex 22.517110277252378 19.738947615559898 -3.25
      vertex 22.53842943919354 19.609819355967744 0
      vertex 22.517110277252378 19.738947615559898 0
    endloop
  endfacet
  facet normal -0.9994645874763652 -0.03271908282178681 0
    outer loop
      vertex 22.5 20 -3.25
      vertex 22.504282153522794 19.869193741539714 0
      vertex 22.5 20 0
    endloop
  endfacet
  facet normal -0.9994645874763652 0.03271908282178681 0
    outer loop
      vertex 22.504282153522794 20.130806258460286 -3.25
      vertex 22.5 20 0
      vertex 22.504282153522794 20.130806258460286 0
    endloop
  endfacet
  facet normal -0.9951847266721986 0.09801714032954259 0
    outer loop
      vertex 22.517110277252378 20.261052384440102 -3.25
      vertex 22.504282153522794 20.130806258460286 0
      vertex 22.517110277252378 20.261052384440102 0
    endloop
  endfacet
  facet normal -0.9866433320848778 0.16289547339459642 0
    outer loop
      vertex 22.53842943919354 20.390180644032256 -3.25
      vertex 22.517110277252378 20.261052384440102 0
      vertex 22.53842943919354 20.390180644032256 0
    endloop
  endfacet
  facet normal -0.9738769792773314 0.2270762630343827 0
    outer loop
      vertex 22.568148347421864 20.51763809020504 -3.25
      vertex 22.53842943919354 20.390180644032256 0
      vertex 22.568148347421864 20.51763809020504 0
    endloop
  endfacet
  facet normal -0.9569403357322143 0.2902846772544449 0
    outer loop
      vertex 22.606139741009788 20.642878930606322 -3.25
      vertex 22.568148347421864 20.51763809020504 0
      vertex 22.606139741009788 20.642878930606322 0
    endloop
  endfacet
  facet normal -0.9359059267573199 0.352250047921249 0
    outer loop
      vertex 22.652240934977428 20.76536686473018 -3.25
      vertex 22.606139741009788 20.642878930606322 0
      vertex 22.652240934977428 20.76536686473018 0
    endloop
  endfacet
  facet normal -0.910863824921178 0.41270702980439006 0
    outer loop
      vertex 22.706254516934624 20.884577380438003 -3.25
      vertex 22.652240934977428 20.76536686473018 0
      vertex 22.706254516934624 20.884577380438003 0
    endloop
  endfacet
  facet normal -0.8819212643483612 0.471396736825986 0
    outer loop
      vertex 22.76794919243112 21 -3.25
      vertex 22.706254516934624 20.884577380438003 0
      vertex 22.76794919243112 21 0
    endloop
  endfacet
  facet normal -0.8492021815265685 0.5280678506503849 0
    outer loop
      vertex 22.83706077539491 21.111140466039203 -3.25
      vertex 22.76794919243112 21 0
      vertex 22.83706077539491 21.111140466039203 0
    endloop
  endfacet
  facet normal -0.41270702980439006 -0.910863824921178 0
    outer loop
      vertex 23.615422619561997 18.206254516934624 -3.25
      vertex 23.73463313526982 18.152240934977428 0
      vertex 23.615422619561997 18.206254516934624 0
    endloop
  endfacet
  facet normal -0.352250047921249 -0.9359059267573199 0
    outer loop
      vertex 23.73463313526982 18.152240934977428 -3.25
      vertex 23.857121069393678 18.106139741009788 0
      vertex 23.73463313526982 18.152240934977428 0
    endloop
  endfacet
  facet normal -0.2902846772544449 -0.9569403357322143 0
    outer loop
      vertex 23.857121069393678 18.106139741009788 -3.25
      vertex 23.98236190979496 18.068148347421864 0
      vertex 23.857121069393678 18.106139741009788 0
    endloop
  endfacet
  facet normal -0.2270762630343827 -0.9738769792773314 0
    outer loop
      vertex 23.98236190979496 18.068148347421864 -3.25
      vertex 24.109819355967744 18.03842943919354 0
      vertex 23.98236190979496 18.068148347421864 0
    endloop
  endfacet
  facet normal -0.16289547339459642 -0.9866433320848778 0
    outer loop
      vertex 24.109819355967744 18.03842943919354 -3.25
      vertex 24.238947615559898 18.017110277252378 0
      vertex 24.109819355967744 18.03842943919354 0
    endloop
  endfacet
  facet normal -0.09801714032954259 -0.9951847266721986 0
    outer loop
      vertex 24.238947615559898 18.017110277252378 -3.25
      vertex 24.369193741539714 18.004282153522794 0
      vertex 24.238947615559898 18.017110277252378 0
    endloop
  endfacet
  facet normal -0.03271908282178681 -0.9994645874763652 0
    outer loop
      vertex 24.369193741539714 18.004282153522794 -3.25
      vertex 24.5 18 0
      vertex 24.369193741539714 18.004282153522794 0
    endloop
  endfacet
  facet normal 0.03271908282178681 -0.9994645874763652 0
    outer loop
      vertex 24.5 18 -3.25
      vertex 24.630806258460286 18.004282153522794 0
      vertex 24.5 18 0
    endloop
  endfacet
  facet normal 0.09801714032954259 -0.9951847266721986 0
    outer loop
      vertex 24.630806258460286 18.004282153522794 -3.25
      vertex 24.761052384440102 18.017110277252378 0
      vertex 24.630806258460286 18.004282153522794 0
    endloop
  endfacet
  facet normal -0.5824776968677894 -0.8128466845916245 0
    outer loop
      vertex 23.282477141982557 18.41329331941753 -3.25
      vertex 23.388859533960797 18.33706077539491 0
      vertex 23.282477141982557 18.41329331941753 0
    endloop
  endfacet
  facet normal -0.6343932841636537 -0.7730104533627302 0
    outer loop
      vertex 23.18130836979986 18.496320385042047 -3.25
      vertex 23.282477141982557 18.41329331941753 0
      vertex 23.18130836979986 18.496320385042047 0
    endloop
  endfacet
  facet normal -0.6835923020228611 -0.7298640726978451 0
    outer loop
      vertex 23.085786437626904 18.585786437626904 -3.25
      vertex 23.18130836979986 18.496320385042047 0
      vertex 23.085786437626904 18.585786437626904 0
    endloop
  endfacet
  facet normal -0.7730104533627302 -0.6343932841636537 0
    outer loop
      vertex 22.91329331941753 18.782477141982557 -3.25
      vertex 22.996320385042047 18.68130836979986 0
      vertex 22.91329331941753 18.782477141982557 0
    endloop
  endfacet
  facet normal -0.7298640726978451 -0.6835923020228611 0
    outer loop
      vertex 22.996320385042047 18.68130836979986 -3.25
      vertex 23.085786437626904 18.585786437626904 0
      vertex 22.996320385042047 18.68130836979986 0
    endloop
  endfacet
  facet normal -0.5280678506503849 -0.8492021815265685 0
    outer loop
      vertex 23.388859533960797 18.33706077539491 -3.25
      vertex 23.5 18.26794919243112 0
      vertex 23.388859533960797 18.33706077539491 0
    endloop
  endfacet
  facet normal -0.471396736825986 -0.8819212643483612 0
    outer loop
      vertex 23.5 18.26794919243112 -3.25
      vertex 23.615422619561997 18.206254516934624 0
      vertex 23.5 18.26794919243112 0
    endloop
  endfacet
  facet normal 0.16289547339459642 -0.9866433320848778 0
    outer loop
      vertex 24.761052384440102 18.017110277252378 -3.25
      vertex 24.890180644032256 18.03842943919354 0
      vertex 24.761052384440102 18.017110277252378 0
    endloop
  endfacet
  facet normal 0.2270762630343827 -0.9738769792773314 0
    outer loop
      vertex 24.890180644032256 18.03842943919354 -3.25
      vertex 25.01763809020504 18.068148347421864 0
      vertex 24.890180644032256 18.03842943919354 0
    endloop
  endfacet
  facet normal 0.2902846772544449 -0.9569403357322143 0
    outer loop
      vertex 25.01763809020504 18.068148347421864 -3.25
      vertex 25.142878930606322 18.106139741009788 0
      vertex 25.01763809020504 18.068148347421864 0
    endloop
  endfacet
  facet normal 0.352250047921249 -0.9359059267573199 0
    outer loop
      vertex 25.142878930606322 18.106139741009788 -3.25
      vertex 25.26536686473018 18.152240934977428 0
      vertex 25.142878930606322 18.106139741009788 0
    endloop
  endfacet
  facet normal 0.41270702980439006 -0.910863824921178 0
    outer loop
      vertex 25.26536686473018 18.152240934977428 -3.25
      vertex 25.384577380438003 18.206254516934624 0
      vertex 25.26536686473018 18.152240934977428 0
    endloop
  endfacet
  facet normal 0.471396736825986 -0.8819212643483612 0
    outer loop
      vertex 25.384577380438003 18.206254516934624 -3.25
      vertex 25.5 18.26794919243112 0
      vertex 25.384577380438003 18.206254516934624 0
    endloop
  endfacet
  facet normal 0.5280678506503849 -0.8492021815265685 0
    outer loop
      vertex 25.5 18.26794919243112 -3.25
      vertex 25.611140466039203 18.33706077539491 0
      vertex 25.5 18.26794919243112 0
    endloop
  endfacet
  facet normal 0.5824776968677894 -0.8128466845916245 0
    outer loop
      vertex 25.611140466039203 18.33706077539491 -3.25
      vertex 25.717522858017443 18.41329331941753 0
      vertex 25.611140466039203 18.33706077539491 0
    endloop
  endfacet
  facet normal 0.6343932841636537 -0.7730104533627302 0
    outer loop
      vertex 25.717522858017443 18.41329331941753 -3.25
      vertex 25.81869163020014 18.496320385042047 0
      vertex 25.717522858017443 18.41329331941753 0
    endloop
  endfacet
  facet normal 0.6835923020228611 -0.7298640726978451 0
    outer loop
      vertex 25.81869163020014 18.496320385042047 -3.25
      vertex 25.914213562373096 18.585786437626904 0
      vertex 25.81869163020014 18.496320385042047 0
    endloop
  endfacet
  facet normal 0.7298640726978451 -0.6835923020228611 0
    outer loop
      vertex 25.914213562373096 18.585786437626904 -3.25
      vertex 26.003679614957953 18.68130836979986 0
      vertex 25.914213562373096 18.585786437626904 0
    endloop
  endfacet
  facet normal 0.7730104533627302 -0.6343932841636537 0
    outer loop
      vertex 26.003679614957953 18.68130836979986 -3.25
      vertex 26.08670668058247 18.782477141982557 0
      vertex 26.003679614957953 18.68130836979986 0
    endloop
  endfacet
  facet normal 0.8128466845916245 -0.5824776968677894 0
    outer loop
      vertex 26.08670668058247 18.782477141982557 -3.25
      vertex 26.16293922460509 18.888859533960797 0
      vertex 26.08670668058247 18.782477141982557 0
    endloop
  endfacet
  facet normal 0.8492021815265685 -0.5280678506503849 0
    outer loop
      vertex 26.16293922460509 18.888859533960797 -3.25
      vertex 26.23205080756888 19 0
      vertex 26.16293922460509 18.888859533960797 0
    endloop
  endfacet
  facet normal 0.8819212643483612 -0.471396736825986 0
    outer loop
      vertex 26.23205080756888 19 -3.25
      vertex 26.293745483065376 19.115422619561997 0
      vertex 26.23205080756888 19 0
    endloop
  endfacet
  facet normal 0.910863824921178 -0.41270702980439006 0
    outer loop
      vertex 26.293745483065376 19.115422619561997 -3.25
      vertex 26.347759065022572 19.23463313526982 0
      vertex 26.293745483065376 19.115422619561997 0
    endloop
  endfacet
  facet normal 0.9359059267573199 -0.352250047921249 0
    outer loop
      vertex 26.347759065022572 19.23463313526982 -3.25
      vertex 26.393860258990212 19.357121069393678 0
      vertex 26.347759065022572 19.23463313526982 0
    endloop
  endfacet
  facet normal 0.9569403357322143 -0.2902846772544449 0
    outer loop
      vertex 26.393860258990212 19.357121069393678 -3.25
      vertex 26.431851652578136 19.48236190979496 0
      vertex 26.393860258990212 19.357121069393678 0
    endloop
  endfacet
  facet normal 0.9738769792773314 -0.2270762630343827 0
    outer loop
      vertex 26.431851652578136 19.48236190979496 -3.25
      vertex 26.46157056080646 19.609819355967744 0
      vertex 26.431851652578136 19.48236190979496 0
    endloop
  endfacet
  facet normal 0.9866433320848778 -0.16289547339459642 0
    outer loop
      vertex 26.46157056080646 19.609819355967744 -3.25
      vertex 26.482889722747622 19.738947615559898 0
      vertex 26.46157056080646 19.609819355967744 0
    endloop
  endfacet
  facet normal 0.9951847266721986 -0.09801714032954259 0
    outer loop
      vertex 26.482889722747622 19.738947615559898 -3.25
      vertex 26.495717846477206 19.869193741539714 0
      vertex 26.482889722747622 19.738947615559898 0
    endloop
  endfacet
  facet normal -0.8128466845916245 0.5824776968677894 0
    outer loop
      vertex 22.91329331941753 21.217522858017443 -3.25
      vertex 22.83706077539491 21.111140466039203 0
      vertex 22.91329331941753 21.217522858017443 0
    endloop
  endfacet
  facet normal -0.7730104533627302 0.6343932841636537 0
    outer loop
      vertex 22.996320385042047 21.31869163020014 -3.25
      vertex 22.91329331941753 21.217522858017443 0
      vertex 22.996320385042047 21.31869163020014 0
    endloop
  endfacet
  facet normal -0.7298640726978451 0.6835923020228611 0
    outer loop
      vertex 23.085786437626904 21.414213562373096 -3.25
      vertex 22.996320385042047 21.31869163020014 0
      vertex 23.085786437626904 21.414213562373096 0
    endloop
  endfacet
  facet normal -0.6835923020228611 0.7298640726978451 0
    outer loop
      vertex 23.18130836979986 21.503679614957953 -3.25
      vertex 23.085786437626904 21.414213562373096 0
      vertex 23.18130836979986 21.503679614957953 0
    endloop
  endfacet
  facet normal -0.6343932841636537 0.7730104533627302 0
    outer loop
      vertex 23.282477141982557 21.58670668058247 -3.25
      vertex 23.18130836979986 21.503679614957953 0
      vertex 23.282477141982557 21.58670668058247 0
    endloop
  endfacet
  facet normal -0.5824776968677894 0.8128466845916245 0
    outer loop
      vertex 23.388859533960797 21.66293922460509 -3.25
      vertex 23.282477141982557 21.58670668058247 0
      vertex 23.388859533960797 21.66293922460509 0
    endloop
  endfacet
  facet normal -0.5280678506503849 0.8492021815265685 0
    outer loop
      vertex 23.5 21.73205080756888 -3.25
      vertex 23.388859533960797 21.66293922460509 0
      vertex 23.5 21.73205080756888 0
    endloop
  endfacet
  facet normal -0.471396736825986 0.8819212643483612 0
    outer loop
      vertex 23.615422619561997 21.793745483065376 -3.25
      vertex 23.5 21.73205080756888 0
      vertex 23.615422619561997 21.793745483065376 0
    endloop
  endfacet
  facet normal -0.41270702980439006 0.910863824921178 0
    outer loop
      vertex 23.73463313526982 21.847759065022572 -3.25
      vertex 23.615422619561997 21.793745483065376 0
      vertex 23.73463313526982 21.847759065022572 0
    endloop
  endfacet
  facet normal -0.352250047921249 0.9359059267573199 0
    outer loop
      vertex 23.857121069393678 21.893860258990212 -3.25
      vertex 23.73463313526982 21.847759065022572 0
      vertex 23.857121069393678 21.893860258990212 0
    endloop
  endfacet
  facet normal -0.2902846772544449 0.9569403357322143 0
    outer loop
      vertex 23.98236190979496 21.931851652578136 -3.25
      vertex 23.857121069393678 21.893860258990212 0
      vertex 23.98236190979496 21.931851652578136 0
    endloop
  endfacet
  facet normal -0.2270762630343827 0.9738769792773314 0
    outer loop
      vertex 24.109819355967744 21.96157056080646 -3.25
      vertex 23.98236190979496 21.931851652578136 0
      vertex 24.109819355967744 21.96157056080646 0
    endloop
  endfacet
  facet normal -0.16289547339459642 0.9866433320848778 0
    outer loop
      vertex 24.238947615559898 21.982889722747622 -3.25
      vertex 24.109819355967744 21.96157056080646 0
      vertex 24.238947615559898 21.982889722747622 0
    endloop
  endfacet
  facet normal -0.09801714032954259 0.9951847266721986 0
    outer loop
      vertex 24.369193741539714 21.995717846477206 -3.25
      vertex 24.238947615559898 21.982889722747622 0
      vertex 24.369193741539714 21.995717846477206 0
    endloop
  endfacet
  facet normal -0.03271908282178681 0.9994645874763652 0
    outer loop
      vertex 24.5 22 -3.25
      vertex 24.369193741539714 21.995717846477206 0
      vertex 24.5 22 0
    endloop
  endfacet
  facet normal 0.03271908282178681 0.9994645874763652 0
    outer loop
      vertex 24.630806258460286 21.995717846477206 -3.25
      vertex 24.5 22 0
      vertex 24.630806258460286 21.995717846477206 0
    endloop
  endfacet
  facet normal 0.09801714032954259 0.9951847266721986 0
    outer loop
      vertex 24.761052384440102 21.982889722747622 -3.25
      vertex 24.630806258460286 21.995717846477206 0
      vertex 24.761052384440102 21.982889722747622 0
    endloop
  endfacet
  facet normal 0.9994645874763652 -0.03271908282178681 0
    outer loop
      vertex 26.495717846477206 19.869193741539714 -3.25
      vertex 26.5 20 0
      vertex 26.495717846477206 19.869193741539714 0
    endloop
  endfacet
  facet normal 0.9994645874763652 0.03271908282178681 0
    outer loop
      vertex 26.5 20 -3.25
      vertex 26.495717846477206 20.130806258460286 0
      vertex 26.5 20 0
    endloop
  endfacet
  facet normal 0.9951847266721986 0.09801714032954259 0
    outer loop
      vertex 26.495717846477206 20.130806258460286 -3.25
      vertex 26.482889722747622 20.261052384440102 0
      vertex 26.495717846477206 20.130806258460286 0
    endloop
  endfacet
  facet normal 0.9569403357322143 0.2902846772544449 0
    outer loop
      vertex 26.431851652578136 20.51763809020504 -3.25
      vertex 26.393860258990212 20.642878930606322 0
      vertex 26.431851652578136 20.51763809020504 0
    endloop
  endfacet
  facet normal 0.9359059267573199 0.352250047921249 0
    outer loop
      vertex 26.393860258990212 20.642878930606322 -3.25
      vertex 26.347759065022572 20.76536686473018 0
      vertex 26.393860258990212 20.642878930606322 0
    endloop
  endfacet
  facet normal 0.9866433320848778 0.16289547339459642 0
    outer loop
      vertex 26.482889722747622 20.261052384440102 -3.25
      vertex 26.46157056080646 20.390180644032256 0
      vertex 26.482889722747622 20.261052384440102 0
    endloop
  endfacet
  facet normal 0.9738769792773314 0.2270762630343827 0
    outer loop
      vertex 26.46157056080646 20.390180644032256 -3.25
      vertex 26.431851652578136 20.51763809020504 0
      vertex 26.46157056080646 20.390180644032256 0
    endloop
  endfacet
  facet normal 0.8492021815265685 0.5280678506503849 0
    outer loop
      vertex 26.23205080756888 21 -3.25
      vertex 26.16293922460509 21.111140466039203 0
      vertex 26.23205080756888 21 0
    endloop
  endfacet
  facet normal 0.6835923020228611 0.7298640726978451 0
    outer loop
      vertex 25.914213562373096 21.414213562373096 -3.25
      vertex 25.81869163020014 21.503679614957953 0
      vertex 25.914213562373096 21.414213562373096 0
    endloop
  endfacet
  facet normal 0.7730104533627302 0.6343932841636537 0
    outer loop
      vertex 26.08670668058247 21.217522858017443 -3.25
      vertex 26.003679614957953 21.31869163020014 0
      vertex 26.08670668058247 21.217522858017443 0
    endloop
  endfacet
  facet normal 0.8128466845916245 0.5824776968677894 0
    outer loop
      vertex 26.16293922460509 21.111140466039203 -3.25
      vertex 26.08670668058247 21.217522858017443 0
      vertex 26.16293922460509 21.111140466039203 0
    endloop
  endfacet
  facet normal 0.7298640726978451 0.6835923020228611 0
    outer loop
      vertex 26.003679614957953 21.31869163020014 -3.25
      vertex 25.914213562373096 21.414213562373096 0
      vertex 26.003679614957953 21.31869163020014 0
    endloop
  endfacet
  facet normal 0.910863824921178 0.41270702980439006 0
    outer loop
      vertex 26.347759065022572 20.76536686473018 -3.25
      vertex 26.293745483065376 20.884577380438003 0
      vertex 26.347759065022572 20.76536686473018 0
    endloop
  endfacet
  facet normal 0.8819212643483612 0.471396736825986 0
    outer loop
      vertex 26.293745483065376 20.884577380438003 -3.25
      vertex 26.23205080756888 21 0
      vertex 26.293745483065376 20.884577380438003 0
    endloop
  endfacet
  facet normal 0.2270762630343827 0.9738769792773314 0
    outer loop
      vertex 25.01763809020504 21.931851652578136 -3.25
      vertex 24.890180644032256 21.96157056080646 0
      vertex 25.01763809020504 21.931851652578136 0
    endloop
  endfacet
  facet normal 0.2902846772544449 0.9569403357322143 0
    outer loop
      vertex 25.142878930606322 21.893860258990212 -3.25
      vertex 25.01763809020504 21.931851652578136 0
      vertex 25.142878930606322 21.893860258990212 0
    endloop
  endfacet
  facet normal 0.352250047921249 0.9359059267573199 0
    outer loop
      vertex 25.26536686473018 21.847759065022572 -3.25
      vertex 25.142878930606322 21.893860258990212 0
      vertex 25.26536686473018 21.847759065022572 0
    endloop
  endfacet
  facet normal 0.16289547339459642 0.9866433320848778 0
    outer loop
      vertex 24.890180644032256 21.96157056080646 -3.25
      vertex 24.761052384440102 21.982889722747622 0
      vertex 24.890180644032256 21.96157056080646 0
    endloop
  endfacet
  facet normal 0.41270702980439006 0.910863824921178 0
    outer loop
      vertex 25.384577380438003 21.793745483065376 -3.25
      vertex 25.26536686473018 21.847759065022572 0
      vertex 25.384577380438003 21.793745483065376 0
    endloop
  endfacet
  facet normal 0.471396736825986 0.8819212643483612 0
    outer loop
      vertex 25.5 21.73205080756888 -3.25
      vertex 25.384577380438003 21.793745483065376 0
      vertex 25.5 21.73205080756888 0
    endloop
  endfacet
  facet normal 0.5280678506503849 0.8492021815265685 0
    outer loop
      vertex 25.611140466039203 21.66293922460509 -3.25
      vertex 25.5 21.73205080756888 0
      vertex 25.611140466039203 21.66293922460509 0
    endloop
  endfacet
  facet normal 0.5824776968677894 0.8128466845916245 0
    outer loop
      vertex 25.717522858017443 21.58670668058247 -3.25
      vertex 25.611140466039203 21.66293922460509 0
      vertex 25.717522858017443 21.58670668058247 0
    endloop
  endfacet
  facet normal 0.6343932841636537 0.7730104533627302 0
    outer loop
      vertex 25.81869163020014 21.503679614957953 -3.25
      vertex 25.717522858017443 21.58670668058247 0
      vertex 25.81869163020014 21.503679614957953 0
    endloop
  endfacet
endsolid OpenSCAD_Model
